-- The C compiler identification is GNU 13.3.0
-- The CXX compiler identification is GNU 13.3.0
-- Detecting C compiler ABI info
-- Detecting C compiler ABI info - done
-- Check for working C compiler: /usr/bin/cc - skipped
-- Detecting C compile features
-- Detecting C compile features - done
-- Detecting CXX compiler ABI info
-- Detecting CXX compiler ABI info - done
-- Check for working CXX compiler: /usr/bin/c++ - skipped
-- Detecting CXX compile features
-- Detecting CXX compile features - done
-- Found ament_cmake: 2.5.4 (/opt/ros/jazzy/share/ament_cmake/cmake)
-- Found Python3: /usr/bin/python3 (found version "3.12.3") found components: Interpreter 
-- Found controller_interface: 4.35.0 (/opt/ros/jazzy/share/controller_interface/cmake)
-- Found rosidl_generator_c: 4.6.6 (/opt/ros/jazzy/share/rosidl_generator_c/cmake)
-- Found rosidl_generator_cpp: 4.6.6 (/opt/ros/jazzy/share/rosidl_generator_cpp/cmake)
-- Using all available rosidl_typesupport_c: rosidl_typesupport_fastrtps_c;rosidl_typesupport_introspection_c
-- Using all available rosidl_typesupport_cpp: rosidl_typesupport_fastrtps_cpp;rosidl_typesupport_introspection_cpp
-- Found TinyXML2 via Config file: /usr/lib/x86_64-linux-gnu/cmake/tinyxml2
-- Found rmw_implementation_cmake: 7.3.2 (/opt/ros/jazzy/share/rmw_implementation_cmake/cmake)
-- Found rmw_fastrtps_cpp: 8.4.3 (/opt/ros/jazzy/share/rmw_fastrtps_cpp/cmake)
-- Found TinyXML2 via Config file: /usr/lib/x86_64-linux-gnu/cmake/tinyxml2
-- Found OpenSSL: /usr/lib/x86_64-linux-gnu/libcrypto.so (found version "3.0.13")  
-- Found TinyXML2 via Config file: /usr/lib/x86_64-linux-gnu/cmake/tinyxml2
-- Found FastRTPS: /opt/ros/jazzy/include (Required is at least version "2.13") 
-- Found TinyXML2 via Config file: /usr/lib/x86_64-linux-gnu/cmake/tinyxml2
-- Found TinyXML2 via Config file: /usr/lib/x86_64-linux-gnu/cmake/tinyxml2
-- Using RMW implementation 'rmw_fastrtps_cpp' as default
-- pinocchio_default FOUND. pinocchio_default at /opt/ros/jazzy/lib/x86_64-linux-gnu/libpinocchio_default.so
-- pinocchio_parsers FOUND. pinocchio_parsers at /opt/ros/jazzy/lib/x86_64-linux-gnu/libpinocchio_parsers.so
-- boost_filesystem FOUND. boost_filesystem at /lib/x86_64-linux-gnu/libboost_filesystem.so
-- boost_serialization FOUND. boost_serialization at /lib/x86_64-linux-gnu/libboost_serialization.so
-- boost_system FOUND. boost_system at /lib/x86_64-linux-gnu/libboost_system.so
-- Found Boost: /usr/include (found version "1.83.0") found components: filesystem serialization system 
-- eigenpy FOUND. eigenpy at /opt/ros/jazzy/lib/x86_64-linux-gnu/libeigenpy.so
-- Checking for NumPy
--   NUMPY_INCLUDE_DIRS=/usr/lib/python3/dist-packages/numpy/core/include
--   NUMPY_VERSION=1.26.4
-- Found Python3: /usr/bin/python3 (found version "3.12.3") found components: Interpreter Development.Module NumPy 
-- PythonLibraryDirs: 
-- PythonLibVersionString: 3.12.3
-- Python site lib: lib/python3.12/site-packages
-- Python include dirs: /usr/include/python3.12
-- Checking for NumPy
--   NUMPY_INCLUDE_DIRS=/usr/lib/python3/dist-packages/numpy/core/include
--   NUMPY_VERSION=1.26.4
-- NumPy include dir: /usr/lib/python3/dist-packages/numpy/core/include
-- Found Boost: /usr/include (found version "1.83.0") found components: python312 
-- Default C++ standard: 201703
-- Minimal C++ standard upgraded to 11
-- C++ standard sufficient: Minimal required 11, currently defined: 17
-- hpp-fcl FOUND. hpp-fcl at /opt/ros/jazzy/lib/x86_64-linux-gnu/libhpp-fcl.so
-- Found Boost: /usr/include (found version "1.83.0") found components: chrono serialization filesystem 
-- Minimal C++ standard upgraded to 14
-- C++ standard sufficient: Minimal required 14, currently defined: 17
-- C++ standard sufficient: Minimal required 14, currently defined: 17
-- Found unitree_go: 0.0.1 (/home/samsung/go2_ws/src/go2_simulation/install/unitree_go/share/unitree_go/cmake)
-- Current system architecture: x86_64
-- Setting build type to 'Release' as none was specified.
-- Current system architecture: x86_64
-- Found Threads: TRUE  
-- Importing: /home/samsung/go2_ws/src/go2_simulation/go2_jointcontroller/unitree_sdk2/thirdparty/lib/x86_64/libddsc.so
-- Importing: /home/samsung/go2_ws/src/go2_simulation/go2_jointcontroller/unitree_sdk2/thirdparty/lib/x86_64/libddscxx.so
-- Unitree SDK library found at: /home/samsung/go2_ws/src/go2_simulation/go2_jointcontroller/unitree_sdk2/lib/x86_64/libunitree_sdk2.a
-- Importing: /home/samsung/go2_ws/src/go2_simulation/go2_jointcontroller/unitree_sdk2/lib/x86_64/libunitree_sdk2.a
-- Found ament_lint_auto: 0.17.3 (/opt/ros/jazzy/share/ament_lint_auto/cmake)
-- Added test 'cppcheck' to perform static code analysis on C / C++ code
-- Configured cppcheck include dirs: /home/samsung/go2_ws/src/go2_simulation/go2_jointcontroller/include
-- Configured cppcheck exclude dirs and/or files: 
-- Added test 'lint_cmake' to check CMake code style
-- Added test 'uncrustify' to check C / C++ code style
-- Configured uncrustify additional arguments: 
-- Added test 'xmllint' to check XML markup files
-- Configuring done (12.7s)
-- Generating done (0.1s)
-- Build files have been written to: /home/samsung/go2_ws/src/go2_simulation/build/go2_jointcontroller
[ 50%] [32mBuilding CXX object CMakeFiles/go2_jointcontroller.dir/src/go2_jointcontroller.cpp.o[0m
[100%] [32m[1mLinking CXX shared library libgo2_jointcontroller.so[0m
[100%] Built target go2_jointcontroller
-- Install configuration: "Release"
-- Installing: /home/samsung/go2_ws/src/go2_simulation/install/go2_jointcontroller/share/go2_jointcontroller/go2_jointcontroller.xml
-- Installing: /home/samsung/go2_ws/src/go2_simulation/install/go2_jointcontroller/lib/libgo2_jointcontroller.so
-- Set non-toolchain portion of runtime path of "/home/samsung/go2_ws/src/go2_simulation/install/go2_jointcontroller/lib/libgo2_jointcontroller.so" to ""
-- Installing: /home/samsung/go2_ws/src/go2_simulation/install/go2_jointcontroller/include/go2_jointcontroller/include
-- Installing: /home/samsung/go2_ws/src/go2_simulation/install/go2_jointcontroller/include/go2_jointcontroller/include/go2_jointcontroller
-- Installing: /home/samsung/go2_ws/src/go2_simulation/install/go2_jointcontroller/include/go2_jointcontroller/include/go2_jointcontroller/go2_jointcontroller.hpp
-- Installing: /home/samsung/go2_ws/src/go2_simulation/install/go2_jointcontroller/share/go2_jointcontroller/environment/library_path.sh
-- Installing: /home/samsung/go2_ws/src/go2_simulation/install/go2_jointcontroller/share/go2_jointcontroller/environment/library_path.dsv
-- Installing: /home/samsung/go2_ws/src/go2_simulation/install/go2_jointcontroller/share/ament_index/resource_index/package_run_dependencies/go2_jointcontroller
-- Installing: /home/samsung/go2_ws/src/go2_simulation/install/go2_jointcontroller/share/ament_index/resource_index/parent_prefix_path/go2_jointcontroller
-- Installing: /home/samsung/go2_ws/src/go2_simulation/install/go2_jointcontroller/share/go2_jointcontroller/environment/ament_prefix_path.sh
-- Installing: /home/samsung/go2_ws/src/go2_simulation/install/go2_jointcontroller/share/go2_jointcontroller/environment/ament_prefix_path.dsv
-- Installing: /home/samsung/go2_ws/src/go2_simulation/install/go2_jointcontroller/share/go2_jointcontroller/environment/path.sh
-- Installing: /home/samsung/go2_ws/src/go2_simulation/install/go2_jointcontroller/share/go2_jointcontroller/environment/path.dsv
-- Installing: /home/samsung/go2_ws/src/go2_simulation/install/go2_jointcontroller/share/go2_jointcontroller/local_setup.bash
-- Installing: /home/samsung/go2_ws/src/go2_simulation/install/go2_jointcontroller/share/go2_jointcontroller/local_setup.sh
-- Installing: /home/samsung/go2_ws/src/go2_simulation/install/go2_jointcontroller/share/go2_jointcontroller/local_setup.zsh
-- Installing: /home/samsung/go2_ws/src/go2_simulation/install/go2_jointcontroller/share/go2_jointcontroller/local_setup.dsv
-- Installing: /home/samsung/go2_ws/src/go2_simulation/install/go2_jointcontroller/share/go2_jointcontroller/package.dsv
-- Installing: /home/samsung/go2_ws/src/go2_simulation/install/go2_jointcontroller/share/ament_index/resource_index/packages/go2_jointcontroller
-- Installing: /home/samsung/go2_ws/src/go2_simulation/install/go2_jointcontroller/share/ament_index/resource_index/controller_interface__pluginlib__plugin/go2_jointcontroller
-- Installing: /home/samsung/go2_ws/src/go2_simulation/install/go2_jointcontroller/share/go2_jointcontroller/cmake/ament_cmake_export_include_directories-extras.cmake
-- Installing: /home/samsung/go2_ws/src/go2_simulation/install/go2_jointcontroller/share/go2_jointcontroller/cmake/ament_cmake_export_libraries-extras.cmake
-- Installing: /home/samsung/go2_ws/src/go2_simulation/install/go2_jointcontroller/share/go2_jointcontroller/cmake/ament_cmake_export_dependencies-extras.cmake
-- Installing: /home/samsung/go2_ws/src/go2_simulation/install/go2_jointcontroller/share/go2_jointcontroller/cmake/go2_jointcontrollerConfig.cmake
-- Installing: /home/samsung/go2_ws/src/go2_simulation/install/go2_jointcontroller/share/go2_jointcontroller/cmake/go2_jointcontrollerConfig-version.cmake
-- Installing: /home/samsung/go2_ws/src/go2_simulation/install/go2_jointcontroller/share/go2_jointcontroller/package.xml
-- Up-to-date: /home/samsung/go2_ws/src/go2_simulation/install/go2_jointcontroller/include
-- Installing: /home/samsung/go2_ws/src/go2_simulation/install/go2_jointcontroller/include/unitree
-- Installing: /home/samsung/go2_ws/src/go2_simulation/install/go2_jointcontroller/include/unitree/idl
-- Installing: /home/samsung/go2_ws/src/go2_simulation/install/go2_jointcontroller/include/unitree/idl/ros2
-- Installing: /home/samsung/go2_ws/src/go2_simulation/install/go2_jointcontroller/include/unitree/idl/ros2/Twist_.hpp
-- Installing: /home/samsung/go2_ws/src/go2_simulation/install/go2_jointcontroller/include/unitree/idl/ros2/TwistWithCovariance_.hpp
-- Installing: /home/samsung/go2_ws/src/go2_simulation/install/go2_jointcontroller/include/unitree/idl/ros2/TwistWithCovarianceStamped_.hpp
-- Installing: /home/samsung/go2_ws/src/go2_simulation/install/go2_jointcontroller/include/unitree/idl/ros2/Point32_.hpp
-- Installing: /home/samsung/go2_ws/src/go2_simulation/install/go2_jointcontroller/include/unitree/idl/ros2/Pose2D_.hpp
-- Installing: /home/samsung/go2_ws/src/go2_simulation/install/go2_jointcontroller/include/unitree/idl/ros2/Pose_.hpp
-- Installing: /home/samsung/go2_ws/src/go2_simulation/install/go2_jointcontroller/include/unitree/idl/ros2/Time_.hpp
-- Installing: /home/samsung/go2_ws/src/go2_simulation/install/go2_jointcontroller/include/unitree/idl/ros2/Header_.hpp
-- Installing: /home/samsung/go2_ws/src/go2_simulation/install/go2_jointcontroller/include/unitree/idl/ros2/PointField_.hpp
-- Installing: /home/samsung/go2_ws/src/go2_simulation/install/go2_jointcontroller/include/unitree/idl/ros2/PoseWithCovariance_.hpp
-- Installing: /home/samsung/go2_ws/src/go2_simulation/install/go2_jointcontroller/include/unitree/idl/ros2/OccupancyGrid_.hpp
-- Installing: /home/samsung/go2_ws/src/go2_simulation/install/go2_jointcontroller/include/unitree/idl/ros2/String_.hpp
-- Installing: /home/samsung/go2_ws/src/go2_simulation/install/go2_jointcontroller/include/unitree/idl/ros2/QuaternionStamped_.hpp
-- Installing: /home/samsung/go2_ws/src/go2_simulation/install/go2_jointcontroller/include/unitree/idl/ros2/PoseStamped_.hpp
-- Installing: /home/samsung/go2_ws/src/go2_simulation/install/go2_jointcontroller/include/unitree/idl/ros2/PointCloud2_.hpp
-- Installing: /home/samsung/go2_ws/src/go2_simulation/install/go2_jointcontroller/include/unitree/idl/ros2/PointStamped_.hpp
-- Installing: /home/samsung/go2_ws/src/go2_simulation/install/go2_jointcontroller/include/unitree/idl/ros2/TwistStamped_.hpp
-- Installing: /home/samsung/go2_ws/src/go2_simulation/install/go2_jointcontroller/include/unitree/idl/ros2/Vector3_.hpp
-- Installing: /home/samsung/go2_ws/src/go2_simulation/install/go2_jointcontroller/include/unitree/idl/ros2/MapMetaData_.hpp
-- Installing: /home/samsung/go2_ws/src/go2_simulation/install/go2_jointcontroller/include/unitree/idl/ros2/Odometry_.hpp
-- Installing: /home/samsung/go2_ws/src/go2_simulation/install/go2_jointcontroller/include/unitree/idl/ros2/PoseWithCovarianceStamped_.hpp
-- Installing: /home/samsung/go2_ws/src/go2_simulation/install/go2_jointcontroller/include/unitree/idl/ros2/Point_.hpp
-- Installing: /home/samsung/go2_ws/src/go2_simulation/install/go2_jointcontroller/include/unitree/idl/ros2/Imu_.hpp
-- Installing: /home/samsung/go2_ws/src/go2_simulation/install/go2_jointcontroller/include/unitree/idl/ros2/Quaternion_.hpp
-- Installing: /home/samsung/go2_ws/src/go2_simulation/install/go2_jointcontroller/include/unitree/idl/hg
-- Installing: /home/samsung/go2_ws/src/go2_simulation/install/go2_jointcontroller/include/unitree/idl/hg/LowCmd_.hpp
-- Installing: /home/samsung/go2_ws/src/go2_simulation/install/go2_jointcontroller/include/unitree/idl/hg/MotorState_.hpp
-- Installing: /home/samsung/go2_ws/src/go2_simulation/install/go2_jointcontroller/include/unitree/idl/hg/LowState_.hpp
-- Installing: /home/samsung/go2_ws/src/go2_simulation/install/go2_jointcontroller/include/unitree/idl/hg/BmsState_.hpp
-- Installing: /home/samsung/go2_ws/src/go2_simulation/install/go2_jointcontroller/include/unitree/idl/hg/MainBoardState_.hpp
-- Installing: /home/samsung/go2_ws/src/go2_simulation/install/go2_jointcontroller/include/unitree/idl/hg/HandCmd_.hpp
-- Installing: /home/samsung/go2_ws/src/go2_simulation/install/go2_jointcontroller/include/unitree/idl/hg/HandState_.hpp
-- Installing: /home/samsung/go2_ws/src/go2_simulation/install/go2_jointcontroller/include/unitree/idl/hg/IMUState_.hpp
-- Installing: /home/samsung/go2_ws/src/go2_simulation/install/go2_jointcontroller/include/unitree/idl/hg/MotorCmd_.hpp
-- Installing: /home/samsung/go2_ws/src/go2_simulation/install/go2_jointcontroller/include/unitree/idl/hg/PressSensorState_.hpp
-- Installing: /home/samsung/go2_ws/src/go2_simulation/install/go2_jointcontroller/include/unitree/idl/hg/BmsCmd_.hpp
-- Installing: /home/samsung/go2_ws/src/go2_simulation/install/go2_jointcontroller/include/unitree/idl/hg_doubleimu
-- Installing: /home/samsung/go2_ws/src/go2_simulation/install/go2_jointcontroller/include/unitree/idl/hg_doubleimu/doubleIMUState_.hpp
-- Installing: /home/samsung/go2_ws/src/go2_simulation/install/go2_jointcontroller/include/unitree/idl/go2
-- Installing: /home/samsung/go2_ws/src/go2_simulation/install/go2_jointcontroller/include/unitree/idl/go2/InterfaceConfig_.hpp
-- Installing: /home/samsung/go2_ws/src/go2_simulation/install/go2_jointcontroller/include/unitree/idl/go2/PathPoint_.hpp
-- Installing: /home/samsung/go2_ws/src/go2_simulation/install/go2_jointcontroller/include/unitree/idl/go2/MotorCmds_.hpp
-- Installing: /home/samsung/go2_ws/src/go2_simulation/install/go2_jointcontroller/include/unitree/idl/go2/SportModeCmd_.hpp
-- Installing: /home/samsung/go2_ws/src/go2_simulation/install/go2_jointcontroller/include/unitree/idl/go2/Req_.hpp
-- Installing: /home/samsung/go2_ws/src/go2_simulation/install/go2_jointcontroller/include/unitree/idl/go2/HeightMap_.hpp
-- Installing: /home/samsung/go2_ws/src/go2_simulation/install/go2_jointcontroller/include/unitree/idl/go2/LowCmd_.hpp
-- Installing: /home/samsung/go2_ws/src/go2_simulation/install/go2_jointcontroller/include/unitree/idl/go2/MotorState_.hpp
-- Installing: /home/samsung/go2_ws/src/go2_simulation/install/go2_jointcontroller/include/unitree/idl/go2/LowState_.hpp
-- Installing: /home/samsung/go2_ws/src/go2_simulation/install/go2_jointcontroller/include/unitree/idl/go2/ConfigChangeStatus_.hpp
-- Installing: /home/samsung/go2_ws/src/go2_simulation/install/go2_jointcontroller/include/unitree/idl/go2/BmsState_.hpp
-- Installing: /home/samsung/go2_ws/src/go2_simulation/install/go2_jointcontroller/include/unitree/idl/go2/Res_.hpp
-- Installing: /home/samsung/go2_ws/src/go2_simulation/install/go2_jointcontroller/include/unitree/idl/go2/MotorStates_.hpp
-- Installing: /home/samsung/go2_ws/src/go2_simulation/install/go2_jointcontroller/include/unitree/idl/go2/UwbState_.hpp
-- Installing: /home/samsung/go2_ws/src/go2_simulation/install/go2_jointcontroller/include/unitree/idl/go2/IMUState_.hpp
-- Installing: /home/samsung/go2_ws/src/go2_simulation/install/go2_jointcontroller/include/unitree/idl/go2/MotorCmd_.hpp
-- Installing: /home/samsung/go2_ws/src/go2_simulation/install/go2_jointcontroller/include/unitree/idl/go2/LidarState_.hpp
-- Installing: /home/samsung/go2_ws/src/go2_simulation/install/go2_jointcontroller/include/unitree/idl/go2/WirelessController_.hpp
-- Installing: /home/samsung/go2_ws/src/go2_simulation/install/go2_jointcontroller/include/unitree/idl/go2/TimeSpec_.hpp
-- Installing: /home/samsung/go2_ws/src/go2_simulation/install/go2_jointcontroller/include/unitree/idl/go2/AudioData_.hpp
-- Installing: /home/samsung/go2_ws/src/go2_simulation/install/go2_jointcontroller/include/unitree/idl/go2/Error_.hpp
-- Installing: /home/samsung/go2_ws/src/go2_simulation/install/go2_jointcontroller/include/unitree/idl/go2/VoxelMapCompressed_.hpp
-- Installing: /home/samsung/go2_ws/src/go2_simulation/install/go2_jointcontroller/include/unitree/idl/go2/SportModeState_.hpp
-- Installing: /home/samsung/go2_ws/src/go2_simulation/install/go2_jointcontroller/include/unitree/idl/go2/UwbSwitch_.hpp
-- Installing: /home/samsung/go2_ws/src/go2_simulation/install/go2_jointcontroller/include/unitree/idl/go2/BmsCmd_.hpp
-- Installing: /home/samsung/go2_ws/src/go2_simulation/install/go2_jointcontroller/include/unitree/idl/go2/Go2FrontVideoData_.hpp
-- Installing: /home/samsung/go2_ws/src/go2_simulation/install/go2_jointcontroller/include/unitree/common
-- Installing: /home/samsung/go2_ws/src/go2_simulation/install/go2_jointcontroller/include/unitree/common/block_queue.hpp
-- Installing: /home/samsung/go2_ws/src/go2_simulation/install/go2_jointcontroller/include/unitree/common/log
-- Installing: /home/samsung/go2_ws/src/go2_simulation/install/go2_jointcontroller/include/unitree/common/log/log_store.hpp
-- Installing: /home/samsung/go2_ws/src/go2_simulation/install/go2_jointcontroller/include/unitree/common/log/log_decl.hpp
-- Installing: /home/samsung/go2_ws/src/go2_simulation/install/go2_jointcontroller/include/unitree/common/log/log_buffer.hpp
-- Installing: /home/samsung/go2_ws/src/go2_simulation/install/go2_jointcontroller/include/unitree/common/log/log_logger.hpp
-- Installing: /home/samsung/go2_ws/src/go2_simulation/install/go2_jointcontroller/include/unitree/common/log/log.hpp
-- Installing: /home/samsung/go2_ws/src/go2_simulation/install/go2_jointcontroller/include/unitree/common/log/log_policy.hpp
-- Installing: /home/samsung/go2_ws/src/go2_simulation/install/go2_jointcontroller/include/unitree/common/log/log_initor.hpp
-- Installing: /home/samsung/go2_ws/src/go2_simulation/install/go2_jointcontroller/include/unitree/common/log/log_keeper.hpp
-- Installing: /home/samsung/go2_ws/src/go2_simulation/install/go2_jointcontroller/include/unitree/common/log/log_writer.hpp
-- Installing: /home/samsung/go2_ws/src/go2_simulation/install/go2_jointcontroller/include/unitree/common/any.hpp
-- Installing: /home/samsung/go2_ws/src/go2_simulation/install/go2_jointcontroller/include/unitree/common/time
-- Installing: /home/samsung/go2_ws/src/go2_simulation/install/go2_jointcontroller/include/unitree/common/time/sleep.hpp
-- Installing: /home/samsung/go2_ws/src/go2_simulation/install/go2_jointcontroller/include/unitree/common/time/time_tool.hpp
-- Installing: /home/samsung/go2_ws/src/go2_simulation/install/go2_jointcontroller/include/unitree/common/dds
-- Installing: /home/samsung/go2_ws/src/go2_simulation/install/go2_jointcontroller/include/unitree/common/dds/dds_traits.hpp
-- Installing: /home/samsung/go2_ws/src/go2_simulation/install/go2_jointcontroller/include/unitree/common/dds/dds_native.hpp
-- Installing: /home/samsung/go2_ws/src/go2_simulation/install/go2_jointcontroller/include/unitree/common/dds/dds_entity.hpp
-- Installing: /home/samsung/go2_ws/src/go2_simulation/install/go2_jointcontroller/include/unitree/common/dds/dds_qos_policy_parameter.hpp
-- Installing: /home/samsung/go2_ws/src/go2_simulation/install/go2_jointcontroller/include/unitree/common/dds/dds_parameter.hpp
-- Installing: /home/samsung/go2_ws/src/go2_simulation/install/go2_jointcontroller/include/unitree/common/dds/dds_error.hpp
-- Installing: /home/samsung/go2_ws/src/go2_simulation/install/go2_jointcontroller/include/unitree/common/dds/dds_qos.hpp
-- Installing: /home/samsung/go2_ws/src/go2_simulation/install/go2_jointcontroller/include/unitree/common/dds/dds_qos_realize.hpp
-- Installing: /home/samsung/go2_ws/src/go2_simulation/install/go2_jointcontroller/include/unitree/common/dds/dds_exception.hpp
-- Installing: /home/samsung/go2_ws/src/go2_simulation/install/go2_jointcontroller/include/unitree/common/dds/dds_qos_policy.hpp
-- Installing: /home/samsung/go2_ws/src/go2_simulation/install/go2_jointcontroller/include/unitree/common/dds/dds_topic_channel.hpp
-- Installing: /home/samsung/go2_ws/src/go2_simulation/install/go2_jointcontroller/include/unitree/common/dds/dds_easy_model.hpp
-- Installing: /home/samsung/go2_ws/src/go2_simulation/install/go2_jointcontroller/include/unitree/common/dds/dds_callback.hpp
-- Installing: /home/samsung/go2_ws/src/go2_simulation/install/go2_jointcontroller/include/unitree/common/dds/dds_qos_parameter.hpp
-- Installing: /home/samsung/go2_ws/src/go2_simulation/install/go2_jointcontroller/include/unitree/common/dds/dds_factory_model.hpp
-- Installing: /home/samsung/go2_ws/src/go2_simulation/install/go2_jointcontroller/include/unitree/common/string_tool.hpp
-- Installing: /home/samsung/go2_ws/src/go2_simulation/install/go2_jointcontroller/include/unitree/common/error.hpp
-- Installing: /home/samsung/go2_ws/src/go2_simulation/install/go2_jointcontroller/include/unitree/common/json
-- Installing: /home/samsung/go2_ws/src/go2_simulation/install/go2_jointcontroller/include/unitree/common/json/json_config.hpp
-- Installing: /home/samsung/go2_ws/src/go2_simulation/install/go2_jointcontroller/include/unitree/common/json/json.hpp
-- Installing: /home/samsung/go2_ws/src/go2_simulation/install/go2_jointcontroller/include/unitree/common/json/jsonize.hpp
-- Installing: /home/samsung/go2_ws/src/go2_simulation/install/go2_jointcontroller/include/unitree/common/decl.hpp
-- Installing: /home/samsung/go2_ws/src/go2_simulation/install/go2_jointcontroller/include/unitree/common/exception.hpp
-- Installing: /home/samsung/go2_ws/src/go2_simulation/install/go2_jointcontroller/include/unitree/common/thread
-- Installing: /home/samsung/go2_ws/src/go2_simulation/install/go2_jointcontroller/include/unitree/common/thread/thread.hpp
-- Installing: /home/samsung/go2_ws/src/go2_simulation/install/go2_jointcontroller/include/unitree/common/thread/thread_task.hpp
-- Installing: /home/samsung/go2_ws/src/go2_simulation/install/go2_jointcontroller/include/unitree/common/thread/recurrent_thread.hpp
-- Installing: /home/samsung/go2_ws/src/go2_simulation/install/go2_jointcontroller/include/unitree/common/thread/thread_decl.hpp
-- Installing: /home/samsung/go2_ws/src/go2_simulation/install/go2_jointcontroller/include/unitree/common/thread/thread_pool.hpp
-- Installing: /home/samsung/go2_ws/src/go2_simulation/install/go2_jointcontroller/include/unitree/common/thread/future.hpp
-- Installing: /home/samsung/go2_ws/src/go2_simulation/install/go2_jointcontroller/include/unitree/common/filesystem
-- Installing: /home/samsung/go2_ws/src/go2_simulation/install/go2_jointcontroller/include/unitree/common/filesystem/directory.hpp
-- Installing: /home/samsung/go2_ws/src/go2_simulation/install/go2_jointcontroller/include/unitree/common/filesystem/file.hpp
-- Installing: /home/samsung/go2_ws/src/go2_simulation/install/go2_jointcontroller/include/unitree/common/filesystem/filesystem.hpp
-- Installing: /home/samsung/go2_ws/src/go2_simulation/install/go2_jointcontroller/include/unitree/common/assert.hpp
-- Installing: /home/samsung/go2_ws/src/go2_simulation/install/go2_jointcontroller/include/unitree/common/lock
-- Installing: /home/samsung/go2_ws/src/go2_simulation/install/go2_jointcontroller/include/unitree/common/lock/lock.hpp
-- Installing: /home/samsung/go2_ws/src/go2_simulation/install/go2_jointcontroller/include/unitree/common/service
-- Installing: /home/samsung/go2_ws/src/go2_simulation/install/go2_jointcontroller/include/unitree/common/service/dds_service.hpp
-- Installing: /home/samsung/go2_ws/src/go2_simulation/install/go2_jointcontroller/include/unitree/common/service/base
-- Installing: /home/samsung/go2_ws/src/go2_simulation/install/go2_jointcontroller/include/unitree/common/service/base/service_config.hpp
-- Installing: /home/samsung/go2_ws/src/go2_simulation/install/go2_jointcontroller/include/unitree/common/service/base/service_application.hpp
-- Installing: /home/samsung/go2_ws/src/go2_simulation/install/go2_jointcontroller/include/unitree/common/service/base/service_decl.hpp
-- Installing: /home/samsung/go2_ws/src/go2_simulation/install/go2_jointcontroller/include/unitree/common/service/base/service_base.hpp
-- Installing: /home/samsung/go2_ws/src/go2_simulation/install/go2_jointcontroller/include/unitree/common/os.hpp
-- Installing: /home/samsung/go2_ws/src/go2_simulation/install/go2_jointcontroller/include/unitree/robot
-- Installing: /home/samsung/go2_ws/src/go2_simulation/install/go2_jointcontroller/include/unitree/robot/b2
-- Installing: /home/samsung/go2_ws/src/go2_simulation/install/go2_jointcontroller/include/unitree/robot/b2/motion_switcher
-- Installing: /home/samsung/go2_ws/src/go2_simulation/install/go2_jointcontroller/include/unitree/robot/b2/motion_switcher/motion_switcher_client.hpp
-- Installing: /home/samsung/go2_ws/src/go2_simulation/install/go2_jointcontroller/include/unitree/robot/b2/motion_switcher/motion_switcher_api.hpp
-- Installing: /home/samsung/go2_ws/src/go2_simulation/install/go2_jointcontroller/include/unitree/robot/b2/motion_switcher/motion_switcher_error.hpp
-- Installing: /home/samsung/go2_ws/src/go2_simulation/install/go2_jointcontroller/include/unitree/robot/b2/front_video
-- Installing: /home/samsung/go2_ws/src/go2_simulation/install/go2_jointcontroller/include/unitree/robot/b2/front_video/front_video_error.hpp
-- Installing: /home/samsung/go2_ws/src/go2_simulation/install/go2_jointcontroller/include/unitree/robot/b2/front_video/front_video_api.hpp
-- Installing: /home/samsung/go2_ws/src/go2_simulation/install/go2_jointcontroller/include/unitree/robot/b2/front_video/front_video_client.hpp
-- Installing: /home/samsung/go2_ws/src/go2_simulation/install/go2_jointcontroller/include/unitree/robot/b2/sport
-- Installing: /home/samsung/go2_ws/src/go2_simulation/install/go2_jointcontroller/include/unitree/robot/b2/sport/sport_api.hpp
-- Installing: /home/samsung/go2_ws/src/go2_simulation/install/go2_jointcontroller/include/unitree/robot/b2/sport/sport_error.hpp
-- Installing: /home/samsung/go2_ws/src/go2_simulation/install/go2_jointcontroller/include/unitree/robot/b2/sport/sport_client.hpp
-- Installing: /home/samsung/go2_ws/src/go2_simulation/install/go2_jointcontroller/include/unitree/robot/b2/config
-- Installing: /home/samsung/go2_ws/src/go2_simulation/install/go2_jointcontroller/include/unitree/robot/b2/config/config_client.hpp
-- Installing: /home/samsung/go2_ws/src/go2_simulation/install/go2_jointcontroller/include/unitree/robot/b2/config/config_error.hpp
-- Installing: /home/samsung/go2_ws/src/go2_simulation/install/go2_jointcontroller/include/unitree/robot/b2/config/config_api.hpp
-- Installing: /home/samsung/go2_ws/src/go2_simulation/install/go2_jointcontroller/include/unitree/robot/b2/back_video
-- Installing: /home/samsung/go2_ws/src/go2_simulation/install/go2_jointcontroller/include/unitree/robot/b2/back_video/back_video_client.hpp
-- Installing: /home/samsung/go2_ws/src/go2_simulation/install/go2_jointcontroller/include/unitree/robot/b2/back_video/back_video_api.hpp
-- Installing: /home/samsung/go2_ws/src/go2_simulation/install/go2_jointcontroller/include/unitree/robot/b2/back_video/back_video_error.hpp
-- Installing: /home/samsung/go2_ws/src/go2_simulation/install/go2_jointcontroller/include/unitree/robot/b2/robot_state
-- Installing: /home/samsung/go2_ws/src/go2_simulation/install/go2_jointcontroller/include/unitree/robot/b2/robot_state/robot_state_api.hpp
-- Installing: /home/samsung/go2_ws/src/go2_simulation/install/go2_jointcontroller/include/unitree/robot/b2/robot_state/robot_state_client.hpp
-- Installing: /home/samsung/go2_ws/src/go2_simulation/install/go2_jointcontroller/include/unitree/robot/b2/robot_state/robot_state_error.hpp
-- Installing: /home/samsung/go2_ws/src/go2_simulation/install/go2_jointcontroller/include/unitree/robot/client
-- Installing: /home/samsung/go2_ws/src/go2_simulation/install/go2_jointcontroller/include/unitree/robot/client/client_stub.hpp
-- Installing: /home/samsung/go2_ws/src/go2_simulation/install/go2_jointcontroller/include/unitree/robot/client/lease_client.hpp
-- Installing: /home/samsung/go2_ws/src/go2_simulation/install/go2_jointcontroller/include/unitree/robot/client/client.hpp
-- Installing: /home/samsung/go2_ws/src/go2_simulation/install/go2_jointcontroller/include/unitree/robot/client/client_base.hpp
-- Installing: /home/samsung/go2_ws/src/go2_simulation/install/go2_jointcontroller/include/unitree/robot/future
-- Installing: /home/samsung/go2_ws/src/go2_simulation/install/go2_jointcontroller/include/unitree/robot/future/request_future.hpp
-- Installing: /home/samsung/go2_ws/src/go2_simulation/install/go2_jointcontroller/include/unitree/robot/channel
-- Installing: /home/samsung/go2_ws/src/go2_simulation/install/go2_jointcontroller/include/unitree/robot/channel/channel_labor.hpp
-- Installing: /home/samsung/go2_ws/src/go2_simulation/install/go2_jointcontroller/include/unitree/robot/channel/channel_subscriber.hpp
-- Installing: /home/samsung/go2_ws/src/go2_simulation/install/go2_jointcontroller/include/unitree/robot/channel/channel_namer.hpp
-- Installing: /home/samsung/go2_ws/src/go2_simulation/install/go2_jointcontroller/include/unitree/robot/channel/channel_publisher.hpp
-- Installing: /home/samsung/go2_ws/src/go2_simulation/install/go2_jointcontroller/include/unitree/robot/channel/channel_factory.hpp
-- Installing: /home/samsung/go2_ws/src/go2_simulation/install/go2_jointcontroller/include/unitree/robot/server
-- Installing: /home/samsung/go2_ws/src/go2_simulation/install/go2_jointcontroller/include/unitree/robot/server/server.hpp
-- Installing: /home/samsung/go2_ws/src/go2_simulation/install/go2_jointcontroller/include/unitree/robot/server/server_stub.hpp
-- Installing: /home/samsung/go2_ws/src/go2_simulation/install/go2_jointcontroller/include/unitree/robot/server/server_base.hpp
-- Installing: /home/samsung/go2_ws/src/go2_simulation/install/go2_jointcontroller/include/unitree/robot/server/lease_server.hpp
-- Installing: /home/samsung/go2_ws/src/go2_simulation/install/go2_jointcontroller/include/unitree/robot/internal
-- Installing: /home/samsung/go2_ws/src/go2_simulation/install/go2_jointcontroller/include/unitree/robot/internal/internal.hpp
-- Installing: /home/samsung/go2_ws/src/go2_simulation/install/go2_jointcontroller/include/unitree/robot/internal/internal_error.hpp
-- Installing: /home/samsung/go2_ws/src/go2_simulation/install/go2_jointcontroller/include/unitree/robot/internal/internal_request_response.hpp
-- Installing: /home/samsung/go2_ws/src/go2_simulation/install/go2_jointcontroller/include/unitree/robot/internal/internal_idl_decl
-- Installing: /home/samsung/go2_ws/src/go2_simulation/install/go2_jointcontroller/include/unitree/robot/internal/internal_idl_decl/RequestLease_.hpp
-- Installing: /home/samsung/go2_ws/src/go2_simulation/install/go2_jointcontroller/include/unitree/robot/internal/internal_idl_decl/ResponseHeader_.hpp
-- Installing: /home/samsung/go2_ws/src/go2_simulation/install/go2_jointcontroller/include/unitree/robot/internal/internal_idl_decl/ResponseStatus_.hpp
-- Installing: /home/samsung/go2_ws/src/go2_simulation/install/go2_jointcontroller/include/unitree/robot/internal/internal_idl_decl/RequestIdentity_.hpp
-- Installing: /home/samsung/go2_ws/src/go2_simulation/install/go2_jointcontroller/include/unitree/robot/internal/internal_idl_decl/Request_.hpp
-- Installing: /home/samsung/go2_ws/src/go2_simulation/install/go2_jointcontroller/include/unitree/robot/internal/internal_idl_decl/Response_.hpp
-- Installing: /home/samsung/go2_ws/src/go2_simulation/install/go2_jointcontroller/include/unitree/robot/internal/internal_idl_decl/RequestPolicy_.hpp
-- Installing: /home/samsung/go2_ws/src/go2_simulation/install/go2_jointcontroller/include/unitree/robot/internal/internal_idl_decl/RequestHeader_.hpp
-- Installing: /home/samsung/go2_ws/src/go2_simulation/install/go2_jointcontroller/include/unitree/robot/internal/internal_api.hpp
-- Installing: /home/samsung/go2_ws/src/go2_simulation/install/go2_jointcontroller/include/unitree/robot/serialize
-- Installing: /home/samsung/go2_ws/src/go2_simulation/install/go2_jointcontroller/include/unitree/robot/serialize/serialize.hpp
-- Installing: /home/samsung/go2_ws/src/go2_simulation/install/go2_jointcontroller/include/unitree/robot/g1
-- Installing: /home/samsung/go2_ws/src/go2_simulation/install/go2_jointcontroller/include/unitree/robot/g1/loco
-- Installing: /home/samsung/go2_ws/src/go2_simulation/install/go2_jointcontroller/include/unitree/robot/g1/loco/g1_loco_api.hpp
-- Installing: /home/samsung/go2_ws/src/go2_simulation/install/go2_jointcontroller/include/unitree/robot/g1/loco/g1_loco_error.hpp
-- Installing: /home/samsung/go2_ws/src/go2_simulation/install/go2_jointcontroller/include/unitree/robot/g1/loco/g1_loco_client.hpp
-- Installing: /home/samsung/go2_ws/src/go2_simulation/install/go2_jointcontroller/include/unitree/robot/g1/audio
-- Installing: /home/samsung/go2_ws/src/go2_simulation/install/go2_jointcontroller/include/unitree/robot/g1/audio/g1_audio_client.hpp
-- Installing: /home/samsung/go2_ws/src/go2_simulation/install/go2_jointcontroller/include/unitree/robot/g1/audio/g1_audio_error.hpp
-- Installing: /home/samsung/go2_ws/src/go2_simulation/install/go2_jointcontroller/include/unitree/robot/g1/audio/g1_audio_api.hpp
-- Installing: /home/samsung/go2_ws/src/go2_simulation/install/go2_jointcontroller/include/unitree/robot/g1/arm
-- Installing: /home/samsung/go2_ws/src/go2_simulation/install/go2_jointcontroller/include/unitree/robot/g1/arm/g1_arm_action_error.hpp
-- Installing: /home/samsung/go2_ws/src/go2_simulation/install/go2_jointcontroller/include/unitree/robot/g1/arm/g1_arm_action_client.hpp
-- Installing: /home/samsung/go2_ws/src/go2_simulation/install/go2_jointcontroller/include/unitree/robot/g1/arm/g1_arm_action_api.hpp
-- Installing: /home/samsung/go2_ws/src/go2_simulation/install/go2_jointcontroller/include/unitree/robot/h1
-- Installing: /home/samsung/go2_ws/src/go2_simulation/install/go2_jointcontroller/include/unitree/robot/h1/loco
-- Installing: /home/samsung/go2_ws/src/go2_simulation/install/go2_jointcontroller/include/unitree/robot/h1/loco/h1_loco_error.hpp
-- Installing: /home/samsung/go2_ws/src/go2_simulation/install/go2_jointcontroller/include/unitree/robot/h1/loco/h1_loco_api.hpp
-- Installing: /home/samsung/go2_ws/src/go2_simulation/install/go2_jointcontroller/include/unitree/robot/h1/loco/h1_loco_client.hpp
-- Installing: /home/samsung/go2_ws/src/go2_simulation/install/go2_jointcontroller/include/unitree/robot/go2
-- Installing: /home/samsung/go2_ws/src/go2_simulation/install/go2_jointcontroller/include/unitree/robot/go2/obstacles_avoid
-- Installing: /home/samsung/go2_ws/src/go2_simulation/install/go2_jointcontroller/include/unitree/robot/go2/obstacles_avoid/obstacles_avoid_client.hpp
-- Installing: /home/samsung/go2_ws/src/go2_simulation/install/go2_jointcontroller/include/unitree/robot/go2/obstacles_avoid/obstacles_avoid_api.hpp
-- Installing: /home/samsung/go2_ws/src/go2_simulation/install/go2_jointcontroller/include/unitree/robot/go2/utrack
-- Installing: /home/samsung/go2_ws/src/go2_simulation/install/go2_jointcontroller/include/unitree/robot/go2/utrack/utrack_api.hpp
-- Installing: /home/samsung/go2_ws/src/go2_simulation/install/go2_jointcontroller/include/unitree/robot/go2/utrack/utrack_client.hpp
-- Installing: /home/samsung/go2_ws/src/go2_simulation/install/go2_jointcontroller/include/unitree/robot/go2/sport
-- Installing: /home/samsung/go2_ws/src/go2_simulation/install/go2_jointcontroller/include/unitree/robot/go2/sport/sport_api.hpp
-- Installing: /home/samsung/go2_ws/src/go2_simulation/install/go2_jointcontroller/include/unitree/robot/go2/sport/sport_error.hpp
-- Installing: /home/samsung/go2_ws/src/go2_simulation/install/go2_jointcontroller/include/unitree/robot/go2/sport/sport_client.hpp
-- Installing: /home/samsung/go2_ws/src/go2_simulation/install/go2_jointcontroller/include/unitree/robot/go2/public
-- Installing: /home/samsung/go2_ws/src/go2_simulation/install/go2_jointcontroller/include/unitree/robot/go2/public/jsonize_type.hpp
-- Installing: /home/samsung/go2_ws/src/go2_simulation/install/go2_jointcontroller/include/unitree/robot/go2/config
-- Installing: /home/samsung/go2_ws/src/go2_simulation/install/go2_jointcontroller/include/unitree/robot/go2/config/config_client.hpp
-- Installing: /home/samsung/go2_ws/src/go2_simulation/install/go2_jointcontroller/include/unitree/robot/go2/config/config_error.hpp
-- Installing: /home/samsung/go2_ws/src/go2_simulation/install/go2_jointcontroller/include/unitree/robot/go2/config/config_api.hpp
-- Installing: /home/samsung/go2_ws/src/go2_simulation/install/go2_jointcontroller/include/unitree/robot/go2/video
-- Installing: /home/samsung/go2_ws/src/go2_simulation/install/go2_jointcontroller/include/unitree/robot/go2/video/video_error.hpp
-- Installing: /home/samsung/go2_ws/src/go2_simulation/install/go2_jointcontroller/include/unitree/robot/go2/video/video_api.hpp
-- Installing: /home/samsung/go2_ws/src/go2_simulation/install/go2_jointcontroller/include/unitree/robot/go2/video/video_client.hpp
-- Installing: /home/samsung/go2_ws/src/go2_simulation/install/go2_jointcontroller/include/unitree/robot/go2/robot_state
-- Installing: /home/samsung/go2_ws/src/go2_simulation/install/go2_jointcontroller/include/unitree/robot/go2/robot_state/robot_state_api.hpp
-- Installing: /home/samsung/go2_ws/src/go2_simulation/install/go2_jointcontroller/include/unitree/robot/go2/robot_state/robot_state_client.hpp
-- Installing: /home/samsung/go2_ws/src/go2_simulation/install/go2_jointcontroller/include/unitree/robot/go2/robot_state/robot_state_error.hpp
-- Installing: /home/samsung/go2_ws/src/go2_simulation/install/go2_jointcontroller/include/unitree/robot/go2/vui
-- Installing: /home/samsung/go2_ws/src/go2_simulation/install/go2_jointcontroller/include/unitree/robot/go2/vui/vui_api.hpp
-- Installing: /home/samsung/go2_ws/src/go2_simulation/install/go2_jointcontroller/include/unitree/robot/go2/vui/vui_error.hpp
-- Installing: /home/samsung/go2_ws/src/go2_simulation/install/go2_jointcontroller/include/unitree/robot/go2/vui/vui_client.hpp
-- Installing: /home/samsung/go2_ws/src/go2_simulation/install/go2_jointcontroller/lib/libunitree_sdk2.a
-- Installing: /home/samsung/go2_ws/src/go2_simulation/install/go2_jointcontroller/lib/cmake/unitree_sdk2/unitree_sdk2Targets.cmake
-- Installing: /home/samsung/go2_ws/src/go2_simulation/install/go2_jointcontroller/lib/cmake/unitree_sdk2/unitree_sdk2Config.cmake
-- Installing: /home/samsung/go2_ws/src/go2_simulation/install/go2_jointcontroller/lib/cmake/unitree_sdk2/unitree_sdk2ConfigVersion.cmake
-- Installing: /home/samsung/go2_ws/src/go2_simulation/install/go2_jointcontroller/lib/libddsc.so
-- Installing: /home/samsung/go2_ws/src/go2_simulation/install/go2_jointcontroller/lib/libddsc.so.0
-- Installing: /home/samsung/go2_ws/src/go2_simulation/install/go2_jointcontroller/lib/libddscxx.so
-- Installing: /home/samsung/go2_ws/src/go2_simulation/install/go2_jointcontroller/lib/libddscxx.so.0
-- Up-to-date: /home/samsung/go2_ws/src/go2_simulation/install/go2_jointcontroller/include
-- Installing: /home/samsung/go2_ws/src/go2_simulation/install/go2_jointcontroller/include/ddsc
-- Installing: /home/samsung/go2_ws/src/go2_simulation/install/go2_jointcontroller/include/ddsc/dds.h
-- Installing: /home/samsung/go2_ws/src/go2_simulation/install/go2_jointcontroller/include/dds
-- Installing: /home/samsung/go2_ws/src/go2_simulation/install/go2_jointcontroller/include/dds/version.h
-- Installing: /home/samsung/go2_ws/src/go2_simulation/install/go2_jointcontroller/include/dds/ddsc
-- Installing: /home/samsung/go2_ws/src/go2_simulation/install/go2_jointcontroller/include/dds/ddsc/dds_public_listener.h
-- Installing: /home/samsung/go2_ws/src/go2_simulation/install/go2_jointcontroller/include/dds/ddsc/dds_loan_api.h
-- Installing: /home/samsung/go2_ws/src/go2_simulation/install/go2_jointcontroller/include/dds/ddsc/dds_public_status.h
-- Installing: /home/samsung/go2_ws/src/go2_simulation/install/go2_jointcontroller/include/dds/ddsc/dds_public_alloc.h
-- Installing: /home/samsung/go2_ws/src/go2_simulation/install/go2_jointcontroller/include/dds/ddsc/dds_public_impl.h
-- Installing: /home/samsung/go2_ws/src/go2_simulation/install/go2_jointcontroller/include/dds/ddsc/dds_public_qosdefs.h
-- Installing: /home/samsung/go2_ws/src/go2_simulation/install/go2_jointcontroller/include/dds/ddsc/dds_statistics.h
-- Installing: /home/samsung/go2_ws/src/go2_simulation/install/go2_jointcontroller/include/dds/ddsc/dds_public_error.h
-- Installing: /home/samsung/go2_ws/src/go2_simulation/install/go2_jointcontroller/include/dds/ddsc/dds_data_allocator.h
-- Installing: /home/samsung/go2_ws/src/go2_simulation/install/go2_jointcontroller/include/dds/ddsc/dds_public_qos.h
-- Installing: /home/samsung/go2_ws/src/go2_simulation/install/go2_jointcontroller/include/dds/ddsc/dds_internal_api.h
-- Installing: /home/samsung/go2_ws/src/go2_simulation/install/go2_jointcontroller/include/dds/ddsc/dds_basic_types.h
-- Installing: /home/samsung/go2_ws/src/go2_simulation/install/go2_jointcontroller/include/dds/ddsc/dds_opcodes.h
-- Installing: /home/samsung/go2_ws/src/go2_simulation/install/go2_jointcontroller/include/dds/ddsc/dds_rhc.h
-- Installing: /home/samsung/go2_ws/src/go2_simulation/install/go2_jointcontroller/include/dds/features.h
-- Installing: /home/samsung/go2_ws/src/go2_simulation/install/go2_jointcontroller/include/dds/ddsrt
-- Installing: /home/samsung/go2_ws/src/go2_simulation/install/go2_jointcontroller/include/dds/ddsrt/random.h
-- Installing: /home/samsung/go2_ws/src/go2_simulation/install/go2_jointcontroller/include/dds/ddsrt/bswap.h
-- Installing: /home/samsung/go2_ws/src/go2_simulation/install/go2_jointcontroller/include/dds/ddsrt/sync.h
-- Installing: /home/samsung/go2_ws/src/go2_simulation/install/go2_jointcontroller/include/dds/ddsrt/circlist.h
-- Installing: /home/samsung/go2_ws/src/go2_simulation/install/go2_jointcontroller/include/dds/ddsrt/netstat.h
-- Installing: /home/samsung/go2_ws/src/go2_simulation/install/go2_jointcontroller/include/dds/ddsrt/expand_vars.h
-- Installing: /home/samsung/go2_ws/src/go2_simulation/install/go2_jointcontroller/include/dds/ddsrt/environ.h
-- Installing: /home/samsung/go2_ws/src/go2_simulation/install/go2_jointcontroller/include/dds/ddsrt/threads.h
-- Installing: /home/samsung/go2_ws/src/go2_simulation/install/go2_jointcontroller/include/dds/ddsrt/md5.h
-- Installing: /home/samsung/go2_ws/src/go2_simulation/install/go2_jointcontroller/include/dds/ddsrt/strtol.h
-- Installing: /home/samsung/go2_ws/src/go2_simulation/install/go2_jointcontroller/include/dds/ddsrt/dynlib.h
-- Installing: /home/samsung/go2_ws/src/go2_simulation/install/go2_jointcontroller/include/dds/ddsrt/arch.h
-- Installing: /home/samsung/go2_ws/src/go2_simulation/install/go2_jointcontroller/include/dds/ddsrt/avl.h
-- Installing: /home/samsung/go2_ws/src/go2_simulation/install/go2_jointcontroller/include/dds/ddsrt/countargs.h
-- Installing: /home/samsung/go2_ws/src/go2_simulation/install/go2_jointcontroller/include/dds/ddsrt/xmlparser.h
-- Installing: /home/samsung/go2_ws/src/go2_simulation/install/go2_jointcontroller/include/dds/ddsrt/iovec.h
-- Installing: /home/samsung/go2_ws/src/go2_simulation/install/go2_jointcontroller/include/dds/ddsrt/atomics.h
-- Installing: /home/samsung/go2_ws/src/go2_simulation/install/go2_jointcontroller/include/dds/ddsrt/string.h
-- Installing: /home/samsung/go2_ws/src/go2_simulation/install/go2_jointcontroller/include/dds/ddsrt/time
-- Installing: /home/samsung/go2_ws/src/go2_simulation/install/go2_jointcontroller/include/dds/ddsrt/time/freertos.h
-- Installing: /home/samsung/go2_ws/src/go2_simulation/install/go2_jointcontroller/include/dds/ddsrt/log.h
-- Installing: /home/samsung/go2_ws/src/go2_simulation/install/go2_jointcontroller/include/dds/ddsrt/rusage.h
-- Installing: /home/samsung/go2_ws/src/go2_simulation/install/go2_jointcontroller/include/dds/ddsrt/align.h
-- Installing: /home/samsung/go2_ws/src/go2_simulation/install/go2_jointcontroller/include/dds/ddsrt/time.h
-- Installing: /home/samsung/go2_ws/src/go2_simulation/install/go2_jointcontroller/include/dds/ddsrt/atomics
-- Installing: /home/samsung/go2_ws/src/go2_simulation/install/go2_jointcontroller/include/dds/ddsrt/atomics/arm.h
-- Installing: /home/samsung/go2_ws/src/go2_simulation/install/go2_jointcontroller/include/dds/ddsrt/atomics/gcc.h
-- Installing: /home/samsung/go2_ws/src/go2_simulation/install/go2_jointcontroller/include/dds/ddsrt/atomics/msvc.h
-- Installing: /home/samsung/go2_ws/src/go2_simulation/install/go2_jointcontroller/include/dds/ddsrt/atomics/sun.h
-- Installing: /home/samsung/go2_ws/src/go2_simulation/install/go2_jointcontroller/include/dds/ddsrt/heap.h
-- Installing: /home/samsung/go2_ws/src/go2_simulation/install/go2_jointcontroller/include/dds/ddsrt/cdtors.h
-- Installing: /home/samsung/go2_ws/src/go2_simulation/install/go2_jointcontroller/include/dds/ddsrt/sync
-- Installing: /home/samsung/go2_ws/src/go2_simulation/install/go2_jointcontroller/include/dds/ddsrt/sync/posix.h
-- Installing: /home/samsung/go2_ws/src/go2_simulation/install/go2_jointcontroller/include/dds/ddsrt/sync/freertos.h
-- Installing: /home/samsung/go2_ws/src/go2_simulation/install/go2_jointcontroller/include/dds/ddsrt/sync/windows.h
-- Installing: /home/samsung/go2_ws/src/go2_simulation/install/go2_jointcontroller/include/dds/ddsrt/hopscotch.h
-- Installing: /home/samsung/go2_ws/src/go2_simulation/install/go2_jointcontroller/include/dds/ddsrt/types.h
-- Installing: /home/samsung/go2_ws/src/go2_simulation/install/go2_jointcontroller/include/dds/ddsrt/endian.h
-- Installing: /home/samsung/go2_ws/src/go2_simulation/install/go2_jointcontroller/include/dds/ddsrt/process.h
-- Installing: /home/samsung/go2_ws/src/go2_simulation/install/go2_jointcontroller/include/dds/ddsrt/ifaddrs.h
-- Installing: /home/samsung/go2_ws/src/go2_simulation/install/go2_jointcontroller/include/dds/ddsrt/strtod.h
-- Installing: /home/samsung/go2_ws/src/go2_simulation/install/go2_jointcontroller/include/dds/ddsrt/sockets
-- Installing: /home/samsung/go2_ws/src/go2_simulation/install/go2_jointcontroller/include/dds/ddsrt/sockets/posix.h
-- Installing: /home/samsung/go2_ws/src/go2_simulation/install/go2_jointcontroller/include/dds/ddsrt/sockets/windows.h
-- Installing: /home/samsung/go2_ws/src/go2_simulation/install/go2_jointcontroller/include/dds/ddsrt/io.h
-- Installing: /home/samsung/go2_ws/src/go2_simulation/install/go2_jointcontroller/include/dds/ddsrt/mh3.h
-- Installing: /home/samsung/go2_ws/src/go2_simulation/install/go2_jointcontroller/include/dds/ddsrt/filesystem.h
-- Installing: /home/samsung/go2_ws/src/go2_simulation/install/go2_jointcontroller/include/dds/ddsrt/attributes.h
-- Installing: /home/samsung/go2_ws/src/go2_simulation/install/go2_jointcontroller/include/dds/ddsrt/filesystem
-- Installing: /home/samsung/go2_ws/src/go2_simulation/install/go2_jointcontroller/include/dds/ddsrt/filesystem/posix.h
-- Installing: /home/samsung/go2_ws/src/go2_simulation/install/go2_jointcontroller/include/dds/ddsrt/filesystem/windows.h
-- Installing: /home/samsung/go2_ws/src/go2_simulation/install/go2_jointcontroller/include/dds/ddsrt/retcode.h
-- Installing: /home/samsung/go2_ws/src/go2_simulation/install/go2_jointcontroller/include/dds/ddsrt/sockets.h
-- Installing: /home/samsung/go2_ws/src/go2_simulation/install/go2_jointcontroller/include/dds/ddsrt/sched.h
-- Installing: /home/samsung/go2_ws/src/go2_simulation/install/go2_jointcontroller/include/dds/ddsrt/static_assert.h
-- Installing: /home/samsung/go2_ws/src/go2_simulation/install/go2_jointcontroller/include/dds/ddsrt/threads
-- Installing: /home/samsung/go2_ws/src/go2_simulation/install/go2_jointcontroller/include/dds/ddsrt/threads/posix.h
-- Installing: /home/samsung/go2_ws/src/go2_simulation/install/go2_jointcontroller/include/dds/ddsrt/threads/freertos.h
-- Installing: /home/samsung/go2_ws/src/go2_simulation/install/go2_jointcontroller/include/dds/ddsrt/threads/windows.h
-- Installing: /home/samsung/go2_ws/src/go2_simulation/install/go2_jointcontroller/include/dds/ddsrt/misc.h
-- Installing: /home/samsung/go2_ws/src/go2_simulation/install/go2_jointcontroller/include/dds/ddsrt/types
-- Installing: /home/samsung/go2_ws/src/go2_simulation/install/go2_jointcontroller/include/dds/ddsrt/types/posix.h
-- Installing: /home/samsung/go2_ws/src/go2_simulation/install/go2_jointcontroller/include/dds/ddsrt/types/vxworks.h
-- Installing: /home/samsung/go2_ws/src/go2_simulation/install/go2_jointcontroller/include/dds/ddsrt/types/windows.h
-- Installing: /home/samsung/go2_ws/src/go2_simulation/install/go2_jointcontroller/include/dds/ddsrt/fibheap.h
-- Installing: /home/samsung/go2_ws/src/go2_simulation/install/go2_jointcontroller/include/dds/ddsi
-- Installing: /home/samsung/go2_ws/src/go2_simulation/install/go2_jointcontroller/include/dds/ddsi/ddsi_endpoint.h
-- Installing: /home/samsung/go2_ws/src/go2_simulation/install/go2_jointcontroller/include/dds/ddsi/ddsi_deliver_locally.h
-- Installing: /home/samsung/go2_ws/src/go2_simulation/install/go2_jointcontroller/include/dds/ddsi/ddsi_typelib.h
-- Installing: /home/samsung/go2_ws/src/go2_simulation/install/go2_jointcontroller/include/dds/ddsi/ddsi_sertype.h
-- Installing: /home/samsung/go2_ws/src/go2_simulation/install/go2_jointcontroller/include/dds/ddsi/ddsi_ownip.h
-- Installing: /home/samsung/go2_ws/src/go2_simulation/install/go2_jointcontroller/include/dds/ddsi/q_gc.h
-- Installing: /home/samsung/go2_ws/src/go2_simulation/install/go2_jointcontroller/include/dds/ddsi/ddsi_tkmap.h
-- Installing: /home/samsung/go2_ws/src/go2_simulation/install/go2_jointcontroller/include/dds/ddsi/ddsi_typelookup.h
-- Installing: /home/samsung/go2_ws/src/go2_simulation/install/go2_jointcontroller/include/dds/ddsi/ddsi_serdata_pserop.h
-- Installing: /home/samsung/go2_ws/src/go2_simulation/install/go2_jointcontroller/include/dds/ddsi/ddsi_config.h
-- Installing: /home/samsung/go2_ws/src/go2_simulation/install/go2_jointcontroller/include/dds/ddsi/ddsi_serdata_plist.h
-- Installing: /home/samsung/go2_ws/src/go2_simulation/install/go2_jointcontroller/include/dds/ddsi/q_transmit.h
-- Installing: /home/samsung/go2_ws/src/go2_simulation/install/go2_jointcontroller/include/dds/ddsi/ddsi_security_exchange.h
-- Installing: /home/samsung/go2_ws/src/go2_simulation/install/go2_jointcontroller/include/dds/ddsi/q_xevent.h
-- Installing: /home/samsung/go2_ws/src/go2_simulation/install/go2_jointcontroller/include/dds/ddsi/ddsi_handshake.h
-- Installing: /home/samsung/go2_ws/src/go2_simulation/install/go2_jointcontroller/include/dds/ddsi/q_hbcontrol.h
-- Installing: /home/samsung/go2_ws/src/go2_simulation/install/go2_jointcontroller/include/dds/ddsi/q_pcap.h
-- Installing: /home/samsung/go2_ws/src/go2_simulation/install/go2_jointcontroller/include/dds/ddsi/ddsi_proxy_participant.h
-- Installing: /home/samsung/go2_ws/src/go2_simulation/install/go2_jointcontroller/include/dds/ddsi/ddsi_domaingv.h
-- Installing: /home/samsung/go2_ws/src/go2_simulation/install/go2_jointcontroller/include/dds/ddsi/ddsi_vendor.h
-- Installing: /home/samsung/go2_ws/src/go2_simulation/install/go2_jointcontroller/include/dds/ddsi/ddsi_sertopic.h
-- Installing: /home/samsung/go2_ws/src/go2_simulation/install/go2_jointcontroller/include/dds/ddsi/ddsi_guid.h
-- Installing: /home/samsung/go2_ws/src/go2_simulation/install/go2_jointcontroller/include/dds/ddsi/ddsi_serdata.h
-- Installing: /home/samsung/go2_ws/src/go2_simulation/install/go2_jointcontroller/include/dds/ddsi/q_bitset.h
-- Installing: /home/samsung/go2_ws/src/go2_simulation/install/go2_jointcontroller/include/dds/ddsi/ddsi_xt_typeinfo.h
-- Installing: /home/samsung/go2_ws/src/go2_simulation/install/go2_jointcontroller/include/dds/ddsi/ddsi_security_util.h
-- Installing: /home/samsung/go2_ws/src/go2_simulation/install/go2_jointcontroller/include/dds/ddsi/ddsi_shm_transport.h
-- Installing: /home/samsung/go2_ws/src/go2_simulation/install/go2_jointcontroller/include/dds/ddsi/ddsi_tcp.h
-- Installing: /home/samsung/go2_ws/src/go2_simulation/install/go2_jointcontroller/include/dds/ddsi/ddsi_proxy_endpoint.h
-- Installing: /home/samsung/go2_ws/src/go2_simulation/install/go2_jointcontroller/include/dds/ddsi/ddsi_config_impl.h
-- Installing: /home/samsung/go2_ws/src/go2_simulation/install/go2_jointcontroller/include/dds/ddsi/ddsi_entity.h
-- Installing: /home/samsung/go2_ws/src/go2_simulation/install/go2_jointcontroller/include/dds/ddsi/ddsi_ssl.h
-- Installing: /home/samsung/go2_ws/src/go2_simulation/install/go2_jointcontroller/include/dds/ddsi/q_whc.h
-- Installing: /home/samsung/go2_ws/src/go2_simulation/install/go2_jointcontroller/include/dds/ddsi/ddsi_xt_typemap.idl
-- Installing: /home/samsung/go2_ws/src/go2_simulation/install/go2_jointcontroller/include/dds/ddsi/q_inverse_uint32_set.h
-- Installing: /home/samsung/go2_ws/src/go2_simulation/install/go2_jointcontroller/include/dds/ddsi/ddsi_xt_typelookup.h
-- Installing: /home/samsung/go2_ws/src/go2_simulation/install/go2_jointcontroller/include/dds/ddsi/ddsi_ipaddr.h
-- Installing: /home/samsung/go2_ws/src/go2_simulation/install/go2_jointcontroller/include/dds/ddsi/ddsi_wraddrset.h
-- Installing: /home/samsung/go2_ws/src/go2_simulation/install/go2_jointcontroller/include/dds/ddsi/ddsi_threadmon.h
-- Installing: /home/samsung/go2_ws/src/go2_simulation/install/go2_jointcontroller/include/dds/ddsi/sysdeps.h
-- Installing: /home/samsung/go2_ws/src/go2_simulation/install/go2_jointcontroller/include/dds/ddsi/ddsi_iid.h
-- Installing: /home/samsung/go2_ws/src/go2_simulation/install/go2_jointcontroller/include/dds/ddsi/q_addrset.h
-- Installing: /home/samsung/go2_ws/src/go2_simulation/install/go2_jointcontroller/include/dds/ddsi/ddsi_list_genptr.h
-- Installing: /home/samsung/go2_ws/src/go2_simulation/install/go2_jointcontroller/include/dds/ddsi/ddsi_list_tmpl.h
-- Installing: /home/samsung/go2_ws/src/go2_simulation/install/go2_jointcontroller/include/dds/ddsi/ddsi_locator.h
-- Installing: /home/samsung/go2_ws/src/go2_simulation/install/go2_jointcontroller/include/dds/ddsi/ddsi_topic.h
-- Installing: /home/samsung/go2_ws/src/go2_simulation/install/go2_jointcontroller/include/dds/ddsi/ddsi_plist_generic.h
-- Installing: /home/samsung/go2_ws/src/go2_simulation/install/go2_jointcontroller/include/dds/ddsi/ddsi_lifespan.h
-- Installing: /home/samsung/go2_ws/src/go2_simulation/install/go2_jointcontroller/include/dds/ddsi/ddsi_xt_typemap.h
-- Installing: /home/samsung/go2_ws/src/go2_simulation/install/go2_jointcontroller/include/dds/ddsi/ddsi_entity_index.h
-- Installing: /home/samsung/go2_ws/src/go2_simulation/install/go2_jointcontroller/include/dds/ddsi/ddsi_security_msg.h
-- Installing: /home/samsung/go2_ws/src/go2_simulation/install/go2_jointcontroller/include/dds/ddsi/ddsi_participant.h
-- Installing: /home/samsung/go2_ws/src/go2_simulation/install/go2_jointcontroller/include/dds/ddsi/ddsi_acknack.h
-- Installing: /home/samsung/go2_ws/src/go2_simulation/install/go2_jointcontroller/include/dds/ddsi/ddsi_vnet.h
-- Installing: /home/samsung/go2_ws/src/go2_simulation/install/go2_jointcontroller/include/dds/ddsi/ddsi_cdrstream.h
-- Installing: /home/samsung/go2_ws/src/go2_simulation/install/go2_jointcontroller/include/dds/ddsi/ddsi_tran.h
-- Installing: /home/samsung/go2_ws/src/go2_simulation/install/go2_jointcontroller/include/dds/ddsi/ddsi_pmd.h
-- Installing: /home/samsung/go2_ws/src/go2_simulation/install/go2_jointcontroller/include/dds/ddsi/ddsi_plist.h
-- Installing: /home/samsung/go2_ws/src/go2_simulation/install/go2_jointcontroller/include/dds/ddsi/q_radmin.h
-- Installing: /home/samsung/go2_ws/src/go2_simulation/install/go2_jointcontroller/include/dds/ddsi/ddsi_serdata_default.h
-- Installing: /home/samsung/go2_ws/src/go2_simulation/install/go2_jointcontroller/include/dds/ddsi/q_rtps.h
-- Installing: /home/samsung/go2_ws/src/go2_simulation/install/go2_jointcontroller/include/dds/ddsi/ddsi_statistics.h
-- Installing: /home/samsung/go2_ws/src/go2_simulation/install/go2_jointcontroller/include/dds/ddsi/q_debmon.h
-- Installing: /home/samsung/go2_ws/src/go2_simulation/install/go2_jointcontroller/include/dds/ddsi/q_feature_check.h
-- Installing: /home/samsung/go2_ws/src/go2_simulation/install/go2_jointcontroller/include/dds/ddsi/q_unused.h
-- Installing: /home/samsung/go2_ws/src/go2_simulation/install/go2_jointcontroller/include/dds/ddsi/ddsi_keyhash.h
-- Installing: /home/samsung/go2_ws/src/go2_simulation/install/go2_jointcontroller/include/dds/ddsi/ddsi_builtin_topic_if.h
-- Installing: /home/samsung/go2_ws/src/go2_simulation/install/go2_jointcontroller/include/dds/ddsi/ddsi_typewrap.h
-- Installing: /home/samsung/go2_ws/src/go2_simulation/install/go2_jointcontroller/include/dds/ddsi/q_misc.h
-- Installing: /home/samsung/go2_ws/src/go2_simulation/install/go2_jointcontroller/include/dds/ddsi/ddsi_rhc.h
-- Installing: /home/samsung/go2_ws/src/go2_simulation/install/go2_jointcontroller/include/dds/ddsi/q_thread.h
-- Installing: /home/samsung/go2_ws/src/go2_simulation/install/go2_jointcontroller/include/dds/ddsi/q_qosmatch.h
-- Installing: /home/samsung/go2_ws/src/go2_simulation/install/go2_jointcontroller/include/dds/ddsi/q_lat_estim.h
-- Installing: /home/samsung/go2_ws/src/go2_simulation/install/go2_jointcontroller/include/dds/ddsi/q_protocol.h
-- Installing: /home/samsung/go2_ws/src/go2_simulation/install/go2_jointcontroller/include/dds/ddsi/q_init.h
-- Installing: /home/samsung/go2_ws/src/go2_simulation/install/go2_jointcontroller/include/dds/ddsi/q_xmsg.h
-- Installing: /home/samsung/go2_ws/src/go2_simulation/install/go2_jointcontroller/include/dds/ddsi/ddsi_cfgunits.h
-- Installing: /home/samsung/go2_ws/src/go2_simulation/install/go2_jointcontroller/include/dds/ddsi/q_bswap.h
-- Installing: /home/samsung/go2_ws/src/go2_simulation/install/go2_jointcontroller/include/dds/ddsi/q_ddsi_discovery.h
-- Installing: /home/samsung/go2_ws/src/go2_simulation/install/go2_jointcontroller/include/dds/ddsi/ddsi_raweth.h
-- Installing: /home/samsung/go2_ws/src/go2_simulation/install/go2_jointcontroller/include/dds/ddsi/ddsi_cfgelems.h
-- Installing: /home/samsung/go2_ws/src/go2_simulation/install/go2_jointcontroller/include/dds/ddsi/ddsi_typebuilder.h
-- Installing: /home/samsung/go2_ws/src/go2_simulation/install/go2_jointcontroller/include/dds/ddsi/q_sockwaitset.h
-- Installing: /home/samsung/go2_ws/src/go2_simulation/install/go2_jointcontroller/include/dds/ddsi/ddsi_entity_match.h
-- Installing: /home/samsung/go2_ws/src/go2_simulation/install/go2_jointcontroller/include/dds/ddsi/ddsi_xt_typeinfo.idl
-- Installing: /home/samsung/go2_ws/src/go2_simulation/install/go2_jointcontroller/include/dds/ddsi/ddsi_xt_typelookup.idl
-- Installing: /home/samsung/go2_ws/src/go2_simulation/install/go2_jointcontroller/include/dds/ddsi/ddsi_xt_impl.h
-- Installing: /home/samsung/go2_ws/src/go2_simulation/install/go2_jointcontroller/include/dds/ddsi/ddsi_udp.h
-- Installing: /home/samsung/go2_ws/src/go2_simulation/install/go2_jointcontroller/include/dds/ddsi/q_receive.h
-- Installing: /home/samsung/go2_ws/src/go2_simulation/install/go2_jointcontroller/include/dds/ddsi/ddsi_security_omg.h
-- Installing: /home/samsung/go2_ws/src/go2_simulation/install/go2_jointcontroller/include/dds/ddsi/ddsi_xqos.h
-- Installing: /home/samsung/go2_ws/src/go2_simulation/install/go2_jointcontroller/include/dds/ddsi/ddsi_mcgroup.h
-- Installing: /home/samsung/go2_ws/src/go2_simulation/install/go2_jointcontroller/include/dds/ddsi/ddsi_time.h
-- Installing: /home/samsung/go2_ws/src/go2_simulation/install/go2_jointcontroller/include/dds/ddsi/ddsi_portmapping.h
-- Installing: /home/samsung/go2_ws/src/go2_simulation/install/go2_jointcontroller/include/dds/ddsi/q_log.h
-- Installing: /home/samsung/go2_ws/src/go2_simulation/install/go2_jointcontroller/include/dds/ddsi/q_freelist.h
-- Installing: /home/samsung/go2_ws/src/go2_simulation/install/go2_jointcontroller/include/dds/ddsi/ddsi_deadline.h
-- Installing: /home/samsung/go2_ws/src/go2_simulation/install/go2_jointcontroller/include/dds/ddsi/q_lease.h
-- Installing: /home/samsung/go2_ws/src/go2_simulation/install/go2_jointcontroller/include/dds/config.h
-- Installing: /home/samsung/go2_ws/src/go2_simulation/install/go2_jointcontroller/include/dds/export.h
-- Installing: /home/samsung/go2_ws/src/go2_simulation/install/go2_jointcontroller/include/dds/dds.h
-- Installing: /home/samsung/go2_ws/src/go2_simulation/install/go2_jointcontroller/include/ddscxx
-- Installing: /home/samsung/go2_ws/src/go2_simulation/install/go2_jointcontroller/include/ddscxx/org
-- Installing: /home/samsung/go2_ws/src/go2_simulation/install/go2_jointcontroller/include/ddscxx/org/eclipse
-- Installing: /home/samsung/go2_ws/src/go2_simulation/install/go2_jointcontroller/include/ddscxx/org/eclipse/cyclonedds
-- Installing: /home/samsung/go2_ws/src/go2_simulation/install/go2_jointcontroller/include/ddscxx/org/eclipse/cyclonedds/topic
-- Installing: /home/samsung/go2_ws/src/go2_simulation/install/go2_jointcontroller/include/ddscxx/org/eclipse/cyclonedds/topic/datatopic.hpp
-- Installing: /home/samsung/go2_ws/src/go2_simulation/install/go2_jointcontroller/include/ddscxx/org/eclipse/cyclonedds/topic/AnyTopicListener.hpp
-- Installing: /home/samsung/go2_ws/src/go2_simulation/install/go2_jointcontroller/include/ddscxx/org/eclipse/cyclonedds/topic/hash.hpp
-- Installing: /home/samsung/go2_ws/src/go2_simulation/install/go2_jointcontroller/include/ddscxx/org/eclipse/cyclonedds/topic/qos
-- Installing: /home/samsung/go2_ws/src/go2_simulation/install/go2_jointcontroller/include/ddscxx/org/eclipse/cyclonedds/topic/qos/TopicQosDelegate.hpp
-- Installing: /home/samsung/go2_ws/src/go2_simulation/install/go2_jointcontroller/include/ddscxx/org/eclipse/cyclonedds/topic/CDRBlob.hpp
-- Installing: /home/samsung/go2_ws/src/go2_simulation/install/go2_jointcontroller/include/ddscxx/org/eclipse/cyclonedds/topic/BuiltinTopicKeyDelegate.hpp
-- Installing: /home/samsung/go2_ws/src/go2_simulation/install/go2_jointcontroller/include/ddscxx/org/eclipse/cyclonedds/topic/TopicDescriptionDelegate.hpp
-- Installing: /home/samsung/go2_ws/src/go2_simulation/install/go2_jointcontroller/include/ddscxx/org/eclipse/cyclonedds/topic/find.hpp
-- Installing: /home/samsung/go2_ws/src/go2_simulation/install/go2_jointcontroller/include/ddscxx/org/eclipse/cyclonedds/topic/TBuiltinTopic.hpp
-- Installing: /home/samsung/go2_ws/src/go2_simulation/install/go2_jointcontroller/include/ddscxx/org/eclipse/cyclonedds/topic/discovery.hpp
-- Installing: /home/samsung/go2_ws/src/go2_simulation/install/go2_jointcontroller/include/ddscxx/org/eclipse/cyclonedds/topic/FilterDelegate.hpp
-- Installing: /home/samsung/go2_ws/src/go2_simulation/install/go2_jointcontroller/include/ddscxx/org/eclipse/cyclonedds/topic/TopicTraits.hpp
-- Installing: /home/samsung/go2_ws/src/go2_simulation/install/go2_jointcontroller/include/ddscxx/org/eclipse/cyclonedds/topic/TopicListener.hpp
-- Installing: /home/samsung/go2_ws/src/go2_simulation/install/go2_jointcontroller/include/ddscxx/org/eclipse/cyclonedds/topic/BuiltinTopicCopy.hpp
-- Installing: /home/samsung/go2_ws/src/go2_simulation/install/go2_jointcontroller/include/ddscxx/org/eclipse/cyclonedds/topic/BuiltinTopic.hpp
-- Installing: /home/samsung/go2_ws/src/go2_simulation/install/go2_jointcontroller/include/ddscxx/org/eclipse/cyclonedds/topic/BuiltinTopicTraits.hpp
-- Installing: /home/samsung/go2_ws/src/go2_simulation/install/go2_jointcontroller/include/ddscxx/org/eclipse/cyclonedds/topic/AnyTopicDelegate.hpp
-- Installing: /home/samsung/go2_ws/src/go2_simulation/install/go2_jointcontroller/include/ddscxx/org/eclipse/cyclonedds/topic/BuiltinTopicDelegate.hpp
-- Installing: /home/samsung/go2_ws/src/go2_simulation/install/go2_jointcontroller/include/ddscxx/org/eclipse/cyclonedds/sub
-- Installing: /home/samsung/go2_ws/src/go2_simulation/install/go2_jointcontroller/include/ddscxx/org/eclipse/cyclonedds/sub/SubscriberDelegate.hpp
-- Installing: /home/samsung/go2_ws/src/go2_simulation/install/go2_jointcontroller/include/ddscxx/org/eclipse/cyclonedds/sub/qos
-- Installing: /home/samsung/go2_ws/src/go2_simulation/install/go2_jointcontroller/include/ddscxx/org/eclipse/cyclonedds/sub/qos/SubscriberQosDelegate.hpp
-- Installing: /home/samsung/go2_ws/src/go2_simulation/install/go2_jointcontroller/include/ddscxx/org/eclipse/cyclonedds/sub/qos/DataReaderQosDelegate.hpp
-- Installing: /home/samsung/go2_ws/src/go2_simulation/install/go2_jointcontroller/include/ddscxx/org/eclipse/cyclonedds/sub/SampleInfoImpl.hpp
-- Installing: /home/samsung/go2_ws/src/go2_simulation/install/go2_jointcontroller/include/ddscxx/org/eclipse/cyclonedds/sub/BuiltinSubscriberDelegate.hpp
-- Installing: /home/samsung/go2_ws/src/go2_simulation/install/go2_jointcontroller/include/ddscxx/org/eclipse/cyclonedds/sub/AnyDataReaderDelegate.hpp
-- Installing: /home/samsung/go2_ws/src/go2_simulation/install/go2_jointcontroller/include/ddscxx/org/eclipse/cyclonedds/sub/cond
-- Installing: /home/samsung/go2_ws/src/go2_simulation/install/go2_jointcontroller/include/ddscxx/org/eclipse/cyclonedds/sub/cond/ReadConditionDelegate.hpp
-- Installing: /home/samsung/go2_ws/src/go2_simulation/install/go2_jointcontroller/include/ddscxx/org/eclipse/cyclonedds/sub/cond/QueryConditionDelegate.hpp
-- Installing: /home/samsung/go2_ws/src/go2_simulation/install/go2_jointcontroller/include/ddscxx/org/eclipse/cyclonedds/sub/QueryDelegate.hpp
-- Installing: /home/samsung/go2_ws/src/go2_simulation/install/go2_jointcontroller/include/ddscxx/org/eclipse/cyclonedds/sub/CoherentAccessDelegate.hpp
-- Installing: /home/samsung/go2_ws/src/go2_simulation/install/go2_jointcontroller/include/ddscxx/org/eclipse/cyclonedds/sub/GenerationCountImpl.hpp
-- Installing: /home/samsung/go2_ws/src/go2_simulation/install/go2_jointcontroller/include/ddscxx/org/eclipse/cyclonedds/sub/RankImpl.hpp
-- Installing: /home/samsung/go2_ws/src/go2_simulation/install/go2_jointcontroller/include/ddscxx/org/eclipse/cyclonedds/ForwardDeclarations.hpp
-- Installing: /home/samsung/go2_ws/src/go2_simulation/install/go2_jointcontroller/include/ddscxx/org/eclipse/cyclonedds/core
-- Installing: /home/samsung/go2_ws/src/go2_simulation/install/go2_jointcontroller/include/ddscxx/org/eclipse/cyclonedds/core/EntitySet.hpp
-- Installing: /home/samsung/go2_ws/src/go2_simulation/install/go2_jointcontroller/include/ddscxx/org/eclipse/cyclonedds/core/WeakReferenceSet.hpp
-- Installing: /home/samsung/go2_ws/src/go2_simulation/install/go2_jointcontroller/include/ddscxx/org/eclipse/cyclonedds/core/QosProviderDelegate.hpp
-- Installing: /home/samsung/go2_ws/src/go2_simulation/install/go2_jointcontroller/include/ddscxx/org/eclipse/cyclonedds/core/ObjectSet.hpp
-- Installing: /home/samsung/go2_ws/src/go2_simulation/install/go2_jointcontroller/include/ddscxx/org/eclipse/cyclonedds/core/ObjectDelegate.hpp
-- Installing: /home/samsung/go2_ws/src/go2_simulation/install/go2_jointcontroller/include/ddscxx/org/eclipse/cyclonedds/core/InstanceHandleDelegate.hpp
-- Installing: /home/samsung/go2_ws/src/go2_simulation/install/go2_jointcontroller/include/ddscxx/org/eclipse/cyclonedds/core/DDScObjectDelegate.hpp
-- Installing: /home/samsung/go2_ws/src/go2_simulation/install/go2_jointcontroller/include/ddscxx/org/eclipse/cyclonedds/core/cond
-- Installing: /home/samsung/go2_ws/src/go2_simulation/install/go2_jointcontroller/include/ddscxx/org/eclipse/cyclonedds/core/cond/WaitSetDelegate.hpp
-- Installing: /home/samsung/go2_ws/src/go2_simulation/install/go2_jointcontroller/include/ddscxx/org/eclipse/cyclonedds/core/cond/FunctorHolder.hpp
-- Installing: /home/samsung/go2_ws/src/go2_simulation/install/go2_jointcontroller/include/ddscxx/org/eclipse/cyclonedds/core/cond/GuardConditionDelegate.hpp
-- Installing: /home/samsung/go2_ws/src/go2_simulation/install/go2_jointcontroller/include/ddscxx/org/eclipse/cyclonedds/core/cond/ShadowParticipant.hpp
-- Installing: /home/samsung/go2_ws/src/go2_simulation/install/go2_jointcontroller/include/ddscxx/org/eclipse/cyclonedds/core/cond/StatusConditionDelegate.hpp
-- Installing: /home/samsung/go2_ws/src/go2_simulation/install/go2_jointcontroller/include/ddscxx/org/eclipse/cyclonedds/core/cond/ConditionDelegate.hpp
-- Installing: /home/samsung/go2_ws/src/go2_simulation/install/go2_jointcontroller/include/ddscxx/org/eclipse/cyclonedds/core/TimeHelper.hpp
-- Installing: /home/samsung/go2_ws/src/go2_simulation/install/go2_jointcontroller/include/ddscxx/org/eclipse/cyclonedds/core/cdr
-- Installing: /home/samsung/go2_ws/src/go2_simulation/install/go2_jointcontroller/include/ddscxx/org/eclipse/cyclonedds/core/cdr/extended_cdr_v1_ser.hpp
-- Installing: /home/samsung/go2_ws/src/go2_simulation/install/go2_jointcontroller/include/ddscxx/org/eclipse/cyclonedds/core/cdr/fragchain.hpp
-- Installing: /home/samsung/go2_ws/src/go2_simulation/install/go2_jointcontroller/include/ddscxx/org/eclipse/cyclonedds/core/cdr/entity_properties.hpp
-- Installing: /home/samsung/go2_ws/src/go2_simulation/install/go2_jointcontroller/include/ddscxx/org/eclipse/cyclonedds/core/cdr/cdr_enums.hpp
-- Installing: /home/samsung/go2_ws/src/go2_simulation/install/go2_jointcontroller/include/ddscxx/org/eclipse/cyclonedds/core/cdr/extended_cdr_v2_ser.hpp
-- Installing: /home/samsung/go2_ws/src/go2_simulation/install/go2_jointcontroller/include/ddscxx/org/eclipse/cyclonedds/core/cdr/basic_cdr_ser.hpp
-- Installing: /home/samsung/go2_ws/src/go2_simulation/install/go2_jointcontroller/include/ddscxx/org/eclipse/cyclonedds/core/cdr/cdr_stream.hpp
-- Installing: /home/samsung/go2_ws/src/go2_simulation/install/go2_jointcontroller/include/ddscxx/org/eclipse/cyclonedds/core/ListenerDispatcher.hpp
-- Installing: /home/samsung/go2_ws/src/go2_simulation/install/go2_jointcontroller/include/ddscxx/org/eclipse/cyclonedds/core/EntityRegistry.hpp
-- Installing: /home/samsung/go2_ws/src/go2_simulation/install/go2_jointcontroller/include/ddscxx/org/eclipse/cyclonedds/core/config.hpp
-- Installing: /home/samsung/go2_ws/src/go2_simulation/install/go2_jointcontroller/include/ddscxx/org/eclipse/cyclonedds/core/status
-- Installing: /home/samsung/go2_ws/src/go2_simulation/install/go2_jointcontroller/include/ddscxx/org/eclipse/cyclonedds/core/status/StatusDelegate.hpp
-- Installing: /home/samsung/go2_ws/src/go2_simulation/install/go2_jointcontroller/include/ddscxx/org/eclipse/cyclonedds/core/ReportUtils.hpp
-- Installing: /home/samsung/go2_ws/src/go2_simulation/install/go2_jointcontroller/include/ddscxx/org/eclipse/cyclonedds/core/MiscUtils.hpp
-- Installing: /home/samsung/go2_ws/src/go2_simulation/install/go2_jointcontroller/include/ddscxx/org/eclipse/cyclonedds/core/Missing.hpp
-- Installing: /home/samsung/go2_ws/src/go2_simulation/install/go2_jointcontroller/include/ddscxx/org/eclipse/cyclonedds/core/EntityDelegate.hpp
-- Installing: /home/samsung/go2_ws/src/go2_simulation/install/go2_jointcontroller/include/ddscxx/org/eclipse/cyclonedds/core/Mutex.hpp
-- Installing: /home/samsung/go2_ws/src/go2_simulation/install/go2_jointcontroller/include/ddscxx/org/eclipse/cyclonedds/core/policy
-- Installing: /home/samsung/go2_ws/src/go2_simulation/install/go2_jointcontroller/include/ddscxx/org/eclipse/cyclonedds/core/policy/Policy.hpp
-- Installing: /home/samsung/go2_ws/src/go2_simulation/install/go2_jointcontroller/include/ddscxx/org/eclipse/cyclonedds/core/policy/ProprietaryPolicyKind.hpp
-- Installing: /home/samsung/go2_ws/src/go2_simulation/install/go2_jointcontroller/include/ddscxx/org/eclipse/cyclonedds/core/policy/QosPolicyCountDelegate.hpp
-- Installing: /home/samsung/go2_ws/src/go2_simulation/install/go2_jointcontroller/include/ddscxx/org/eclipse/cyclonedds/core/policy/TPolicy.hpp
-- Installing: /home/samsung/go2_ws/src/go2_simulation/install/go2_jointcontroller/include/ddscxx/org/eclipse/cyclonedds/core/policy/PolicyDelegate.hpp
-- Installing: /home/samsung/go2_ws/src/go2_simulation/install/go2_jointcontroller/include/ddscxx/org/eclipse/cyclonedds/core/ScopedLock.hpp
-- Installing: /home/samsung/go2_ws/src/go2_simulation/install/go2_jointcontroller/include/ddscxx/org/eclipse/cyclonedds/core/type_helpers.hpp
-- Installing: /home/samsung/go2_ws/src/go2_simulation/install/go2_jointcontroller/include/ddscxx/org/eclipse/cyclonedds/pub
-- Installing: /home/samsung/go2_ws/src/go2_simulation/install/go2_jointcontroller/include/ddscxx/org/eclipse/cyclonedds/pub/PublisherDelegate.hpp
-- Installing: /home/samsung/go2_ws/src/go2_simulation/install/go2_jointcontroller/include/ddscxx/org/eclipse/cyclonedds/pub/qos
-- Installing: /home/samsung/go2_ws/src/go2_simulation/install/go2_jointcontroller/include/ddscxx/org/eclipse/cyclonedds/pub/qos/PublisherQosDelegate.hpp
-- Installing: /home/samsung/go2_ws/src/go2_simulation/install/go2_jointcontroller/include/ddscxx/org/eclipse/cyclonedds/pub/qos/DataWriterQosDelegate.hpp
-- Installing: /home/samsung/go2_ws/src/go2_simulation/install/go2_jointcontroller/include/ddscxx/org/eclipse/cyclonedds/pub/AnyDataWriterDelegate.hpp
-- Installing: /home/samsung/go2_ws/src/go2_simulation/install/go2_jointcontroller/include/ddscxx/org/eclipse/cyclonedds/pub/SuspendedPublicationDelegate.hpp
-- Installing: /home/samsung/go2_ws/src/go2_simulation/install/go2_jointcontroller/include/ddscxx/org/eclipse/cyclonedds/pub/CoherentSetDelegate.hpp
-- Installing: /home/samsung/go2_ws/src/go2_simulation/install/go2_jointcontroller/include/ddscxx/org/eclipse/cyclonedds/domain
-- Installing: /home/samsung/go2_ws/src/go2_simulation/install/go2_jointcontroller/include/ddscxx/org/eclipse/cyclonedds/domain/qos
-- Installing: /home/samsung/go2_ws/src/go2_simulation/install/go2_jointcontroller/include/ddscxx/org/eclipse/cyclonedds/domain/qos/DomainParticipantQosDelegate.hpp
-- Installing: /home/samsung/go2_ws/src/go2_simulation/install/go2_jointcontroller/include/ddscxx/org/eclipse/cyclonedds/domain/DomainParticipantListener.hpp
-- Installing: /home/samsung/go2_ws/src/go2_simulation/install/go2_jointcontroller/include/ddscxx/org/eclipse/cyclonedds/domain/Domain.hpp
-- Installing: /home/samsung/go2_ws/src/go2_simulation/install/go2_jointcontroller/include/ddscxx/org/eclipse/cyclonedds/domain/DomainWrap.hpp
-- Installing: /home/samsung/go2_ws/src/go2_simulation/install/go2_jointcontroller/include/ddscxx/org/eclipse/cyclonedds/domain/DomainParticipantRegistry.hpp
-- Installing: /home/samsung/go2_ws/src/go2_simulation/install/go2_jointcontroller/include/ddscxx/org/eclipse/cyclonedds/domain/DomainParticipantDelegate.hpp
-- Installing: /home/samsung/go2_ws/src/go2_simulation/install/go2_jointcontroller/include/ddscxx/dds
-- Installing: /home/samsung/go2_ws/src/go2_simulation/install/go2_jointcontroller/include/ddscxx/dds/dds.hpp
-- Installing: /home/samsung/go2_ws/src/go2_simulation/install/go2_jointcontroller/include/ddscxx/dds/topic
-- Installing: /home/samsung/go2_ws/src/go2_simulation/install/go2_jointcontroller/include/ddscxx/dds/topic/detail
-- Installing: /home/samsung/go2_ws/src/go2_simulation/install/go2_jointcontroller/include/ddscxx/dds/topic/detail/MultiTopic.hpp
-- Installing: /home/samsung/go2_ws/src/go2_simulation/install/go2_jointcontroller/include/ddscxx/dds/topic/detail/TTopicDescriptionImpl.hpp
-- Installing: /home/samsung/go2_ws/src/go2_simulation/install/go2_jointcontroller/include/ddscxx/dds/topic/detail/Filter.hpp
-- Installing: /home/samsung/go2_ws/src/go2_simulation/install/go2_jointcontroller/include/ddscxx/dds/topic/detail/TTopicImpl.hpp
-- Installing: /home/samsung/go2_ws/src/go2_simulation/install/go2_jointcontroller/include/ddscxx/dds/topic/detail/Topic.hpp
-- Installing: /home/samsung/go2_ws/src/go2_simulation/install/go2_jointcontroller/include/ddscxx/dds/topic/detail/TAnyTopicImpl.hpp
-- Installing: /home/samsung/go2_ws/src/go2_simulation/install/go2_jointcontroller/include/ddscxx/dds/topic/detail/BuiltinTopicKey.hpp
-- Installing: /home/samsung/go2_ws/src/go2_simulation/install/go2_jointcontroller/include/ddscxx/dds/topic/detail/find.hpp
-- Installing: /home/samsung/go2_ws/src/go2_simulation/install/go2_jointcontroller/include/ddscxx/dds/topic/detail/TFilterImpl.hpp
-- Installing: /home/samsung/go2_ws/src/go2_simulation/install/go2_jointcontroller/include/ddscxx/dds/topic/detail/ddstopic.hpp
-- Installing: /home/samsung/go2_ws/src/go2_simulation/install/go2_jointcontroller/include/ddscxx/dds/topic/detail/ContentFilteredTopic.hpp
-- Installing: /home/samsung/go2_ws/src/go2_simulation/install/go2_jointcontroller/include/ddscxx/dds/topic/detail/discovery.hpp
-- Installing: /home/samsung/go2_ws/src/go2_simulation/install/go2_jointcontroller/include/ddscxx/dds/topic/detail/TBuiltinTopicImpl.hpp
-- Installing: /home/samsung/go2_ws/src/go2_simulation/install/go2_jointcontroller/include/ddscxx/dds/topic/detail/TopicInstanceImpl.hpp
-- Installing: /home/samsung/go2_ws/src/go2_simulation/install/go2_jointcontroller/include/ddscxx/dds/topic/detail/TopicDescription.hpp
-- Installing: /home/samsung/go2_ws/src/go2_simulation/install/go2_jointcontroller/include/ddscxx/dds/topic/detail/BuiltinTopic.hpp
-- Installing: /home/samsung/go2_ws/src/go2_simulation/install/go2_jointcontroller/include/ddscxx/dds/topic/detail/TContentFilteredTopicImpl.hpp
-- Installing: /home/samsung/go2_ws/src/go2_simulation/install/go2_jointcontroller/include/ddscxx/dds/topic/detail/TBuiltinTopicKeyImpl.hpp
-- Installing: /home/samsung/go2_ws/src/go2_simulation/install/go2_jointcontroller/include/ddscxx/dds/topic/detail/AnyTopic.hpp
-- Installing: /home/samsung/go2_ws/src/go2_simulation/install/go2_jointcontroller/include/ddscxx/dds/topic/AnyTopicListener.hpp
-- Installing: /home/samsung/go2_ws/src/go2_simulation/install/go2_jointcontroller/include/ddscxx/dds/topic/MultiTopic.hpp
-- Installing: /home/samsung/go2_ws/src/go2_simulation/install/go2_jointcontroller/include/ddscxx/dds/topic/TBuiltinTopicKey.hpp
-- Installing: /home/samsung/go2_ws/src/go2_simulation/install/go2_jointcontroller/include/ddscxx/dds/topic/qos
-- Installing: /home/samsung/go2_ws/src/go2_simulation/install/go2_jointcontroller/include/ddscxx/dds/topic/qos/detail
-- Installing: /home/samsung/go2_ws/src/go2_simulation/install/go2_jointcontroller/include/ddscxx/dds/topic/qos/detail/TopicQos.hpp
-- Installing: /home/samsung/go2_ws/src/go2_simulation/install/go2_jointcontroller/include/ddscxx/dds/topic/qos/TopicQos.hpp
-- Installing: /home/samsung/go2_ws/src/go2_simulation/install/go2_jointcontroller/include/ddscxx/dds/topic/TMultiTopic.hpp
-- Installing: /home/samsung/go2_ws/src/go2_simulation/install/go2_jointcontroller/include/ddscxx/dds/topic/Filter.hpp
-- Installing: /home/samsung/go2_ws/src/go2_simulation/install/go2_jointcontroller/include/ddscxx/dds/topic/TopicInstance.hpp
-- Installing: /home/samsung/go2_ws/src/go2_simulation/install/go2_jointcontroller/include/ddscxx/dds/topic/Topic.hpp
-- Installing: /home/samsung/go2_ws/src/go2_simulation/install/go2_jointcontroller/include/ddscxx/dds/topic/TFilter.hpp
-- Installing: /home/samsung/go2_ws/src/go2_simulation/install/go2_jointcontroller/include/ddscxx/dds/topic/BuiltinTopicKey.hpp
-- Installing: /home/samsung/go2_ws/src/go2_simulation/install/go2_jointcontroller/include/ddscxx/dds/topic/find.hpp
-- Installing: /home/samsung/go2_ws/src/go2_simulation/install/go2_jointcontroller/include/ddscxx/dds/topic/TAnyTopic.hpp
-- Installing: /home/samsung/go2_ws/src/go2_simulation/install/go2_jointcontroller/include/ddscxx/dds/topic/TBuiltinTopic.hpp
-- Installing: /home/samsung/go2_ws/src/go2_simulation/install/go2_jointcontroller/include/ddscxx/dds/topic/ddstopic.hpp
-- Installing: /home/samsung/go2_ws/src/go2_simulation/install/go2_jointcontroller/include/ddscxx/dds/topic/ContentFilteredTopic.hpp
-- Installing: /home/samsung/go2_ws/src/go2_simulation/install/go2_jointcontroller/include/ddscxx/dds/topic/discovery.hpp
-- Installing: /home/samsung/go2_ws/src/go2_simulation/install/go2_jointcontroller/include/ddscxx/dds/topic/TopicTraits.hpp
-- Installing: /home/samsung/go2_ws/src/go2_simulation/install/go2_jointcontroller/include/ddscxx/dds/topic/TTopicDescription.hpp
-- Installing: /home/samsung/go2_ws/src/go2_simulation/install/go2_jointcontroller/include/ddscxx/dds/topic/TopicListener.hpp
-- Installing: /home/samsung/go2_ws/src/go2_simulation/install/go2_jointcontroller/include/ddscxx/dds/topic/TopicDescription.hpp
-- Installing: /home/samsung/go2_ws/src/go2_simulation/install/go2_jointcontroller/include/ddscxx/dds/topic/BuiltinTopic.hpp
-- Installing: /home/samsung/go2_ws/src/go2_simulation/install/go2_jointcontroller/include/ddscxx/dds/topic/TContentFilteredTopic.hpp
-- Installing: /home/samsung/go2_ws/src/go2_simulation/install/go2_jointcontroller/include/ddscxx/dds/topic/TTopic.hpp
-- Installing: /home/samsung/go2_ws/src/go2_simulation/install/go2_jointcontroller/include/ddscxx/dds/topic/AnyTopic.hpp
-- Installing: /home/samsung/go2_ws/src/go2_simulation/install/go2_jointcontroller/include/ddscxx/dds/LICENSE
-- Installing: /home/samsung/go2_ws/src/go2_simulation/install/go2_jointcontroller/include/ddscxx/dds/sub
-- Installing: /home/samsung/go2_ws/src/go2_simulation/install/go2_jointcontroller/include/ddscxx/dds/sub/detail
-- Installing: /home/samsung/go2_ws/src/go2_simulation/install/go2_jointcontroller/include/ddscxx/dds/sub/detail/TAnyDataReaderImpl.hpp
-- Installing: /home/samsung/go2_ws/src/go2_simulation/install/go2_jointcontroller/include/ddscxx/dds/sub/detail/TGenerationCountImpl.hpp
-- Installing: /home/samsung/go2_ws/src/go2_simulation/install/go2_jointcontroller/include/ddscxx/dds/sub/detail/TRankImpl.hpp
-- Installing: /home/samsung/go2_ws/src/go2_simulation/install/go2_jointcontroller/include/ddscxx/dds/sub/detail/SampleInfo.hpp
-- Installing: /home/samsung/go2_ws/src/go2_simulation/install/go2_jointcontroller/include/ddscxx/dds/sub/detail/Sample.hpp
-- Installing: /home/samsung/go2_ws/src/go2_simulation/install/go2_jointcontroller/include/ddscxx/dds/sub/detail/Rank.hpp
-- Installing: /home/samsung/go2_ws/src/go2_simulation/install/go2_jointcontroller/include/ddscxx/dds/sub/detail/TSubscriberImpl.hpp
-- Installing: /home/samsung/go2_ws/src/go2_simulation/install/go2_jointcontroller/include/ddscxx/dds/sub/detail/SampleRef.hpp
-- Installing: /home/samsung/go2_ws/src/go2_simulation/install/go2_jointcontroller/include/ddscxx/dds/sub/detail/Manipulators.hpp
-- Installing: /home/samsung/go2_ws/src/go2_simulation/install/go2_jointcontroller/include/ddscxx/dds/sub/detail/TSampleRefImpl.hpp
-- Installing: /home/samsung/go2_ws/src/go2_simulation/install/go2_jointcontroller/include/ddscxx/dds/sub/detail/TCoherentAccessImpl.hpp
-- Installing: /home/samsung/go2_ws/src/go2_simulation/install/go2_jointcontroller/include/ddscxx/dds/sub/detail/CoherentAccess.hpp
-- Installing: /home/samsung/go2_ws/src/go2_simulation/install/go2_jointcontroller/include/ddscxx/dds/sub/detail/AnyDataReader.hpp
-- Installing: /home/samsung/go2_ws/src/go2_simulation/install/go2_jointcontroller/include/ddscxx/dds/sub/detail/Subscriber.hpp
-- Installing: /home/samsung/go2_ws/src/go2_simulation/install/go2_jointcontroller/include/ddscxx/dds/sub/detail/SharedSamples.hpp
-- Installing: /home/samsung/go2_ws/src/go2_simulation/install/go2_jointcontroller/include/ddscxx/dds/sub/detail/LoanedSamplesImpl.hpp
-- Installing: /home/samsung/go2_ws/src/go2_simulation/install/go2_jointcontroller/include/ddscxx/dds/sub/detail/GenerationCount.hpp
-- Installing: /home/samsung/go2_ws/src/go2_simulation/install/go2_jointcontroller/include/ddscxx/dds/sub/detail/Query.hpp
-- Installing: /home/samsung/go2_ws/src/go2_simulation/install/go2_jointcontroller/include/ddscxx/dds/sub/detail/find.hpp
-- Installing: /home/samsung/go2_ws/src/go2_simulation/install/go2_jointcontroller/include/ddscxx/dds/sub/detail/TSampleInfoImpl.hpp
-- Installing: /home/samsung/go2_ws/src/go2_simulation/install/go2_jointcontroller/include/ddscxx/dds/sub/detail/SamplesHolder.hpp
-- Installing: /home/samsung/go2_ws/src/go2_simulation/install/go2_jointcontroller/include/ddscxx/dds/sub/detail/discovery.hpp
-- Installing: /home/samsung/go2_ws/src/go2_simulation/install/go2_jointcontroller/include/ddscxx/dds/sub/detail/TSampleImpl.hpp
-- Installing: /home/samsung/go2_ws/src/go2_simulation/install/go2_jointcontroller/include/ddscxx/dds/sub/detail/ddssub.hpp
-- Installing: /home/samsung/go2_ws/src/go2_simulation/install/go2_jointcontroller/include/ddscxx/dds/sub/detail/TDataReaderImpl.hpp
-- Installing: /home/samsung/go2_ws/src/go2_simulation/install/go2_jointcontroller/include/ddscxx/dds/sub/detail/DataReader.hpp
-- Installing: /home/samsung/go2_ws/src/go2_simulation/install/go2_jointcontroller/include/ddscxx/dds/sub/detail/SharedSamplesImpl.hpp
-- Installing: /home/samsung/go2_ws/src/go2_simulation/install/go2_jointcontroller/include/ddscxx/dds/sub/detail/TQueryImpl.hpp
-- Installing: /home/samsung/go2_ws/src/go2_simulation/install/go2_jointcontroller/include/ddscxx/dds/sub/detail/LoanedSamples.hpp
-- Installing: /home/samsung/go2_ws/src/go2_simulation/install/go2_jointcontroller/include/ddscxx/dds/sub/AnyDataReaderListener.hpp
-- Installing: /home/samsung/go2_ws/src/go2_simulation/install/go2_jointcontroller/include/ddscxx/dds/sub/SampleInfo.hpp
-- Installing: /home/samsung/go2_ws/src/go2_simulation/install/go2_jointcontroller/include/ddscxx/dds/sub/qos
-- Installing: /home/samsung/go2_ws/src/go2_simulation/install/go2_jointcontroller/include/ddscxx/dds/sub/qos/detail
-- Installing: /home/samsung/go2_ws/src/go2_simulation/install/go2_jointcontroller/include/ddscxx/dds/sub/qos/detail/DataReaderQos.hpp
-- Installing: /home/samsung/go2_ws/src/go2_simulation/install/go2_jointcontroller/include/ddscxx/dds/sub/qos/detail/SubscriberQos.hpp
-- Installing: /home/samsung/go2_ws/src/go2_simulation/install/go2_jointcontroller/include/ddscxx/dds/sub/qos/DataReaderQos.hpp
-- Installing: /home/samsung/go2_ws/src/go2_simulation/install/go2_jointcontroller/include/ddscxx/dds/sub/qos/SubscriberQos.hpp
-- Installing: /home/samsung/go2_ws/src/go2_simulation/install/go2_jointcontroller/include/ddscxx/dds/sub/Sample.hpp
-- Installing: /home/samsung/go2_ws/src/go2_simulation/install/go2_jointcontroller/include/ddscxx/dds/sub/TSubscriber.hpp
-- Installing: /home/samsung/go2_ws/src/go2_simulation/install/go2_jointcontroller/include/ddscxx/dds/sub/TDataReader.hpp
-- Installing: /home/samsung/go2_ws/src/go2_simulation/install/go2_jointcontroller/include/ddscxx/dds/sub/Rank.hpp
-- Installing: /home/samsung/go2_ws/src/go2_simulation/install/go2_jointcontroller/include/ddscxx/dds/sub/TQuery.hpp
-- Installing: /home/samsung/go2_ws/src/go2_simulation/install/go2_jointcontroller/include/ddscxx/dds/sub/SampleRef.hpp
-- Installing: /home/samsung/go2_ws/src/go2_simulation/install/go2_jointcontroller/include/ddscxx/dds/sub/TSample.hpp
-- Installing: /home/samsung/go2_ws/src/go2_simulation/install/go2_jointcontroller/include/ddscxx/dds/sub/SubscriberListener.hpp
-- Installing: /home/samsung/go2_ws/src/go2_simulation/install/go2_jointcontroller/include/ddscxx/dds/sub/cond
-- Installing: /home/samsung/go2_ws/src/go2_simulation/install/go2_jointcontroller/include/ddscxx/dds/sub/cond/detail
-- Installing: /home/samsung/go2_ws/src/go2_simulation/install/go2_jointcontroller/include/ddscxx/dds/sub/cond/detail/TReadConditionImpl.hpp
-- Installing: /home/samsung/go2_ws/src/go2_simulation/install/go2_jointcontroller/include/ddscxx/dds/sub/cond/detail/ReadCondition.hpp
-- Installing: /home/samsung/go2_ws/src/go2_simulation/install/go2_jointcontroller/include/ddscxx/dds/sub/cond/detail/TQueryConditionImpl.hpp
-- Installing: /home/samsung/go2_ws/src/go2_simulation/install/go2_jointcontroller/include/ddscxx/dds/sub/cond/detail/QueryCondition.hpp
-- Installing: /home/samsung/go2_ws/src/go2_simulation/install/go2_jointcontroller/include/ddscxx/dds/sub/cond/TReadCondition.hpp
-- Installing: /home/samsung/go2_ws/src/go2_simulation/install/go2_jointcontroller/include/ddscxx/dds/sub/cond/ReadCondition.hpp
-- Installing: /home/samsung/go2_ws/src/go2_simulation/install/go2_jointcontroller/include/ddscxx/dds/sub/cond/QueryCondition.hpp
-- Installing: /home/samsung/go2_ws/src/go2_simulation/install/go2_jointcontroller/include/ddscxx/dds/sub/cond/TQueryCondition.hpp
-- Installing: /home/samsung/go2_ws/src/go2_simulation/install/go2_jointcontroller/include/ddscxx/dds/sub/CoherentAccess.hpp
-- Installing: /home/samsung/go2_ws/src/go2_simulation/install/go2_jointcontroller/include/ddscxx/dds/sub/AnyDataReader.hpp
-- Installing: /home/samsung/go2_ws/src/go2_simulation/install/go2_jointcontroller/include/ddscxx/dds/sub/Subscriber.hpp
-- Installing: /home/samsung/go2_ws/src/go2_simulation/install/go2_jointcontroller/include/ddscxx/dds/sub/SharedSamples.hpp
-- Installing: /home/samsung/go2_ws/src/go2_simulation/install/go2_jointcontroller/include/ddscxx/dds/sub/TGenerationCount.hpp
-- Installing: /home/samsung/go2_ws/src/go2_simulation/install/go2_jointcontroller/include/ddscxx/dds/sub/TCoherentAccess.hpp
-- Installing: /home/samsung/go2_ws/src/go2_simulation/install/go2_jointcontroller/include/ddscxx/dds/sub/GenerationCount.hpp
-- Installing: /home/samsung/go2_ws/src/go2_simulation/install/go2_jointcontroller/include/ddscxx/dds/sub/Query.hpp
-- Installing: /home/samsung/go2_ws/src/go2_simulation/install/go2_jointcontroller/include/ddscxx/dds/sub/status
-- Installing: /home/samsung/go2_ws/src/go2_simulation/install/go2_jointcontroller/include/ddscxx/dds/sub/status/detail
-- Installing: /home/samsung/go2_ws/src/go2_simulation/install/go2_jointcontroller/include/ddscxx/dds/sub/status/detail/DataStateImpl.hpp
-- Installing: /home/samsung/go2_ws/src/go2_simulation/install/go2_jointcontroller/include/ddscxx/dds/sub/status/DataState.hpp
-- Installing: /home/samsung/go2_ws/src/go2_simulation/install/go2_jointcontroller/include/ddscxx/dds/sub/find.hpp
-- Installing: /home/samsung/go2_ws/src/go2_simulation/install/go2_jointcontroller/include/ddscxx/dds/sub/DataReaderListener.hpp
-- Installing: /home/samsung/go2_ws/src/go2_simulation/install/go2_jointcontroller/include/ddscxx/dds/sub/TAnyDataReader.hpp
-- Installing: /home/samsung/go2_ws/src/go2_simulation/install/go2_jointcontroller/include/ddscxx/dds/sub/TSampleInfo.hpp
-- Installing: /home/samsung/go2_ws/src/go2_simulation/install/go2_jointcontroller/include/ddscxx/dds/sub/discovery.hpp
-- Installing: /home/samsung/go2_ws/src/go2_simulation/install/go2_jointcontroller/include/ddscxx/dds/sub/ddssub.hpp
-- Installing: /home/samsung/go2_ws/src/go2_simulation/install/go2_jointcontroller/include/ddscxx/dds/sub/DataReader.hpp
-- Installing: /home/samsung/go2_ws/src/go2_simulation/install/go2_jointcontroller/include/ddscxx/dds/sub/TSampleRef.hpp
-- Installing: /home/samsung/go2_ws/src/go2_simulation/install/go2_jointcontroller/include/ddscxx/dds/sub/LoanedSamples.hpp
-- Installing: /home/samsung/go2_ws/src/go2_simulation/install/go2_jointcontroller/include/ddscxx/dds/sub/TRank.hpp
-- Installing: /home/samsung/go2_ws/src/go2_simulation/install/go2_jointcontroller/include/ddscxx/dds/features.hpp
-- Installing: /home/samsung/go2_ws/src/go2_simulation/install/go2_jointcontroller/include/ddscxx/dds/core
-- Installing: /home/samsung/go2_ws/src/go2_simulation/install/go2_jointcontroller/include/ddscxx/dds/core/detail
-- Installing: /home/samsung/go2_ws/src/go2_simulation/install/go2_jointcontroller/include/ddscxx/dds/core/detail/QosProvider.hpp
-- Installing: /home/samsung/go2_ws/src/go2_simulation/install/go2_jointcontroller/include/ddscxx/dds/core/detail/inttypes.hpp
-- Installing: /home/samsung/go2_ws/src/go2_simulation/install/go2_jointcontroller/include/ddscxx/dds/core/detail/macros.hpp
-- Installing: /home/samsung/go2_ws/src/go2_simulation/install/go2_jointcontroller/include/ddscxx/dds/core/detail/ddscore.hpp
-- Installing: /home/samsung/go2_ws/src/go2_simulation/install/go2_jointcontroller/include/ddscxx/dds/core/detail/TEntityImpl.hpp
-- Installing: /home/samsung/go2_ws/src/go2_simulation/install/go2_jointcontroller/include/ddscxx/dds/core/detail/ref_traits.hpp
-- Installing: /home/samsung/go2_ws/src/go2_simulation/install/go2_jointcontroller/include/ddscxx/dds/core/detail/WeakReferenceImpl.hpp
-- Installing: /home/samsung/go2_ws/src/go2_simulation/install/go2_jointcontroller/include/ddscxx/dds/core/detail/Entity.hpp
-- Installing: /home/samsung/go2_ws/src/go2_simulation/install/go2_jointcontroller/include/ddscxx/dds/core/detail/ReferenceImpl.hpp
-- Installing: /home/samsung/go2_ws/src/go2_simulation/install/go2_jointcontroller/include/ddscxx/dds/core/detail/TQosProviderImpl.hpp
-- Installing: /home/samsung/go2_ws/src/go2_simulation/install/go2_jointcontroller/include/ddscxx/dds/core/detail/array.hpp
-- Installing: /home/samsung/go2_ws/src/go2_simulation/install/go2_jointcontroller/include/ddscxx/dds/core/detail/old_win_stdint.h
-- Installing: /home/samsung/go2_ws/src/go2_simulation/install/go2_jointcontroller/include/ddscxx/dds/core/detail/export.hpp
-- Installing: /home/samsung/go2_ws/src/go2_simulation/install/go2_jointcontroller/include/ddscxx/dds/core/detail/conformance.hpp
-- Installing: /home/samsung/go2_ws/src/go2_simulation/install/go2_jointcontroller/include/ddscxx/dds/core/detail/InstanceHandle.hpp
-- Installing: /home/samsung/go2_ws/src/go2_simulation/install/go2_jointcontroller/include/ddscxx/dds/core/detail/TInstanceHandleImpl.hpp
-- Installing: /home/samsung/go2_ws/src/go2_simulation/install/go2_jointcontroller/include/ddscxx/dds/core/detail/TEntityQosImpl.hpp
-- Installing: /home/samsung/go2_ws/src/go2_simulation/install/go2_jointcontroller/include/ddscxx/dds/core/detail/BuiltinTopicTypes.hpp
-- Installing: /home/samsung/go2_ws/src/go2_simulation/install/go2_jointcontroller/include/ddscxx/dds/core/detail/module_docs.hpp
-- Installing: /home/samsung/go2_ws/src/go2_simulation/install/go2_jointcontroller/include/ddscxx/dds/core/detail/Value.hpp
-- Installing: /home/samsung/go2_ws/src/go2_simulation/install/go2_jointcontroller/include/ddscxx/dds/core/QosProvider.hpp
-- Installing: /home/samsung/go2_ws/src/go2_simulation/install/go2_jointcontroller/include/ddscxx/dds/core/External.hpp
-- Installing: /home/samsung/go2_ws/src/go2_simulation/install/go2_jointcontroller/include/ddscxx/dds/core/TInstanceHandle.hpp
-- Installing: /home/samsung/go2_ws/src/go2_simulation/install/go2_jointcontroller/include/ddscxx/dds/core/macros.hpp
-- Installing: /home/samsung/go2_ws/src/go2_simulation/install/go2_jointcontroller/include/ddscxx/dds/core/ddscore.hpp
-- Installing: /home/samsung/go2_ws/src/go2_simulation/install/go2_jointcontroller/include/ddscxx/dds/core/types.hpp
-- Installing: /home/samsung/go2_ws/src/go2_simulation/install/go2_jointcontroller/include/ddscxx/dds/core/SafeEnumeration.hpp
-- Installing: /home/samsung/go2_ws/src/go2_simulation/install/go2_jointcontroller/include/ddscxx/dds/core/Time.hpp
-- Installing: /home/samsung/go2_ws/src/go2_simulation/install/go2_jointcontroller/include/ddscxx/dds/core/ref_traits.hpp
-- Installing: /home/samsung/go2_ws/src/go2_simulation/install/go2_jointcontroller/include/ddscxx/dds/core/refmacros.hpp
-- Installing: /home/samsung/go2_ws/src/go2_simulation/install/go2_jointcontroller/include/ddscxx/dds/core/Duration.hpp
-- Installing: /home/samsung/go2_ws/src/go2_simulation/install/go2_jointcontroller/include/ddscxx/dds/core/TBuiltinTopicTypes.hpp
-- Installing: /home/samsung/go2_ws/src/go2_simulation/install/go2_jointcontroller/include/ddscxx/dds/core/cond
-- Installing: /home/samsung/go2_ws/src/go2_simulation/install/go2_jointcontroller/include/ddscxx/dds/core/cond/detail
-- Installing: /home/samsung/go2_ws/src/go2_simulation/install/go2_jointcontroller/include/ddscxx/dds/core/cond/detail/TWaitSetImpl.hpp
-- Installing: /home/samsung/go2_ws/src/go2_simulation/install/go2_jointcontroller/include/ddscxx/dds/core/cond/detail/TStatusConditionImpl.hpp
-- Installing: /home/samsung/go2_ws/src/go2_simulation/install/go2_jointcontroller/include/ddscxx/dds/core/cond/detail/StatusCondition.hpp
-- Installing: /home/samsung/go2_ws/src/go2_simulation/install/go2_jointcontroller/include/ddscxx/dds/core/cond/detail/WaitSet.hpp
-- Installing: /home/samsung/go2_ws/src/go2_simulation/install/go2_jointcontroller/include/ddscxx/dds/core/cond/detail/Condition.hpp
-- Installing: /home/samsung/go2_ws/src/go2_simulation/install/go2_jointcontroller/include/ddscxx/dds/core/cond/detail/TConditionImpl.hpp
-- Installing: /home/samsung/go2_ws/src/go2_simulation/install/go2_jointcontroller/include/ddscxx/dds/core/cond/detail/TGuardConditionImpl.hpp
-- Installing: /home/samsung/go2_ws/src/go2_simulation/install/go2_jointcontroller/include/ddscxx/dds/core/cond/detail/GuardCondition.hpp
-- Installing: /home/samsung/go2_ws/src/go2_simulation/install/go2_jointcontroller/include/ddscxx/dds/core/cond/TWaitSet.hpp
-- Installing: /home/samsung/go2_ws/src/go2_simulation/install/go2_jointcontroller/include/ddscxx/dds/core/cond/TGuardCondition.hpp
-- Installing: /home/samsung/go2_ws/src/go2_simulation/install/go2_jointcontroller/include/ddscxx/dds/core/cond/StatusCondition.hpp
-- Installing: /home/samsung/go2_ws/src/go2_simulation/install/go2_jointcontroller/include/ddscxx/dds/core/cond/WaitSet.hpp
-- Installing: /home/samsung/go2_ws/src/go2_simulation/install/go2_jointcontroller/include/ddscxx/dds/core/cond/Condition.hpp
-- Installing: /home/samsung/go2_ws/src/go2_simulation/install/go2_jointcontroller/include/ddscxx/dds/core/cond/TCondition.hpp
-- Installing: /home/samsung/go2_ws/src/go2_simulation/install/go2_jointcontroller/include/ddscxx/dds/core/cond/GuardCondition.hpp
-- Installing: /home/samsung/go2_ws/src/go2_simulation/install/go2_jointcontroller/include/ddscxx/dds/core/cond/TStatusCondition.hpp
-- Installing: /home/samsung/go2_ws/src/go2_simulation/install/go2_jointcontroller/include/ddscxx/dds/core/Exception.hpp
-- Installing: /home/samsung/go2_ws/src/go2_simulation/install/go2_jointcontroller/include/ddscxx/dds/core/Entity.hpp
-- Installing: /home/samsung/go2_ws/src/go2_simulation/install/go2_jointcontroller/include/ddscxx/dds/core/array.hpp
-- Installing: /home/samsung/go2_ws/src/go2_simulation/install/go2_jointcontroller/include/ddscxx/dds/core/status
-- Installing: /home/samsung/go2_ws/src/go2_simulation/install/go2_jointcontroller/include/ddscxx/dds/core/status/detail
-- Installing: /home/samsung/go2_ws/src/go2_simulation/install/go2_jointcontroller/include/ddscxx/dds/core/status/detail/TStatusImpl.hpp
-- Installing: /home/samsung/go2_ws/src/go2_simulation/install/go2_jointcontroller/include/ddscxx/dds/core/status/detail/Status.hpp
-- Installing: /home/samsung/go2_ws/src/go2_simulation/install/go2_jointcontroller/include/ddscxx/dds/core/status/TStatus.hpp
-- Installing: /home/samsung/go2_ws/src/go2_simulation/install/go2_jointcontroller/include/ddscxx/dds/core/status/State.hpp
-- Installing: /home/samsung/go2_ws/src/go2_simulation/install/go2_jointcontroller/include/ddscxx/dds/core/status/Status.hpp
-- Installing: /home/samsung/go2_ws/src/go2_simulation/install/go2_jointcontroller/include/ddscxx/dds/core/Reference.hpp
-- Installing: /home/samsung/go2_ws/src/go2_simulation/install/go2_jointcontroller/include/ddscxx/dds/core/xtypes
-- Installing: /home/samsung/go2_ws/src/go2_simulation/install/go2_jointcontroller/include/ddscxx/dds/core/xtypes/detail
-- Installing: /home/samsung/go2_ws/src/go2_simulation/install/go2_jointcontroller/include/ddscxx/dds/core/xtypes/detail/DynamicData.hpp
-- Installing: /home/samsung/go2_ws/src/go2_simulation/install/go2_jointcontroller/include/ddscxx/dds/core/xtypes/detail/StructType.hpp
-- Installing: /home/samsung/go2_ws/src/go2_simulation/install/go2_jointcontroller/include/ddscxx/dds/core/xtypes/detail/UnionType.hpp
-- Installing: /home/samsung/go2_ws/src/go2_simulation/install/go2_jointcontroller/include/ddscxx/dds/core/xtypes/detail/DynamicType.hpp
-- Installing: /home/samsung/go2_ws/src/go2_simulation/install/go2_jointcontroller/include/ddscxx/dds/core/xtypes/detail/UnionCase.hpp
-- Installing: /home/samsung/go2_ws/src/go2_simulation/install/go2_jointcontroller/include/ddscxx/dds/core/xtypes/detail/Annotation.hpp
-- Installing: /home/samsung/go2_ws/src/go2_simulation/install/go2_jointcontroller/include/ddscxx/dds/core/xtypes/detail/MemberType.hpp
-- Installing: /home/samsung/go2_ws/src/go2_simulation/install/go2_jointcontroller/include/ddscxx/dds/core/xtypes/detail/TypeProvider.hpp
-- Installing: /home/samsung/go2_ws/src/go2_simulation/install/go2_jointcontroller/include/ddscxx/dds/core/xtypes/detail/PrimitiveTypes.hpp
-- Installing: /home/samsung/go2_ws/src/go2_simulation/install/go2_jointcontroller/include/ddscxx/dds/core/xtypes/detail/CollectionTypes.hpp
-- Installing: /home/samsung/go2_ws/src/go2_simulation/install/go2_jointcontroller/include/ddscxx/dds/core/xtypes/TDynamicData.hpp
-- Installing: /home/samsung/go2_ws/src/go2_simulation/install/go2_jointcontroller/include/ddscxx/dds/core/xtypes/DynamicData.hpp
-- Installing: /home/samsung/go2_ws/src/go2_simulation/install/go2_jointcontroller/include/ddscxx/dds/core/xtypes/StructType.hpp
-- Installing: /home/samsung/go2_ws/src/go2_simulation/install/go2_jointcontroller/include/ddscxx/dds/core/xtypes/TDynamicType.hpp
-- Installing: /home/samsung/go2_ws/src/go2_simulation/install/go2_jointcontroller/include/ddscxx/dds/core/xtypes/TAnnotation.hpp
-- Installing: /home/samsung/go2_ws/src/go2_simulation/install/go2_jointcontroller/include/ddscxx/dds/core/xtypes/TTypeProvider.hpp
-- Installing: /home/samsung/go2_ws/src/go2_simulation/install/go2_jointcontroller/include/ddscxx/dds/core/xtypes/UnionType.hpp
-- Installing: /home/samsung/go2_ws/src/go2_simulation/install/go2_jointcontroller/include/ddscxx/dds/core/xtypes/DynamicType.hpp
-- Installing: /home/samsung/go2_ws/src/go2_simulation/install/go2_jointcontroller/include/ddscxx/dds/core/xtypes/UnionCase.hpp
-- Installing: /home/samsung/go2_ws/src/go2_simulation/install/go2_jointcontroller/include/ddscxx/dds/core/xtypes/TypeKind.hpp
-- Installing: /home/samsung/go2_ws/src/go2_simulation/install/go2_jointcontroller/include/ddscxx/dds/core/xtypes/TCollectionTypes.hpp
-- Installing: /home/samsung/go2_ws/src/go2_simulation/install/go2_jointcontroller/include/ddscxx/dds/core/xtypes/TStructType.hpp
-- Installing: /home/samsung/go2_ws/src/go2_simulation/install/go2_jointcontroller/include/ddscxx/dds/core/xtypes/MemberType.hpp
-- Installing: /home/samsung/go2_ws/src/go2_simulation/install/go2_jointcontroller/include/ddscxx/dds/core/xtypes/Annotations.hpp
-- Installing: /home/samsung/go2_ws/src/go2_simulation/install/go2_jointcontroller/include/ddscxx/dds/core/xtypes/TypeProvider.hpp
-- Installing: /home/samsung/go2_ws/src/go2_simulation/install/go2_jointcontroller/include/ddscxx/dds/core/xtypes/TMemberType.hpp
-- Installing: /home/samsung/go2_ws/src/go2_simulation/install/go2_jointcontroller/include/ddscxx/dds/core/xtypes/PrimitiveTypes.hpp
-- Installing: /home/samsung/go2_ws/src/go2_simulation/install/go2_jointcontroller/include/ddscxx/dds/core/xtypes/CollectionTypes.hpp
-- Installing: /home/samsung/go2_ws/src/go2_simulation/install/go2_jointcontroller/include/ddscxx/dds/core/TQosProvider.hpp
-- Installing: /home/samsung/go2_ws/src/go2_simulation/install/go2_jointcontroller/include/ddscxx/dds/core/TEntity.hpp
-- Installing: /home/samsung/go2_ws/src/go2_simulation/install/go2_jointcontroller/include/ddscxx/dds/core/conformance.hpp
-- Installing: /home/samsung/go2_ws/src/go2_simulation/install/go2_jointcontroller/include/ddscxx/dds/core/LengthUnlimited.hpp
-- Installing: /home/samsung/go2_ws/src/go2_simulation/install/go2_jointcontroller/include/ddscxx/dds/core/Optional.hpp
-- Installing: /home/samsung/go2_ws/src/go2_simulation/install/go2_jointcontroller/include/ddscxx/dds/core/InstanceHandle.hpp
-- Installing: /home/samsung/go2_ws/src/go2_simulation/install/go2_jointcontroller/include/ddscxx/dds/core/policy
-- Installing: /home/samsung/go2_ws/src/go2_simulation/install/go2_jointcontroller/include/ddscxx/dds/core/policy/detail
-- Installing: /home/samsung/go2_ws/src/go2_simulation/install/go2_jointcontroller/include/ddscxx/dds/core/policy/detail/QosPolicyCount.hpp
-- Installing: /home/samsung/go2_ws/src/go2_simulation/install/go2_jointcontroller/include/ddscxx/dds/core/policy/detail/CorePolicy.hpp
-- Installing: /home/samsung/go2_ws/src/go2_simulation/install/go2_jointcontroller/include/ddscxx/dds/core/policy/detail/TQosPolicyCountImpl.hpp
-- Installing: /home/samsung/go2_ws/src/go2_simulation/install/go2_jointcontroller/include/ddscxx/dds/core/policy/detail/TCorePolicyImpl.hpp
-- Installing: /home/samsung/go2_ws/src/go2_simulation/install/go2_jointcontroller/include/ddscxx/dds/core/policy/PolicyKind.hpp
-- Installing: /home/samsung/go2_ws/src/go2_simulation/install/go2_jointcontroller/include/ddscxx/dds/core/policy/TCorePolicy.hpp
-- Installing: /home/samsung/go2_ws/src/go2_simulation/install/go2_jointcontroller/include/ddscxx/dds/core/policy/QosPolicyCount.hpp
-- Installing: /home/samsung/go2_ws/src/go2_simulation/install/go2_jointcontroller/include/ddscxx/dds/core/policy/CorePolicy.hpp
-- Installing: /home/samsung/go2_ws/src/go2_simulation/install/go2_jointcontroller/include/ddscxx/dds/core/policy/TQosPolicyCount.hpp
-- Installing: /home/samsung/go2_ws/src/go2_simulation/install/go2_jointcontroller/include/ddscxx/dds/core/WeakReference.hpp
-- Installing: /home/samsung/go2_ws/src/go2_simulation/install/go2_jointcontroller/include/ddscxx/dds/core/BuiltinTopicTypes.hpp
-- Installing: /home/samsung/go2_ws/src/go2_simulation/install/go2_jointcontroller/include/ddscxx/dds/core/TEntityQos.hpp
-- Installing: /home/samsung/go2_ws/src/go2_simulation/install/go2_jointcontroller/include/ddscxx/dds/core/Value.hpp
-- Installing: /home/samsung/go2_ws/src/go2_simulation/install/go2_jointcontroller/include/ddscxx/dds/pub
-- Installing: /home/samsung/go2_ws/src/go2_simulation/install/go2_jointcontroller/include/ddscxx/dds/pub/detail
-- Installing: /home/samsung/go2_ws/src/go2_simulation/install/go2_jointcontroller/include/ddscxx/dds/pub/detail/ddspub.hpp
-- Installing: /home/samsung/go2_ws/src/go2_simulation/install/go2_jointcontroller/include/ddscxx/dds/pub/detail/TPublisherImpl.hpp
-- Installing: /home/samsung/go2_ws/src/go2_simulation/install/go2_jointcontroller/include/ddscxx/dds/pub/detail/TCoherentSetImpl.hpp
-- Installing: /home/samsung/go2_ws/src/go2_simulation/install/go2_jointcontroller/include/ddscxx/dds/pub/detail/Publisher.hpp
-- Installing: /home/samsung/go2_ws/src/go2_simulation/install/go2_jointcontroller/include/ddscxx/dds/pub/detail/DataWriter.hpp
-- Installing: /home/samsung/go2_ws/src/go2_simulation/install/go2_jointcontroller/include/ddscxx/dds/pub/detail/DataWriterImpl.hpp
-- Installing: /home/samsung/go2_ws/src/go2_simulation/install/go2_jointcontroller/include/ddscxx/dds/pub/detail/SuspendedPublication.hpp
-- Installing: /home/samsung/go2_ws/src/go2_simulation/install/go2_jointcontroller/include/ddscxx/dds/pub/detail/find.hpp
-- Installing: /home/samsung/go2_ws/src/go2_simulation/install/go2_jointcontroller/include/ddscxx/dds/pub/detail/CoherentSet.hpp
-- Installing: /home/samsung/go2_ws/src/go2_simulation/install/go2_jointcontroller/include/ddscxx/dds/pub/detail/TAnyDataWriterImpl.hpp
-- Installing: /home/samsung/go2_ws/src/go2_simulation/install/go2_jointcontroller/include/ddscxx/dds/pub/detail/discovery.hpp
-- Installing: /home/samsung/go2_ws/src/go2_simulation/install/go2_jointcontroller/include/ddscxx/dds/pub/detail/TSuspendedPublicationImpl.hpp
-- Installing: /home/samsung/go2_ws/src/go2_simulation/install/go2_jointcontroller/include/ddscxx/dds/pub/detail/AnyDataWriter.hpp
-- Installing: /home/samsung/go2_ws/src/go2_simulation/install/go2_jointcontroller/include/ddscxx/dds/pub/ddspub.hpp
-- Installing: /home/samsung/go2_ws/src/go2_simulation/install/go2_jointcontroller/include/ddscxx/dds/pub/qos
-- Installing: /home/samsung/go2_ws/src/go2_simulation/install/go2_jointcontroller/include/ddscxx/dds/pub/qos/detail
-- Installing: /home/samsung/go2_ws/src/go2_simulation/install/go2_jointcontroller/include/ddscxx/dds/pub/qos/detail/DataWriterQos.hpp
-- Installing: /home/samsung/go2_ws/src/go2_simulation/install/go2_jointcontroller/include/ddscxx/dds/pub/qos/detail/PublisherQos.hpp
-- Installing: /home/samsung/go2_ws/src/go2_simulation/install/go2_jointcontroller/include/ddscxx/dds/pub/qos/DataWriterQos.hpp
-- Installing: /home/samsung/go2_ws/src/go2_simulation/install/go2_jointcontroller/include/ddscxx/dds/pub/qos/PublisherQos.hpp
-- Installing: /home/samsung/go2_ws/src/go2_simulation/install/go2_jointcontroller/include/ddscxx/dds/pub/PublisherListener.hpp
-- Installing: /home/samsung/go2_ws/src/go2_simulation/install/go2_jointcontroller/include/ddscxx/dds/pub/Publisher.hpp
-- Installing: /home/samsung/go2_ws/src/go2_simulation/install/go2_jointcontroller/include/ddscxx/dds/pub/TPublisher.hpp
-- Installing: /home/samsung/go2_ws/src/go2_simulation/install/go2_jointcontroller/include/ddscxx/dds/pub/DataWriter.hpp
-- Installing: /home/samsung/go2_ws/src/go2_simulation/install/go2_jointcontroller/include/ddscxx/dds/pub/TCoherentSet.hpp
-- Installing: /home/samsung/go2_ws/src/go2_simulation/install/go2_jointcontroller/include/ddscxx/dds/pub/SuspendedPublication.hpp
-- Installing: /home/samsung/go2_ws/src/go2_simulation/install/go2_jointcontroller/include/ddscxx/dds/pub/find.hpp
-- Installing: /home/samsung/go2_ws/src/go2_simulation/install/go2_jointcontroller/include/ddscxx/dds/pub/CoherentSet.hpp
-- Installing: /home/samsung/go2_ws/src/go2_simulation/install/go2_jointcontroller/include/ddscxx/dds/pub/discovery.hpp
-- Installing: /home/samsung/go2_ws/src/go2_simulation/install/go2_jointcontroller/include/ddscxx/dds/pub/DataWriterListener.hpp
-- Installing: /home/samsung/go2_ws/src/go2_simulation/install/go2_jointcontroller/include/ddscxx/dds/pub/TAnyDataWriter.hpp
-- Installing: /home/samsung/go2_ws/src/go2_simulation/install/go2_jointcontroller/include/ddscxx/dds/pub/AnyDataWriterListener.hpp
-- Installing: /home/samsung/go2_ws/src/go2_simulation/install/go2_jointcontroller/include/ddscxx/dds/pub/TSuspendedPublication.hpp
-- Installing: /home/samsung/go2_ws/src/go2_simulation/install/go2_jointcontroller/include/ddscxx/dds/pub/AnyDataWriter.hpp
-- Installing: /home/samsung/go2_ws/src/go2_simulation/install/go2_jointcontroller/include/ddscxx/dds/domain
-- Installing: /home/samsung/go2_ws/src/go2_simulation/install/go2_jointcontroller/include/ddscxx/dds/domain/detail
-- Installing: /home/samsung/go2_ws/src/go2_simulation/install/go2_jointcontroller/include/ddscxx/dds/domain/detail/ddsdomain.hpp
-- Installing: /home/samsung/go2_ws/src/go2_simulation/install/go2_jointcontroller/include/ddscxx/dds/domain/detail/TDomainParticipantImpl.hpp
-- Installing: /home/samsung/go2_ws/src/go2_simulation/install/go2_jointcontroller/include/ddscxx/dds/domain/detail/DomainParticipant.hpp
-- Installing: /home/samsung/go2_ws/src/go2_simulation/install/go2_jointcontroller/include/ddscxx/dds/domain/qos
-- Installing: /home/samsung/go2_ws/src/go2_simulation/install/go2_jointcontroller/include/ddscxx/dds/domain/qos/detail
-- Installing: /home/samsung/go2_ws/src/go2_simulation/install/go2_jointcontroller/include/ddscxx/dds/domain/qos/detail/DomainParticipantQos.hpp
-- Installing: /home/samsung/go2_ws/src/go2_simulation/install/go2_jointcontroller/include/ddscxx/dds/domain/qos/DomainParticipantQos.hpp
-- Installing: /home/samsung/go2_ws/src/go2_simulation/install/go2_jointcontroller/include/ddscxx/dds/domain/DomainParticipantListener.hpp
-- Installing: /home/samsung/go2_ws/src/go2_simulation/install/go2_jointcontroller/include/ddscxx/dds/domain/ddsdomain.hpp
-- Installing: /home/samsung/go2_ws/src/go2_simulation/install/go2_jointcontroller/include/ddscxx/dds/domain/find.hpp
-- Installing: /home/samsung/go2_ws/src/go2_simulation/install/go2_jointcontroller/include/ddscxx/dds/domain/DomainParticipant.hpp
-- Installing: /home/samsung/go2_ws/src/go2_simulation/install/go2_jointcontroller/include/ddscxx/dds/domain/discovery.hpp
-- Installing: /home/samsung/go2_ws/src/go2_simulation/install/go2_jointcontroller/include/ddscxx/dds/domain/TDomainParticipant.hpp
