[0.065s] Invoking command in '/home/samsung/go2_ws/src/go2_simulation/build/go2_jointcontroller': AMENT_PREFIX_PATH=/home/samsung/go2_ws/src/go2_simulation/install/unitree_go:/home/samsung/go2_ws/src/go2_simulation/install/go2_interfaces:${AMENT_PREFIX_PATH} CMAKE_PREFIX_PATH=/home/samsung/go2_ws/src/go2_simulation/install/unitree_go:/home/samsung/go2_ws/src/go2_simulation/install/go2_interfaces:/home/samsung/go2_ws/install/imu_to_odom:/home/samsung/go2_ws/install/go2_real:/home/samsung/go2_ws/install/go2_gzsim:/home/samsung/go2_ws/install/go2_remap:/home/samsung/go2_ws/install/go2_refs:/home/samsung/go2_ws/install/go2_lowstates:/home/samsung/go2_ws/install/go2_jointcontroller:/home/samsung/go2_ws/install/go2_ekf:/home/samsung/go2_ws/install/go2_actuator:/home/samsung/go2_ws/install/unitree_go:/home/samsung/go2_ws/install/go2_rgc:/home/samsung/go2_ws/install/go2_interfaces:/home/samsung/go2_ws/install/go2_description:/opt/ros/jazzy/opt/gz_sim_vendor:/opt/ros/jazzy/opt/gz_sensors_vendor:/opt/ros/jazzy/opt/gz_physics_vendor:/opt/ros/jazzy/opt/sdformat_vendor:/opt/ros/jazzy/opt/gz_gui_vendor:/opt/ros/jazzy/opt/gz_transport_vendor:/opt/ros/jazzy/opt/gz_rendering_vendor:/opt/ros/jazzy/opt/gz_plugin_vendor:/opt/ros/jazzy/opt/gz_fuel_tools_vendor:/opt/ros/jazzy/opt/gz_msgs_vendor:/opt/ros/jazzy/opt/gz_common_vendor:/opt/ros/jazzy/opt/gz_math_vendor:/opt/ros/jazzy/opt/gz_utils_vendor:/opt/ros/jazzy/opt/gz_tools_vendor:/opt/ros/jazzy/opt/gz_ogre_next_vendor:/opt/ros/jazzy/opt/gz_dartsim_vendor:/opt/ros/jazzy/opt/gz_cmake_vendor:/opt/ros/jazzy DEBUGINFOD_URLS=https://debuginfod.ubuntu.com LD_LIBRARY_PATH=/home/samsung/go2_ws/src/go2_simulation/install/unitree_go/lib:/home/samsung/go2_ws/src/go2_simulation/install/go2_interfaces/lib:${LD_LIBRARY_PATH} PYTHONPATH=/home/samsung/go2_ws/src/go2_simulation/install/unitree_go/lib/python3.12/site-packages:/home/samsung/go2_ws/src/go2_simulation/install/go2_interfaces/lib/python3.12/site-packages:${PYTHONPATH} /usr/bin/cmake /home/samsung/go2_ws/src/go2_simulation/go2_jointcontroller -DCMAKE_INSTALL_PREFIX=/home/samsung/go2_ws/src/go2_simulation/install/go2_jointcontroller
[0.286s] -- The C compiler identification is GNU 13.3.0
[0.516s] -- The CXX compiler identification is GNU 13.3.0
[0.567s] -- Detecting C compiler ABI info
[0.866s] -- Detecting C compiler ABI info - done
[0.930s] -- Check for working C compiler: /usr/bin/cc - skipped
[0.931s] -- Detecting C compile features
[0.934s] -- Detecting C compile features - done
[0.966s] -- Detecting CXX compiler ABI info
[1.385s] -- Detecting CXX compiler ABI info - done
[1.448s] -- Check for working CXX compiler: /usr/bin/c++ - skipped
[1.449s] -- Detecting CXX compile features
[1.451s] -- Detecting CXX compile features - done
[1.466s] -- Found ament_cmake: 2.5.4 (/opt/ros/jazzy/share/ament_cmake/cmake)
[2.047s] -- Found Python3: /usr/bin/python3 (found version "3.12.3") found components: Interpreter 
[2.532s] -- Found controller_interface: 4.35.0 (/opt/ros/jazzy/share/controller_interface/cmake)
[2.725s] -- Found rosidl_generator_c: 4.6.6 (/opt/ros/jazzy/share/rosidl_generator_c/cmake)
[2.806s] -- Found rosidl_generator_cpp: 4.6.6 (/opt/ros/jazzy/share/rosidl_generator_cpp/cmake)
[2.909s] -- Using all available rosidl_typesupport_c: rosidl_typesupport_fastrtps_c;rosidl_typesupport_introspection_c
[3.014s] -- Using all available rosidl_typesupport_cpp: rosidl_typesupport_fastrtps_cpp;rosidl_typesupport_introspection_cpp
[3.741s] -- Found TinyXML2 via Config file: /usr/lib/x86_64-linux-gnu/cmake/tinyxml2
[3.901s] -- Found rmw_implementation_cmake: 7.3.2 (/opt/ros/jazzy/share/rmw_implementation_cmake/cmake)
[3.909s] -- Found rmw_fastrtps_cpp: 8.4.3 (/opt/ros/jazzy/share/rmw_fastrtps_cpp/cmake)
[3.985s] -- Found TinyXML2 via Config file: /usr/lib/x86_64-linux-gnu/cmake/tinyxml2
[4.165s] -- Found OpenSSL: /usr/lib/x86_64-linux-gnu/libcrypto.so (found version "3.0.13")  
[4.178s] -- Found TinyXML2 via Config file: /usr/lib/x86_64-linux-gnu/cmake/tinyxml2
[4.245s] -- Found FastRTPS: /opt/ros/jazzy/include (Required is at least version "2.13") 
[4.257s] -- Found TinyXML2 via Config file: /usr/lib/x86_64-linux-gnu/cmake/tinyxml2
[4.288s] -- Found TinyXML2 via Config file: /usr/lib/x86_64-linux-gnu/cmake/tinyxml2
[4.338s] -- Using RMW implementation 'rmw_fastrtps_cpp' as default
[5.243s] -- pinocchio_default FOUND. pinocchio_default at /opt/ros/jazzy/lib/x86_64-linux-gnu/libpinocchio_default.so
[5.247s] -- pinocchio_parsers FOUND. pinocchio_parsers at /opt/ros/jazzy/lib/x86_64-linux-gnu/libpinocchio_parsers.so
[5.248s] -- boost_filesystem FOUND. boost_filesystem at /lib/x86_64-linux-gnu/libboost_filesystem.so
[5.252s] -- boost_serialization FOUND. boost_serialization at /lib/x86_64-linux-gnu/libboost_serialization.so
[5.256s] -- boost_system FOUND. boost_system at /lib/x86_64-linux-gnu/libboost_system.so
[5.403s] -- Found Boost: /usr/include (found version "1.83.0") found components: filesystem serialization system 
[5.414s] -- eigenpy FOUND. eigenpy at /opt/ros/jazzy/lib/x86_64-linux-gnu/libeigenpy.so
[5.488s] -- Checking for NumPy
[6.486s] --   NUMPY_INCLUDE_DIRS=/usr/lib/python3/dist-packages/numpy/core/include
[6.933s] --   NUMPY_VERSION=1.26.4
[8.425s] -- Found Python3: /usr/bin/python3 (found version "3.12.3") found components: Interpreter Development.Module NumPy 
[8.428s] -- PythonLibraryDirs: 
[8.429s] -- PythonLibVersionString: 3.12.3
[8.521s] -- Python site lib: lib/python3.12/site-packages
[8.522s] -- Python include dirs: /usr/include/python3.12
[8.684s] -- Checking for NumPy
[9.121s] --   NUMPY_INCLUDE_DIRS=/usr/lib/python3/dist-packages/numpy/core/include
[9.590s] --   NUMPY_VERSION=1.26.4
[9.597s] -- NumPy include dir: /usr/lib/python3/dist-packages/numpy/core/include
[9.672s] -- Found Boost: /usr/include (found version "1.83.0") found components: python312 
[11.413s] -- Default C++ standard: 201703
[11.414s] -- Minimal C++ standard upgraded to 11
[11.414s] -- C++ standard sufficient: Minimal required 11, currently defined: 17
[11.469s] -- hpp-fcl FOUND. hpp-fcl at /opt/ros/jazzy/lib/x86_64-linux-gnu/libhpp-fcl.so
[11.561s] -- Found Boost: /usr/include (found version "1.83.0") found components: chrono serialization filesystem 
[11.627s] -- Minimal C++ standard upgraded to 14
[11.628s] -- C++ standard sufficient: Minimal required 14, currently defined: 17
[11.645s] -- C++ standard sufficient: Minimal required 14, currently defined: 17
[11.658s] -- Found unitree_go: 0.0.1 (/home/samsung/go2_ws/src/go2_simulation/install/unitree_go/share/unitree_go/cmake)
[11.764s] -- Current system architecture: x86_64
[11.778s] -- Setting build type to 'Release' as none was specified.
[11.787s] -- Current system architecture: x86_64
[11.804s] -- Found Threads: TRUE  
[11.805s] -- Importing: /home/samsung/go2_ws/src/go2_simulation/go2_jointcontroller/unitree_sdk2/thirdparty/lib/x86_64/libddsc.so
[11.805s] -- Importing: /home/samsung/go2_ws/src/go2_simulation/go2_jointcontroller/unitree_sdk2/thirdparty/lib/x86_64/libddscxx.so
[11.806s] -- Unitree SDK library found at: /home/samsung/go2_ws/src/go2_simulation/go2_jointcontroller/unitree_sdk2/lib/x86_64/libunitree_sdk2.a
[11.806s] -- Importing: /home/samsung/go2_ws/src/go2_simulation/go2_jointcontroller/unitree_sdk2/lib/x86_64/libunitree_sdk2.a
[11.898s] -- Found ament_lint_auto: 0.17.3 (/opt/ros/jazzy/share/ament_lint_auto/cmake)
[12.617s] -- Added test 'cppcheck' to perform static code analysis on C / C++ code
[12.619s] -- Configured cppcheck include dirs: /home/samsung/go2_ws/src/go2_simulation/go2_jointcontroller/include
[12.620s] -- Configured cppcheck exclude dirs and/or files: 
[12.661s] -- Added test 'lint_cmake' to check CMake code style
[12.777s] -- Added test 'uncrustify' to check C / C++ code style
[12.781s] -- Configured uncrustify additional arguments: 
[12.796s] -- Added test 'xmllint' to check XML markup files
[12.814s] -- Configuring done (12.7s)
[12.918s] -- Generating done (0.1s)
[12.941s] -- Build files have been written to: /home/samsung/go2_ws/src/go2_simulation/build/go2_jointcontroller
[13.006s] Invoked command in '/home/samsung/go2_ws/src/go2_simulation/build/go2_jointcontroller' returned '0': AMENT_PREFIX_PATH=/home/samsung/go2_ws/src/go2_simulation/install/unitree_go:/home/samsung/go2_ws/src/go2_simulation/install/go2_interfaces:${AMENT_PREFIX_PATH} CMAKE_PREFIX_PATH=/home/samsung/go2_ws/src/go2_simulation/install/unitree_go:/home/samsung/go2_ws/src/go2_simulation/install/go2_interfaces:/home/samsung/go2_ws/install/imu_to_odom:/home/samsung/go2_ws/install/go2_real:/home/samsung/go2_ws/install/go2_gzsim:/home/samsung/go2_ws/install/go2_remap:/home/samsung/go2_ws/install/go2_refs:/home/samsung/go2_ws/install/go2_lowstates:/home/samsung/go2_ws/install/go2_jointcontroller:/home/samsung/go2_ws/install/go2_ekf:/home/samsung/go2_ws/install/go2_actuator:/home/samsung/go2_ws/install/unitree_go:/home/samsung/go2_ws/install/go2_rgc:/home/samsung/go2_ws/install/go2_interfaces:/home/samsung/go2_ws/install/go2_description:/opt/ros/jazzy/opt/gz_sim_vendor:/opt/ros/jazzy/opt/gz_sensors_vendor:/opt/ros/jazzy/opt/gz_physics_vendor:/opt/ros/jazzy/opt/sdformat_vendor:/opt/ros/jazzy/opt/gz_gui_vendor:/opt/ros/jazzy/opt/gz_transport_vendor:/opt/ros/jazzy/opt/gz_rendering_vendor:/opt/ros/jazzy/opt/gz_plugin_vendor:/opt/ros/jazzy/opt/gz_fuel_tools_vendor:/opt/ros/jazzy/opt/gz_msgs_vendor:/opt/ros/jazzy/opt/gz_common_vendor:/opt/ros/jazzy/opt/gz_math_vendor:/opt/ros/jazzy/opt/gz_utils_vendor:/opt/ros/jazzy/opt/gz_tools_vendor:/opt/ros/jazzy/opt/gz_ogre_next_vendor:/opt/ros/jazzy/opt/gz_dartsim_vendor:/opt/ros/jazzy/opt/gz_cmake_vendor:/opt/ros/jazzy DEBUGINFOD_URLS=https://debuginfod.ubuntu.com LD_LIBRARY_PATH=/home/samsung/go2_ws/src/go2_simulation/install/unitree_go/lib:/home/samsung/go2_ws/src/go2_simulation/install/go2_interfaces/lib:${LD_LIBRARY_PATH} PYTHONPATH=/home/samsung/go2_ws/src/go2_simulation/install/unitree_go/lib/python3.12/site-packages:/home/samsung/go2_ws/src/go2_simulation/install/go2_interfaces/lib/python3.12/site-packages:${PYTHONPATH} /usr/bin/cmake /home/samsung/go2_ws/src/go2_simulation/go2_jointcontroller -DCMAKE_INSTALL_PREFIX=/home/samsung/go2_ws/src/go2_simulation/install/go2_jointcontroller
[13.007s] Invoking command in '/home/samsung/go2_ws/src/go2_simulation/build/go2_jointcontroller': AMENT_PREFIX_PATH=/home/samsung/go2_ws/src/go2_simulation/install/unitree_go:/home/samsung/go2_ws/src/go2_simulation/install/go2_interfaces:${AMENT_PREFIX_PATH} CMAKE_PREFIX_PATH=/home/samsung/go2_ws/src/go2_simulation/install/unitree_go:/home/samsung/go2_ws/src/go2_simulation/install/go2_interfaces:/home/samsung/go2_ws/install/imu_to_odom:/home/samsung/go2_ws/install/go2_real:/home/samsung/go2_ws/install/go2_gzsim:/home/samsung/go2_ws/install/go2_remap:/home/samsung/go2_ws/install/go2_refs:/home/samsung/go2_ws/install/go2_lowstates:/home/samsung/go2_ws/install/go2_jointcontroller:/home/samsung/go2_ws/install/go2_ekf:/home/samsung/go2_ws/install/go2_actuator:/home/samsung/go2_ws/install/unitree_go:/home/samsung/go2_ws/install/go2_rgc:/home/samsung/go2_ws/install/go2_interfaces:/home/samsung/go2_ws/install/go2_description:/opt/ros/jazzy/opt/gz_sim_vendor:/opt/ros/jazzy/opt/gz_sensors_vendor:/opt/ros/jazzy/opt/gz_physics_vendor:/opt/ros/jazzy/opt/sdformat_vendor:/opt/ros/jazzy/opt/gz_gui_vendor:/opt/ros/jazzy/opt/gz_transport_vendor:/opt/ros/jazzy/opt/gz_rendering_vendor:/opt/ros/jazzy/opt/gz_plugin_vendor:/opt/ros/jazzy/opt/gz_fuel_tools_vendor:/opt/ros/jazzy/opt/gz_msgs_vendor:/opt/ros/jazzy/opt/gz_common_vendor:/opt/ros/jazzy/opt/gz_math_vendor:/opt/ros/jazzy/opt/gz_utils_vendor:/opt/ros/jazzy/opt/gz_tools_vendor:/opt/ros/jazzy/opt/gz_ogre_next_vendor:/opt/ros/jazzy/opt/gz_dartsim_vendor:/opt/ros/jazzy/opt/gz_cmake_vendor:/opt/ros/jazzy DEBUGINFOD_URLS=https://debuginfod.ubuntu.com LD_LIBRARY_PATH=/home/samsung/go2_ws/src/go2_simulation/install/unitree_go/lib:/home/samsung/go2_ws/src/go2_simulation/install/go2_interfaces/lib:${LD_LIBRARY_PATH} PYTHONPATH=/home/samsung/go2_ws/src/go2_simulation/install/unitree_go/lib/python3.12/site-packages:/home/samsung/go2_ws/src/go2_simulation/install/go2_interfaces/lib/python3.12/site-packages:${PYTHONPATH} /usr/bin/cmake --build /home/samsung/go2_ws/src/go2_simulation/build/go2_jointcontroller -- -j8 -l8
[26.482s] [ 50%] [32mBuilding CXX object CMakeFiles/go2_jointcontroller.dir/src/go2_jointcontroller.cpp.o[0m
[81.445s] [100%] [32m[1mLinking CXX shared library libgo2_jointcontroller.so[0m
[83.834s] [100%] Built target go2_jointcontroller
[83.846s] Invoked command in '/home/samsung/go2_ws/src/go2_simulation/build/go2_jointcontroller' returned '0': AMENT_PREFIX_PATH=/home/samsung/go2_ws/src/go2_simulation/install/unitree_go:/home/samsung/go2_ws/src/go2_simulation/install/go2_interfaces:${AMENT_PREFIX_PATH} CMAKE_PREFIX_PATH=/home/samsung/go2_ws/src/go2_simulation/install/unitree_go:/home/samsung/go2_ws/src/go2_simulation/install/go2_interfaces:/home/samsung/go2_ws/install/imu_to_odom:/home/samsung/go2_ws/install/go2_real:/home/samsung/go2_ws/install/go2_gzsim:/home/samsung/go2_ws/install/go2_remap:/home/samsung/go2_ws/install/go2_refs:/home/samsung/go2_ws/install/go2_lowstates:/home/samsung/go2_ws/install/go2_jointcontroller:/home/samsung/go2_ws/install/go2_ekf:/home/samsung/go2_ws/install/go2_actuator:/home/samsung/go2_ws/install/unitree_go:/home/samsung/go2_ws/install/go2_rgc:/home/samsung/go2_ws/install/go2_interfaces:/home/samsung/go2_ws/install/go2_description:/opt/ros/jazzy/opt/gz_sim_vendor:/opt/ros/jazzy/opt/gz_sensors_vendor:/opt/ros/jazzy/opt/gz_physics_vendor:/opt/ros/jazzy/opt/sdformat_vendor:/opt/ros/jazzy/opt/gz_gui_vendor:/opt/ros/jazzy/opt/gz_transport_vendor:/opt/ros/jazzy/opt/gz_rendering_vendor:/opt/ros/jazzy/opt/gz_plugin_vendor:/opt/ros/jazzy/opt/gz_fuel_tools_vendor:/opt/ros/jazzy/opt/gz_msgs_vendor:/opt/ros/jazzy/opt/gz_common_vendor:/opt/ros/jazzy/opt/gz_math_vendor:/opt/ros/jazzy/opt/gz_utils_vendor:/opt/ros/jazzy/opt/gz_tools_vendor:/opt/ros/jazzy/opt/gz_ogre_next_vendor:/opt/ros/jazzy/opt/gz_dartsim_vendor:/opt/ros/jazzy/opt/gz_cmake_vendor:/opt/ros/jazzy DEBUGINFOD_URLS=https://debuginfod.ubuntu.com LD_LIBRARY_PATH=/home/samsung/go2_ws/src/go2_simulation/install/unitree_go/lib:/home/samsung/go2_ws/src/go2_simulation/install/go2_interfaces/lib:${LD_LIBRARY_PATH} PYTHONPATH=/home/samsung/go2_ws/src/go2_simulation/install/unitree_go/lib/python3.12/site-packages:/home/samsung/go2_ws/src/go2_simulation/install/go2_interfaces/lib/python3.12/site-packages:${PYTHONPATH} /usr/bin/cmake --build /home/samsung/go2_ws/src/go2_simulation/build/go2_jointcontroller -- -j8 -l8
[83.848s] Invoking command in '/home/samsung/go2_ws/src/go2_simulation/build/go2_jointcontroller': AMENT_PREFIX_PATH=/home/samsung/go2_ws/src/go2_simulation/install/unitree_go:/home/samsung/go2_ws/src/go2_simulation/install/go2_interfaces:${AMENT_PREFIX_PATH} CMAKE_PREFIX_PATH=/home/samsung/go2_ws/src/go2_simulation/install/unitree_go:/home/samsung/go2_ws/src/go2_simulation/install/go2_interfaces:/home/samsung/go2_ws/install/imu_to_odom:/home/samsung/go2_ws/install/go2_real:/home/samsung/go2_ws/install/go2_gzsim:/home/samsung/go2_ws/install/go2_remap:/home/samsung/go2_ws/install/go2_refs:/home/samsung/go2_ws/install/go2_lowstates:/home/samsung/go2_ws/install/go2_jointcontroller:/home/samsung/go2_ws/install/go2_ekf:/home/samsung/go2_ws/install/go2_actuator:/home/samsung/go2_ws/install/unitree_go:/home/samsung/go2_ws/install/go2_rgc:/home/samsung/go2_ws/install/go2_interfaces:/home/samsung/go2_ws/install/go2_description:/opt/ros/jazzy/opt/gz_sim_vendor:/opt/ros/jazzy/opt/gz_sensors_vendor:/opt/ros/jazzy/opt/gz_physics_vendor:/opt/ros/jazzy/opt/sdformat_vendor:/opt/ros/jazzy/opt/gz_gui_vendor:/opt/ros/jazzy/opt/gz_transport_vendor:/opt/ros/jazzy/opt/gz_rendering_vendor:/opt/ros/jazzy/opt/gz_plugin_vendor:/opt/ros/jazzy/opt/gz_fuel_tools_vendor:/opt/ros/jazzy/opt/gz_msgs_vendor:/opt/ros/jazzy/opt/gz_common_vendor:/opt/ros/jazzy/opt/gz_math_vendor:/opt/ros/jazzy/opt/gz_utils_vendor:/opt/ros/jazzy/opt/gz_tools_vendor:/opt/ros/jazzy/opt/gz_ogre_next_vendor:/opt/ros/jazzy/opt/gz_dartsim_vendor:/opt/ros/jazzy/opt/gz_cmake_vendor:/opt/ros/jazzy DEBUGINFOD_URLS=https://debuginfod.ubuntu.com LD_LIBRARY_PATH=/home/samsung/go2_ws/src/go2_simulation/install/unitree_go/lib:/home/samsung/go2_ws/src/go2_simulation/install/go2_interfaces/lib:${LD_LIBRARY_PATH} PYTHONPATH=/home/samsung/go2_ws/src/go2_simulation/install/unitree_go/lib/python3.12/site-packages:/home/samsung/go2_ws/src/go2_simulation/install/go2_interfaces/lib/python3.12/site-packages:${PYTHONPATH} /usr/bin/cmake --install /home/samsung/go2_ws/src/go2_simulation/build/go2_jointcontroller
[83.864s] -- Install configuration: "Release"
[83.864s] -- Installing: /home/samsung/go2_ws/src/go2_simulation/install/go2_jointcontroller/share/go2_jointcontroller/go2_jointcontroller.xml
[83.865s] -- Installing: /home/samsung/go2_ws/src/go2_simulation/install/go2_jointcontroller/lib/libgo2_jointcontroller.so
[83.874s] -- Set non-toolchain portion of runtime path of "/home/samsung/go2_ws/src/go2_simulation/install/go2_jointcontroller/lib/libgo2_jointcontroller.so" to ""
[83.874s] -- Installing: /home/samsung/go2_ws/src/go2_simulation/install/go2_jointcontroller/include/go2_jointcontroller/include
[83.874s] -- Installing: /home/samsung/go2_ws/src/go2_simulation/install/go2_jointcontroller/include/go2_jointcontroller/include/go2_jointcontroller
[83.874s] -- Installing: /home/samsung/go2_ws/src/go2_simulation/install/go2_jointcontroller/include/go2_jointcontroller/include/go2_jointcontroller/go2_jointcontroller.hpp
[83.875s] -- Installing: /home/samsung/go2_ws/src/go2_simulation/install/go2_jointcontroller/share/go2_jointcontroller/environment/library_path.sh
[83.875s] -- Installing: /home/samsung/go2_ws/src/go2_simulation/install/go2_jointcontroller/share/go2_jointcontroller/environment/library_path.dsv
[83.876s] -- Installing: /home/samsung/go2_ws/src/go2_simulation/install/go2_jointcontroller/share/ament_index/resource_index/package_run_dependencies/go2_jointcontroller
[83.876s] -- Installing: /home/samsung/go2_ws/src/go2_simulation/install/go2_jointcontroller/share/ament_index/resource_index/parent_prefix_path/go2_jointcontroller
[83.876s] -- Installing: /home/samsung/go2_ws/src/go2_simulation/install/go2_jointcontroller/share/go2_jointcontroller/environment/ament_prefix_path.sh
[83.877s] -- Installing: /home/samsung/go2_ws/src/go2_simulation/install/go2_jointcontroller/share/go2_jointcontroller/environment/ament_prefix_path.dsv
[83.877s] -- Installing: /home/samsung/go2_ws/src/go2_simulation/install/go2_jointcontroller/share/go2_jointcontroller/environment/path.sh
[83.877s] -- Installing: /home/samsung/go2_ws/src/go2_simulation/install/go2_jointcontroller/share/go2_jointcontroller/environment/path.dsv
[83.878s] -- Installing: /home/samsung/go2_ws/src/go2_simulation/install/go2_jointcontroller/share/go2_jointcontroller/local_setup.bash
[83.878s] -- Installing: /home/samsung/go2_ws/src/go2_simulation/install/go2_jointcontroller/share/go2_jointcontroller/local_setup.sh
[83.879s] -- Installing: /home/samsung/go2_ws/src/go2_simulation/install/go2_jointcontroller/share/go2_jointcontroller/local_setup.zsh
[83.879s] -- Installing: /home/samsung/go2_ws/src/go2_simulation/install/go2_jointcontroller/share/go2_jointcontroller/local_setup.dsv
[83.879s] -- Installing: /home/samsung/go2_ws/src/go2_simulation/install/go2_jointcontroller/share/go2_jointcontroller/package.dsv
[83.880s] -- Installing: /home/samsung/go2_ws/src/go2_simulation/install/go2_jointcontroller/share/ament_index/resource_index/packages/go2_jointcontroller
[83.880s] -- Installing: /home/samsung/go2_ws/src/go2_simulation/install/go2_jointcontroller/share/ament_index/resource_index/controller_interface__pluginlib__plugin/go2_jointcontroller
[83.881s] -- Installing: /home/samsung/go2_ws/src/go2_simulation/install/go2_jointcontroller/share/go2_jointcontroller/cmake/ament_cmake_export_include_directories-extras.cmake
[83.881s] -- Installing: /home/samsung/go2_ws/src/go2_simulation/install/go2_jointcontroller/share/go2_jointcontroller/cmake/ament_cmake_export_libraries-extras.cmake
[83.881s] -- Installing: /home/samsung/go2_ws/src/go2_simulation/install/go2_jointcontroller/share/go2_jointcontroller/cmake/ament_cmake_export_dependencies-extras.cmake
[83.882s] -- Installing: /home/samsung/go2_ws/src/go2_simulation/install/go2_jointcontroller/share/go2_jointcontroller/cmake/go2_jointcontrollerConfig.cmake
[83.882s] -- Installing: /home/samsung/go2_ws/src/go2_simulation/install/go2_jointcontroller/share/go2_jointcontroller/cmake/go2_jointcontrollerConfig-version.cmake
[83.883s] -- Installing: /home/samsung/go2_ws/src/go2_simulation/install/go2_jointcontroller/share/go2_jointcontroller/package.xml
[83.883s] -- Up-to-date: /home/samsung/go2_ws/src/go2_simulation/install/go2_jointcontroller/include
[83.884s] -- Installing: /home/samsung/go2_ws/src/go2_simulation/install/go2_jointcontroller/include/unitree
[83.884s] -- Installing: /home/samsung/go2_ws/src/go2_simulation/install/go2_jointcontroller/include/unitree/idl
[83.884s] -- Installing: /home/samsung/go2_ws/src/go2_simulation/install/go2_jointcontroller/include/unitree/idl/ros2
[83.884s] -- Installing: /home/samsung/go2_ws/src/go2_simulation/install/go2_jointcontroller/include/unitree/idl/ros2/Twist_.hpp
[83.885s] -- Installing: /home/samsung/go2_ws/src/go2_simulation/install/go2_jointcontroller/include/unitree/idl/ros2/TwistWithCovariance_.hpp
[83.885s] -- Installing: /home/samsung/go2_ws/src/go2_simulation/install/go2_jointcontroller/include/unitree/idl/ros2/TwistWithCovarianceStamped_.hpp
[83.885s] -- Installing: /home/samsung/go2_ws/src/go2_simulation/install/go2_jointcontroller/include/unitree/idl/ros2/Point32_.hpp
[83.886s] -- Installing: /home/samsung/go2_ws/src/go2_simulation/install/go2_jointcontroller/include/unitree/idl/ros2/Pose2D_.hpp
[83.886s] -- Installing: /home/samsung/go2_ws/src/go2_simulation/install/go2_jointcontroller/include/unitree/idl/ros2/Pose_.hpp
[83.886s] -- Installing: /home/samsung/go2_ws/src/go2_simulation/install/go2_jointcontroller/include/unitree/idl/ros2/Time_.hpp
[83.887s] -- Installing: /home/samsung/go2_ws/src/go2_simulation/install/go2_jointcontroller/include/unitree/idl/ros2/Header_.hpp
[83.887s] -- Installing: /home/samsung/go2_ws/src/go2_simulation/install/go2_jointcontroller/include/unitree/idl/ros2/PointField_.hpp
[83.887s] -- Installing: /home/samsung/go2_ws/src/go2_simulation/install/go2_jointcontroller/include/unitree/idl/ros2/PoseWithCovariance_.hpp
[83.888s] -- Installing: /home/samsung/go2_ws/src/go2_simulation/install/go2_jointcontroller/include/unitree/idl/ros2/OccupancyGrid_.hpp
[83.888s] -- Installing: /home/samsung/go2_ws/src/go2_simulation/install/go2_jointcontroller/include/unitree/idl/ros2/String_.hpp
[83.889s] -- Installing: /home/samsung/go2_ws/src/go2_simulation/install/go2_jointcontroller/include/unitree/idl/ros2/QuaternionStamped_.hpp
[83.889s] -- Installing: /home/samsung/go2_ws/src/go2_simulation/install/go2_jointcontroller/include/unitree/idl/ros2/PoseStamped_.hpp
[83.889s] -- Installing: /home/samsung/go2_ws/src/go2_simulation/install/go2_jointcontroller/include/unitree/idl/ros2/PointCloud2_.hpp
[83.890s] -- Installing: /home/samsung/go2_ws/src/go2_simulation/install/go2_jointcontroller/include/unitree/idl/ros2/PointStamped_.hpp
[83.890s] -- Installing: /home/samsung/go2_ws/src/go2_simulation/install/go2_jointcontroller/include/unitree/idl/ros2/TwistStamped_.hpp
[83.890s] -- Installing: /home/samsung/go2_ws/src/go2_simulation/install/go2_jointcontroller/include/unitree/idl/ros2/Vector3_.hpp
[83.891s] -- Installing: /home/samsung/go2_ws/src/go2_simulation/install/go2_jointcontroller/include/unitree/idl/ros2/MapMetaData_.hpp
[83.891s] -- Installing: /home/samsung/go2_ws/src/go2_simulation/install/go2_jointcontroller/include/unitree/idl/ros2/Odometry_.hpp
[83.892s] -- Installing: /home/samsung/go2_ws/src/go2_simulation/install/go2_jointcontroller/include/unitree/idl/ros2/PoseWithCovarianceStamped_.hpp
[83.892s] -- Installing: /home/samsung/go2_ws/src/go2_simulation/install/go2_jointcontroller/include/unitree/idl/ros2/Point_.hpp
[83.892s] -- Installing: /home/samsung/go2_ws/src/go2_simulation/install/go2_jointcontroller/include/unitree/idl/ros2/Imu_.hpp
[83.893s] -- Installing: /home/samsung/go2_ws/src/go2_simulation/install/go2_jointcontroller/include/unitree/idl/ros2/Quaternion_.hpp
[83.893s] -- Installing: /home/samsung/go2_ws/src/go2_simulation/install/go2_jointcontroller/include/unitree/idl/hg
[83.893s] -- Installing: /home/samsung/go2_ws/src/go2_simulation/install/go2_jointcontroller/include/unitree/idl/hg/LowCmd_.hpp
[83.894s] -- Installing: /home/samsung/go2_ws/src/go2_simulation/install/go2_jointcontroller/include/unitree/idl/hg/MotorState_.hpp
[83.894s] -- Installing: /home/samsung/go2_ws/src/go2_simulation/install/go2_jointcontroller/include/unitree/idl/hg/LowState_.hpp
[83.894s] -- Installing: /home/samsung/go2_ws/src/go2_simulation/install/go2_jointcontroller/include/unitree/idl/hg/BmsState_.hpp
[83.895s] -- Installing: /home/samsung/go2_ws/src/go2_simulation/install/go2_jointcontroller/include/unitree/idl/hg/MainBoardState_.hpp
[83.895s] -- Installing: /home/samsung/go2_ws/src/go2_simulation/install/go2_jointcontroller/include/unitree/idl/hg/HandCmd_.hpp
[83.896s] -- Installing: /home/samsung/go2_ws/src/go2_simulation/install/go2_jointcontroller/include/unitree/idl/hg/HandState_.hpp
[83.896s] -- Installing: /home/samsung/go2_ws/src/go2_simulation/install/go2_jointcontroller/include/unitree/idl/hg/IMUState_.hpp
[83.896s] -- Installing: /home/samsung/go2_ws/src/go2_simulation/install/go2_jointcontroller/include/unitree/idl/hg/MotorCmd_.hpp
[83.897s] -- Installing: /home/samsung/go2_ws/src/go2_simulation/install/go2_jointcontroller/include/unitree/idl/hg/PressSensorState_.hpp
[83.897s] -- Installing: /home/samsung/go2_ws/src/go2_simulation/install/go2_jointcontroller/include/unitree/idl/hg/BmsCmd_.hpp
[83.897s] -- Installing: /home/samsung/go2_ws/src/go2_simulation/install/go2_jointcontroller/include/unitree/idl/hg_doubleimu
[83.898s] -- Installing: /home/samsung/go2_ws/src/go2_simulation/install/go2_jointcontroller/include/unitree/idl/hg_doubleimu/doubleIMUState_.hpp
[83.898s] -- Installing: /home/samsung/go2_ws/src/go2_simulation/install/go2_jointcontroller/include/unitree/idl/go2
[83.898s] -- Installing: /home/samsung/go2_ws/src/go2_simulation/install/go2_jointcontroller/include/unitree/idl/go2/InterfaceConfig_.hpp
[83.899s] -- Installing: /home/samsung/go2_ws/src/go2_simulation/install/go2_jointcontroller/include/unitree/idl/go2/PathPoint_.hpp
[83.899s] -- Installing: /home/samsung/go2_ws/src/go2_simulation/install/go2_jointcontroller/include/unitree/idl/go2/MotorCmds_.hpp
[83.899s] -- Installing: /home/samsung/go2_ws/src/go2_simulation/install/go2_jointcontroller/include/unitree/idl/go2/SportModeCmd_.hpp
[83.900s] -- Installing: /home/samsung/go2_ws/src/go2_simulation/install/go2_jointcontroller/include/unitree/idl/go2/Req_.hpp
[83.900s] -- Installing: /home/samsung/go2_ws/src/go2_simulation/install/go2_jointcontroller/include/unitree/idl/go2/HeightMap_.hpp
[83.900s] -- Installing: /home/samsung/go2_ws/src/go2_simulation/install/go2_jointcontroller/include/unitree/idl/go2/LowCmd_.hpp
[83.901s] -- Installing: /home/samsung/go2_ws/src/go2_simulation/install/go2_jointcontroller/include/unitree/idl/go2/MotorState_.hpp
[83.901s] -- Installing: /home/samsung/go2_ws/src/go2_simulation/install/go2_jointcontroller/include/unitree/idl/go2/LowState_.hpp
[83.902s] -- Installing: /home/samsung/go2_ws/src/go2_simulation/install/go2_jointcontroller/include/unitree/idl/go2/ConfigChangeStatus_.hpp
[83.902s] -- Installing: /home/samsung/go2_ws/src/go2_simulation/install/go2_jointcontroller/include/unitree/idl/go2/BmsState_.hpp
[83.902s] -- Installing: /home/samsung/go2_ws/src/go2_simulation/install/go2_jointcontroller/include/unitree/idl/go2/Res_.hpp
[83.903s] -- Installing: /home/samsung/go2_ws/src/go2_simulation/install/go2_jointcontroller/include/unitree/idl/go2/MotorStates_.hpp
[83.903s] -- Installing: /home/samsung/go2_ws/src/go2_simulation/install/go2_jointcontroller/include/unitree/idl/go2/UwbState_.hpp
[83.904s] -- Installing: /home/samsung/go2_ws/src/go2_simulation/install/go2_jointcontroller/include/unitree/idl/go2/IMUState_.hpp
[83.904s] -- Installing: /home/samsung/go2_ws/src/go2_simulation/install/go2_jointcontroller/include/unitree/idl/go2/MotorCmd_.hpp
[83.904s] -- Installing: /home/samsung/go2_ws/src/go2_simulation/install/go2_jointcontroller/include/unitree/idl/go2/LidarState_.hpp
[83.905s] -- Installing: /home/samsung/go2_ws/src/go2_simulation/install/go2_jointcontroller/include/unitree/idl/go2/WirelessController_.hpp
[83.905s] -- Installing: /home/samsung/go2_ws/src/go2_simulation/install/go2_jointcontroller/include/unitree/idl/go2/TimeSpec_.hpp
[83.905s] -- Installing: /home/samsung/go2_ws/src/go2_simulation/install/go2_jointcontroller/include/unitree/idl/go2/AudioData_.hpp
[83.906s] -- Installing: /home/samsung/go2_ws/src/go2_simulation/install/go2_jointcontroller/include/unitree/idl/go2/Error_.hpp
[83.906s] -- Installing: /home/samsung/go2_ws/src/go2_simulation/install/go2_jointcontroller/include/unitree/idl/go2/VoxelMapCompressed_.hpp
[83.906s] -- Installing: /home/samsung/go2_ws/src/go2_simulation/install/go2_jointcontroller/include/unitree/idl/go2/SportModeState_.hpp
[83.907s] -- Installing: /home/samsung/go2_ws/src/go2_simulation/install/go2_jointcontroller/include/unitree/idl/go2/UwbSwitch_.hpp
[83.907s] -- Installing: /home/samsung/go2_ws/src/go2_simulation/install/go2_jointcontroller/include/unitree/idl/go2/BmsCmd_.hpp
[83.908s] -- Installing: /home/samsung/go2_ws/src/go2_simulation/install/go2_jointcontroller/include/unitree/idl/go2/Go2FrontVideoData_.hpp
[83.908s] -- Installing: /home/samsung/go2_ws/src/go2_simulation/install/go2_jointcontroller/include/unitree/common
[83.908s] -- Installing: /home/samsung/go2_ws/src/go2_simulation/install/go2_jointcontroller/include/unitree/common/block_queue.hpp
[83.909s] -- Installing: /home/samsung/go2_ws/src/go2_simulation/install/go2_jointcontroller/include/unitree/common/log
[83.909s] -- Installing: /home/samsung/go2_ws/src/go2_simulation/install/go2_jointcontroller/include/unitree/common/log/log_store.hpp
[83.909s] -- Installing: /home/samsung/go2_ws/src/go2_simulation/install/go2_jointcontroller/include/unitree/common/log/log_decl.hpp
[83.910s] -- Installing: /home/samsung/go2_ws/src/go2_simulation/install/go2_jointcontroller/include/unitree/common/log/log_buffer.hpp
[83.910s] -- Installing: /home/samsung/go2_ws/src/go2_simulation/install/go2_jointcontroller/include/unitree/common/log/log_logger.hpp
[83.910s] -- Installing: /home/samsung/go2_ws/src/go2_simulation/install/go2_jointcontroller/include/unitree/common/log/log.hpp
[83.910s] -- Installing: /home/samsung/go2_ws/src/go2_simulation/install/go2_jointcontroller/include/unitree/common/log/log_policy.hpp
[83.911s] -- Installing: /home/samsung/go2_ws/src/go2_simulation/install/go2_jointcontroller/include/unitree/common/log/log_initor.hpp
[83.911s] -- Installing: /home/samsung/go2_ws/src/go2_simulation/install/go2_jointcontroller/include/unitree/common/log/log_keeper.hpp
[83.911s] -- Installing: /home/samsung/go2_ws/src/go2_simulation/install/go2_jointcontroller/include/unitree/common/log/log_writer.hpp
[83.912s] -- Installing: /home/samsung/go2_ws/src/go2_simulation/install/go2_jointcontroller/include/unitree/common/any.hpp
[83.912s] -- Installing: /home/samsung/go2_ws/src/go2_simulation/install/go2_jointcontroller/include/unitree/common/time
[83.912s] -- Installing: /home/samsung/go2_ws/src/go2_simulation/install/go2_jointcontroller/include/unitree/common/time/sleep.hpp
[83.913s] -- Installing: /home/samsung/go2_ws/src/go2_simulation/install/go2_jointcontroller/include/unitree/common/time/time_tool.hpp
[83.913s] -- Installing: /home/samsung/go2_ws/src/go2_simulation/install/go2_jointcontroller/include/unitree/common/dds
[83.913s] -- Installing: /home/samsung/go2_ws/src/go2_simulation/install/go2_jointcontroller/include/unitree/common/dds/dds_traits.hpp
[83.914s] -- Installing: /home/samsung/go2_ws/src/go2_simulation/install/go2_jointcontroller/include/unitree/common/dds/dds_native.hpp
[83.914s] -- Installing: /home/samsung/go2_ws/src/go2_simulation/install/go2_jointcontroller/include/unitree/common/dds/dds_entity.hpp
[83.914s] -- Installing: /home/samsung/go2_ws/src/go2_simulation/install/go2_jointcontroller/include/unitree/common/dds/dds_qos_policy_parameter.hpp
[83.915s] -- Installing: /home/samsung/go2_ws/src/go2_simulation/install/go2_jointcontroller/include/unitree/common/dds/dds_parameter.hpp
[83.915s] -- Installing: /home/samsung/go2_ws/src/go2_simulation/install/go2_jointcontroller/include/unitree/common/dds/dds_error.hpp
[83.915s] -- Installing: /home/samsung/go2_ws/src/go2_simulation/install/go2_jointcontroller/include/unitree/common/dds/dds_qos.hpp
[83.916s] -- Installing: /home/samsung/go2_ws/src/go2_simulation/install/go2_jointcontroller/include/unitree/common/dds/dds_qos_realize.hpp
[83.916s] -- Installing: /home/samsung/go2_ws/src/go2_simulation/install/go2_jointcontroller/include/unitree/common/dds/dds_exception.hpp
[83.916s] -- Installing: /home/samsung/go2_ws/src/go2_simulation/install/go2_jointcontroller/include/unitree/common/dds/dds_qos_policy.hpp
[83.916s] -- Installing: /home/samsung/go2_ws/src/go2_simulation/install/go2_jointcontroller/include/unitree/common/dds/dds_topic_channel.hpp
[83.917s] -- Installing: /home/samsung/go2_ws/src/go2_simulation/install/go2_jointcontroller/include/unitree/common/dds/dds_easy_model.hpp
[83.917s] -- Installing: /home/samsung/go2_ws/src/go2_simulation/install/go2_jointcontroller/include/unitree/common/dds/dds_callback.hpp
[83.917s] -- Installing: /home/samsung/go2_ws/src/go2_simulation/install/go2_jointcontroller/include/unitree/common/dds/dds_qos_parameter.hpp
[83.918s] -- Installing: /home/samsung/go2_ws/src/go2_simulation/install/go2_jointcontroller/include/unitree/common/dds/dds_factory_model.hpp
[83.918s] -- Installing: /home/samsung/go2_ws/src/go2_simulation/install/go2_jointcontroller/include/unitree/common/string_tool.hpp
[83.918s] -- Installing: /home/samsung/go2_ws/src/go2_simulation/install/go2_jointcontroller/include/unitree/common/error.hpp
[83.918s] -- Installing: /home/samsung/go2_ws/src/go2_simulation/install/go2_jointcontroller/include/unitree/common/json
[83.919s] -- Installing: /home/samsung/go2_ws/src/go2_simulation/install/go2_jointcontroller/include/unitree/common/json/json_config.hpp
[83.919s] -- Installing: /home/samsung/go2_ws/src/go2_simulation/install/go2_jointcontroller/include/unitree/common/json/json.hpp
[83.919s] -- Installing: /home/samsung/go2_ws/src/go2_simulation/install/go2_jointcontroller/include/unitree/common/json/jsonize.hpp
[83.919s] -- Installing: /home/samsung/go2_ws/src/go2_simulation/install/go2_jointcontroller/include/unitree/common/decl.hpp
[83.920s] -- Installing: /home/samsung/go2_ws/src/go2_simulation/install/go2_jointcontroller/include/unitree/common/exception.hpp
[83.920s] -- Installing: /home/samsung/go2_ws/src/go2_simulation/install/go2_jointcontroller/include/unitree/common/thread
[83.920s] -- Installing: /home/samsung/go2_ws/src/go2_simulation/install/go2_jointcontroller/include/unitree/common/thread/thread.hpp
[83.920s] -- Installing: /home/samsung/go2_ws/src/go2_simulation/install/go2_jointcontroller/include/unitree/common/thread/thread_task.hpp
[83.921s] -- Installing: /home/samsung/go2_ws/src/go2_simulation/install/go2_jointcontroller/include/unitree/common/thread/recurrent_thread.hpp
[83.921s] -- Installing: /home/samsung/go2_ws/src/go2_simulation/install/go2_jointcontroller/include/unitree/common/thread/thread_decl.hpp
[83.921s] -- Installing: /home/samsung/go2_ws/src/go2_simulation/install/go2_jointcontroller/include/unitree/common/thread/thread_pool.hpp
[83.921s] -- Installing: /home/samsung/go2_ws/src/go2_simulation/install/go2_jointcontroller/include/unitree/common/thread/future.hpp
[83.922s] -- Installing: /home/samsung/go2_ws/src/go2_simulation/install/go2_jointcontroller/include/unitree/common/filesystem
[83.922s] -- Installing: /home/samsung/go2_ws/src/go2_simulation/install/go2_jointcontroller/include/unitree/common/filesystem/directory.hpp
[83.922s] -- Installing: /home/samsung/go2_ws/src/go2_simulation/install/go2_jointcontroller/include/unitree/common/filesystem/file.hpp
[83.922s] -- Installing: /home/samsung/go2_ws/src/go2_simulation/install/go2_jointcontroller/include/unitree/common/filesystem/filesystem.hpp
[83.923s] -- Installing: /home/samsung/go2_ws/src/go2_simulation/install/go2_jointcontroller/include/unitree/common/assert.hpp
[83.923s] -- Installing: /home/samsung/go2_ws/src/go2_simulation/install/go2_jointcontroller/include/unitree/common/lock
[83.924s] -- Installing: /home/samsung/go2_ws/src/go2_simulation/install/go2_jointcontroller/include/unitree/common/lock/lock.hpp
[83.924s] -- Installing: /home/samsung/go2_ws/src/go2_simulation/install/go2_jointcontroller/include/unitree/common/service
[83.924s] -- Installing: /home/samsung/go2_ws/src/go2_simulation/install/go2_jointcontroller/include/unitree/common/service/dds_service.hpp
[83.925s] -- Installing: /home/samsung/go2_ws/src/go2_simulation/install/go2_jointcontroller/include/unitree/common/service/base
[83.925s] -- Installing: /home/samsung/go2_ws/src/go2_simulation/install/go2_jointcontroller/include/unitree/common/service/base/service_config.hpp
[83.925s] -- Installing: /home/samsung/go2_ws/src/go2_simulation/install/go2_jointcontroller/include/unitree/common/service/base/service_application.hpp
[83.925s] -- Installing: /home/samsung/go2_ws/src/go2_simulation/install/go2_jointcontroller/include/unitree/common/service/base/service_decl.hpp
[83.925s] -- Installing: /home/samsung/go2_ws/src/go2_simulation/install/go2_jointcontroller/include/unitree/common/service/base/service_base.hpp
[83.926s] -- Installing: /home/samsung/go2_ws/src/go2_simulation/install/go2_jointcontroller/include/unitree/common/os.hpp
[83.926s] -- Installing: /home/samsung/go2_ws/src/go2_simulation/install/go2_jointcontroller/include/unitree/robot
[83.926s] -- Installing: /home/samsung/go2_ws/src/go2_simulation/install/go2_jointcontroller/include/unitree/robot/b2
[83.927s] -- Installing: /home/samsung/go2_ws/src/go2_simulation/install/go2_jointcontroller/include/unitree/robot/b2/motion_switcher
[83.927s] -- Installing: /home/samsung/go2_ws/src/go2_simulation/install/go2_jointcontroller/include/unitree/robot/b2/motion_switcher/motion_switcher_client.hpp
[83.927s] -- Installing: /home/samsung/go2_ws/src/go2_simulation/install/go2_jointcontroller/include/unitree/robot/b2/motion_switcher/motion_switcher_api.hpp
[83.927s] -- Installing: /home/samsung/go2_ws/src/go2_simulation/install/go2_jointcontroller/include/unitree/robot/b2/motion_switcher/motion_switcher_error.hpp
[83.927s] -- Installing: /home/samsung/go2_ws/src/go2_simulation/install/go2_jointcontroller/include/unitree/robot/b2/front_video
[83.927s] -- Installing: /home/samsung/go2_ws/src/go2_simulation/install/go2_jointcontroller/include/unitree/robot/b2/front_video/front_video_error.hpp
[83.927s] -- Installing: /home/samsung/go2_ws/src/go2_simulation/install/go2_jointcontroller/include/unitree/robot/b2/front_video/front_video_api.hpp
[83.928s] -- Installing: /home/samsung/go2_ws/src/go2_simulation/install/go2_jointcontroller/include/unitree/robot/b2/front_video/front_video_client.hpp
[83.928s] -- Installing: /home/samsung/go2_ws/src/go2_simulation/install/go2_jointcontroller/include/unitree/robot/b2/sport
[83.928s] -- Installing: /home/samsung/go2_ws/src/go2_simulation/install/go2_jointcontroller/include/unitree/robot/b2/sport/sport_api.hpp
[83.928s] -- Installing: /home/samsung/go2_ws/src/go2_simulation/install/go2_jointcontroller/include/unitree/robot/b2/sport/sport_error.hpp
[83.928s] -- Installing: /home/samsung/go2_ws/src/go2_simulation/install/go2_jointcontroller/include/unitree/robot/b2/sport/sport_client.hpp
[83.928s] -- Installing: /home/samsung/go2_ws/src/go2_simulation/install/go2_jointcontroller/include/unitree/robot/b2/config
[83.929s] -- Installing: /home/samsung/go2_ws/src/go2_simulation/install/go2_jointcontroller/include/unitree/robot/b2/config/config_client.hpp
[83.929s] -- Installing: /home/samsung/go2_ws/src/go2_simulation/install/go2_jointcontroller/include/unitree/robot/b2/config/config_error.hpp
[83.929s] -- Installing: /home/samsung/go2_ws/src/go2_simulation/install/go2_jointcontroller/include/unitree/robot/b2/config/config_api.hpp
[83.929s] -- Installing: /home/samsung/go2_ws/src/go2_simulation/install/go2_jointcontroller/include/unitree/robot/b2/back_video
[83.929s] -- Installing: /home/samsung/go2_ws/src/go2_simulation/install/go2_jointcontroller/include/unitree/robot/b2/back_video/back_video_client.hpp
[83.929s] -- Installing: /home/samsung/go2_ws/src/go2_simulation/install/go2_jointcontroller/include/unitree/robot/b2/back_video/back_video_api.hpp
[83.930s] -- Installing: /home/samsung/go2_ws/src/go2_simulation/install/go2_jointcontroller/include/unitree/robot/b2/back_video/back_video_error.hpp
[83.930s] -- Installing: /home/samsung/go2_ws/src/go2_simulation/install/go2_jointcontroller/include/unitree/robot/b2/robot_state
[83.930s] -- Installing: /home/samsung/go2_ws/src/go2_simulation/install/go2_jointcontroller/include/unitree/robot/b2/robot_state/robot_state_api.hpp
[83.930s] -- Installing: /home/samsung/go2_ws/src/go2_simulation/install/go2_jointcontroller/include/unitree/robot/b2/robot_state/robot_state_client.hpp
[83.931s] -- Installing: /home/samsung/go2_ws/src/go2_simulation/install/go2_jointcontroller/include/unitree/robot/b2/robot_state/robot_state_error.hpp
[83.931s] -- Installing: /home/samsung/go2_ws/src/go2_simulation/install/go2_jointcontroller/include/unitree/robot/client
[83.931s] -- Installing: /home/samsung/go2_ws/src/go2_simulation/install/go2_jointcontroller/include/unitree/robot/client/client_stub.hpp
[83.931s] -- Installing: /home/samsung/go2_ws/src/go2_simulation/install/go2_jointcontroller/include/unitree/robot/client/lease_client.hpp
[83.931s] -- Installing: /home/samsung/go2_ws/src/go2_simulation/install/go2_jointcontroller/include/unitree/robot/client/client.hpp
[83.932s] -- Installing: /home/samsung/go2_ws/src/go2_simulation/install/go2_jointcontroller/include/unitree/robot/client/client_base.hpp
[83.932s] -- Installing: /home/samsung/go2_ws/src/go2_simulation/install/go2_jointcontroller/include/unitree/robot/future
[83.932s] -- Installing: /home/samsung/go2_ws/src/go2_simulation/install/go2_jointcontroller/include/unitree/robot/future/request_future.hpp
[83.932s] -- Installing: /home/samsung/go2_ws/src/go2_simulation/install/go2_jointcontroller/include/unitree/robot/channel
[83.933s] -- Installing: /home/samsung/go2_ws/src/go2_simulation/install/go2_jointcontroller/include/unitree/robot/channel/channel_labor.hpp
[83.933s] -- Installing: /home/samsung/go2_ws/src/go2_simulation/install/go2_jointcontroller/include/unitree/robot/channel/channel_subscriber.hpp
[83.933s] -- Installing: /home/samsung/go2_ws/src/go2_simulation/install/go2_jointcontroller/include/unitree/robot/channel/channel_namer.hpp
[83.933s] -- Installing: /home/samsung/go2_ws/src/go2_simulation/install/go2_jointcontroller/include/unitree/robot/channel/channel_publisher.hpp
[83.934s] -- Installing: /home/samsung/go2_ws/src/go2_simulation/install/go2_jointcontroller/include/unitree/robot/channel/channel_factory.hpp
[83.934s] -- Installing: /home/samsung/go2_ws/src/go2_simulation/install/go2_jointcontroller/include/unitree/robot/server
[83.934s] -- Installing: /home/samsung/go2_ws/src/go2_simulation/install/go2_jointcontroller/include/unitree/robot/server/server.hpp
[83.935s] -- Installing: /home/samsung/go2_ws/src/go2_simulation/install/go2_jointcontroller/include/unitree/robot/server/server_stub.hpp
[83.935s] -- Installing: /home/samsung/go2_ws/src/go2_simulation/install/go2_jointcontroller/include/unitree/robot/server/server_base.hpp
[83.935s] -- Installing: /home/samsung/go2_ws/src/go2_simulation/install/go2_jointcontroller/include/unitree/robot/server/lease_server.hpp
[83.936s] -- Installing: /home/samsung/go2_ws/src/go2_simulation/install/go2_jointcontroller/include/unitree/robot/internal
[83.936s] -- Installing: /home/samsung/go2_ws/src/go2_simulation/install/go2_jointcontroller/include/unitree/robot/internal/internal.hpp
[83.936s] -- Installing: /home/samsung/go2_ws/src/go2_simulation/install/go2_jointcontroller/include/unitree/robot/internal/internal_error.hpp
[83.938s] -- Installing: /home/samsung/go2_ws/src/go2_simulation/install/go2_jointcontroller/include/unitree/robot/internal/internal_request_response.hpp
[83.938s] -- Installing: /home/samsung/go2_ws/src/go2_simulation/install/go2_jointcontroller/include/unitree/robot/internal/internal_idl_decl
[83.938s] -- Installing: /home/samsung/go2_ws/src/go2_simulation/install/go2_jointcontroller/include/unitree/robot/internal/internal_idl_decl/RequestLease_.hpp
[83.939s] -- Installing: /home/samsung/go2_ws/src/go2_simulation/install/go2_jointcontroller/include/unitree/robot/internal/internal_idl_decl/ResponseHeader_.hpp
[83.939s] -- Installing: /home/samsung/go2_ws/src/go2_simulation/install/go2_jointcontroller/include/unitree/robot/internal/internal_idl_decl/ResponseStatus_.hpp
[83.939s] -- Installing: /home/samsung/go2_ws/src/go2_simulation/install/go2_jointcontroller/include/unitree/robot/internal/internal_idl_decl/RequestIdentity_.hpp
[83.939s] -- Installing: /home/samsung/go2_ws/src/go2_simulation/install/go2_jointcontroller/include/unitree/robot/internal/internal_idl_decl/Request_.hpp
[83.939s] -- Installing: /home/samsung/go2_ws/src/go2_simulation/install/go2_jointcontroller/include/unitree/robot/internal/internal_idl_decl/Response_.hpp
[83.940s] -- Installing: /home/samsung/go2_ws/src/go2_simulation/install/go2_jointcontroller/include/unitree/robot/internal/internal_idl_decl/RequestPolicy_.hpp
[83.940s] -- Installing: /home/samsung/go2_ws/src/go2_simulation/install/go2_jointcontroller/include/unitree/robot/internal/internal_idl_decl/RequestHeader_.hpp
[83.940s] -- Installing: /home/samsung/go2_ws/src/go2_simulation/install/go2_jointcontroller/include/unitree/robot/internal/internal_api.hpp
[83.940s] -- Installing: /home/samsung/go2_ws/src/go2_simulation/install/go2_jointcontroller/include/unitree/robot/serialize
[83.940s] -- Installing: /home/samsung/go2_ws/src/go2_simulation/install/go2_jointcontroller/include/unitree/robot/serialize/serialize.hpp
[83.940s] -- Installing: /home/samsung/go2_ws/src/go2_simulation/install/go2_jointcontroller/include/unitree/robot/g1
[83.941s] -- Installing: /home/samsung/go2_ws/src/go2_simulation/install/go2_jointcontroller/include/unitree/robot/g1/loco
[83.941s] -- Installing: /home/samsung/go2_ws/src/go2_simulation/install/go2_jointcontroller/include/unitree/robot/g1/loco/g1_loco_api.hpp
[83.941s] -- Installing: /home/samsung/go2_ws/src/go2_simulation/install/go2_jointcontroller/include/unitree/robot/g1/loco/g1_loco_error.hpp
[83.941s] -- Installing: /home/samsung/go2_ws/src/go2_simulation/install/go2_jointcontroller/include/unitree/robot/g1/loco/g1_loco_client.hpp
[83.942s] -- Installing: /home/samsung/go2_ws/src/go2_simulation/install/go2_jointcontroller/include/unitree/robot/g1/audio
[83.942s] -- Installing: /home/samsung/go2_ws/src/go2_simulation/install/go2_jointcontroller/include/unitree/robot/g1/audio/g1_audio_client.hpp
[83.942s] -- Installing: /home/samsung/go2_ws/src/go2_simulation/install/go2_jointcontroller/include/unitree/robot/g1/audio/g1_audio_error.hpp
[83.942s] -- Installing: /home/samsung/go2_ws/src/go2_simulation/install/go2_jointcontroller/include/unitree/robot/g1/audio/g1_audio_api.hpp
[83.942s] -- Installing: /home/samsung/go2_ws/src/go2_simulation/install/go2_jointcontroller/include/unitree/robot/g1/arm
[83.943s] -- Installing: /home/samsung/go2_ws/src/go2_simulation/install/go2_jointcontroller/include/unitree/robot/g1/arm/g1_arm_action_error.hpp
[83.943s] -- Installing: /home/samsung/go2_ws/src/go2_simulation/install/go2_jointcontroller/include/unitree/robot/g1/arm/g1_arm_action_client.hpp
[83.943s] -- Installing: /home/samsung/go2_ws/src/go2_simulation/install/go2_jointcontroller/include/unitree/robot/g1/arm/g1_arm_action_api.hpp
[83.943s] -- Installing: /home/samsung/go2_ws/src/go2_simulation/install/go2_jointcontroller/include/unitree/robot/h1
[83.943s] -- Installing: /home/samsung/go2_ws/src/go2_simulation/install/go2_jointcontroller/include/unitree/robot/h1/loco
[83.944s] -- Installing: /home/samsung/go2_ws/src/go2_simulation/install/go2_jointcontroller/include/unitree/robot/h1/loco/h1_loco_error.hpp
[83.944s] -- Installing: /home/samsung/go2_ws/src/go2_simulation/install/go2_jointcontroller/include/unitree/robot/h1/loco/h1_loco_api.hpp
[83.944s] -- Installing: /home/samsung/go2_ws/src/go2_simulation/install/go2_jointcontroller/include/unitree/robot/h1/loco/h1_loco_client.hpp
[83.944s] -- Installing: /home/samsung/go2_ws/src/go2_simulation/install/go2_jointcontroller/include/unitree/robot/go2
[83.945s] -- Installing: /home/samsung/go2_ws/src/go2_simulation/install/go2_jointcontroller/include/unitree/robot/go2/obstacles_avoid
[83.945s] -- Installing: /home/samsung/go2_ws/src/go2_simulation/install/go2_jointcontroller/include/unitree/robot/go2/obstacles_avoid/obstacles_avoid_client.hpp
[83.945s] -- Installing: /home/samsung/go2_ws/src/go2_simulation/install/go2_jointcontroller/include/unitree/robot/go2/obstacles_avoid/obstacles_avoid_api.hpp
[83.945s] -- Installing: /home/samsung/go2_ws/src/go2_simulation/install/go2_jointcontroller/include/unitree/robot/go2/utrack
[83.945s] -- Installing: /home/samsung/go2_ws/src/go2_simulation/install/go2_jointcontroller/include/unitree/robot/go2/utrack/utrack_api.hpp
[83.946s] -- Installing: /home/samsung/go2_ws/src/go2_simulation/install/go2_jointcontroller/include/unitree/robot/go2/utrack/utrack_client.hpp
[83.946s] -- Installing: /home/samsung/go2_ws/src/go2_simulation/install/go2_jointcontroller/include/unitree/robot/go2/sport
[83.946s] -- Installing: /home/samsung/go2_ws/src/go2_simulation/install/go2_jointcontroller/include/unitree/robot/go2/sport/sport_api.hpp
[83.946s] -- Installing: /home/samsung/go2_ws/src/go2_simulation/install/go2_jointcontroller/include/unitree/robot/go2/sport/sport_error.hpp
[83.947s] -- Installing: /home/samsung/go2_ws/src/go2_simulation/install/go2_jointcontroller/include/unitree/robot/go2/sport/sport_client.hpp
[83.947s] -- Installing: /home/samsung/go2_ws/src/go2_simulation/install/go2_jointcontroller/include/unitree/robot/go2/public
[83.947s] -- Installing: /home/samsung/go2_ws/src/go2_simulation/install/go2_jointcontroller/include/unitree/robot/go2/public/jsonize_type.hpp
[83.947s] -- Installing: /home/samsung/go2_ws/src/go2_simulation/install/go2_jointcontroller/include/unitree/robot/go2/config
[83.948s] -- Installing: /home/samsung/go2_ws/src/go2_simulation/install/go2_jointcontroller/include/unitree/robot/go2/config/config_client.hpp
[83.948s] -- Installing: /home/samsung/go2_ws/src/go2_simulation/install/go2_jointcontroller/include/unitree/robot/go2/config/config_error.hpp
[83.948s] -- Installing: /home/samsung/go2_ws/src/go2_simulation/install/go2_jointcontroller/include/unitree/robot/go2/config/config_api.hpp
[83.948s] -- Installing: /home/samsung/go2_ws/src/go2_simulation/install/go2_jointcontroller/include/unitree/robot/go2/video
[83.949s] -- Installing: /home/samsung/go2_ws/src/go2_simulation/install/go2_jointcontroller/include/unitree/robot/go2/video/video_error.hpp
[83.949s] -- Installing: /home/samsung/go2_ws/src/go2_simulation/install/go2_jointcontroller/include/unitree/robot/go2/video/video_api.hpp
[83.949s] -- Installing: /home/samsung/go2_ws/src/go2_simulation/install/go2_jointcontroller/include/unitree/robot/go2/video/video_client.hpp
[83.949s] -- Installing: /home/samsung/go2_ws/src/go2_simulation/install/go2_jointcontroller/include/unitree/robot/go2/robot_state
[83.949s] -- Installing: /home/samsung/go2_ws/src/go2_simulation/install/go2_jointcontroller/include/unitree/robot/go2/robot_state/robot_state_api.hpp
[83.950s] -- Installing: /home/samsung/go2_ws/src/go2_simulation/install/go2_jointcontroller/include/unitree/robot/go2/robot_state/robot_state_client.hpp
[83.950s] -- Installing: /home/samsung/go2_ws/src/go2_simulation/install/go2_jointcontroller/include/unitree/robot/go2/robot_state/robot_state_error.hpp
[83.950s] -- Installing: /home/samsung/go2_ws/src/go2_simulation/install/go2_jointcontroller/include/unitree/robot/go2/vui
[83.951s] -- Installing: /home/samsung/go2_ws/src/go2_simulation/install/go2_jointcontroller/include/unitree/robot/go2/vui/vui_api.hpp
[83.951s] -- Installing: /home/samsung/go2_ws/src/go2_simulation/install/go2_jointcontroller/include/unitree/robot/go2/vui/vui_error.hpp
[83.951s] -- Installing: /home/samsung/go2_ws/src/go2_simulation/install/go2_jointcontroller/include/unitree/robot/go2/vui/vui_client.hpp
[83.952s] -- Installing: /home/samsung/go2_ws/src/go2_simulation/install/go2_jointcontroller/lib/libunitree_sdk2.a
[83.989s] -- Installing: /home/samsung/go2_ws/src/go2_simulation/install/go2_jointcontroller/lib/cmake/unitree_sdk2/unitree_sdk2Targets.cmake
[83.989s] -- Installing: /home/samsung/go2_ws/src/go2_simulation/install/go2_jointcontroller/lib/cmake/unitree_sdk2/unitree_sdk2Config.cmake
[83.989s] -- Installing: /home/samsung/go2_ws/src/go2_simulation/install/go2_jointcontroller/lib/cmake/unitree_sdk2/unitree_sdk2ConfigVersion.cmake
[83.990s] -- Installing: /home/samsung/go2_ws/src/go2_simulation/install/go2_jointcontroller/lib/libddsc.so
[84.001s] -- Installing: /home/samsung/go2_ws/src/go2_simulation/install/go2_jointcontroller/lib/libddsc.so.0
[84.001s] -- Installing: /home/samsung/go2_ws/src/go2_simulation/install/go2_jointcontroller/lib/libddscxx.so
[84.006s] -- Installing: /home/samsung/go2_ws/src/go2_simulation/install/go2_jointcontroller/lib/libddscxx.so.0
[84.006s] -- Up-to-date: /home/samsung/go2_ws/src/go2_simulation/install/go2_jointcontroller/include
[84.006s] -- Installing: /home/samsung/go2_ws/src/go2_simulation/install/go2_jointcontroller/include/ddsc
[84.007s] -- Installing: /home/samsung/go2_ws/src/go2_simulation/install/go2_jointcontroller/include/ddsc/dds.h
[84.007s] -- Installing: /home/samsung/go2_ws/src/go2_simulation/install/go2_jointcontroller/include/dds
[84.007s] -- Installing: /home/samsung/go2_ws/src/go2_simulation/install/go2_jointcontroller/include/dds/version.h
[84.008s] -- Installing: /home/samsung/go2_ws/src/go2_simulation/install/go2_jointcontroller/include/dds/ddsc
[84.008s] -- Installing: /home/samsung/go2_ws/src/go2_simulation/install/go2_jointcontroller/include/dds/ddsc/dds_public_listener.h
[84.008s] -- Installing: /home/samsung/go2_ws/src/go2_simulation/install/go2_jointcontroller/include/dds/ddsc/dds_loan_api.h
[84.008s] -- Installing: /home/samsung/go2_ws/src/go2_simulation/install/go2_jointcontroller/include/dds/ddsc/dds_public_status.h
[84.009s] -- Installing: /home/samsung/go2_ws/src/go2_simulation/install/go2_jointcontroller/include/dds/ddsc/dds_public_alloc.h
[84.009s] -- Installing: /home/samsung/go2_ws/src/go2_simulation/install/go2_jointcontroller/include/dds/ddsc/dds_public_impl.h
[84.009s] -- Installing: /home/samsung/go2_ws/src/go2_simulation/install/go2_jointcontroller/include/dds/ddsc/dds_public_qosdefs.h
[84.009s] -- Installing: /home/samsung/go2_ws/src/go2_simulation/install/go2_jointcontroller/include/dds/ddsc/dds_statistics.h
[84.009s] -- Installing: /home/samsung/go2_ws/src/go2_simulation/install/go2_jointcontroller/include/dds/ddsc/dds_public_error.h
[84.009s] -- Installing: /home/samsung/go2_ws/src/go2_simulation/install/go2_jointcontroller/include/dds/ddsc/dds_data_allocator.h
[84.010s] -- Installing: /home/samsung/go2_ws/src/go2_simulation/install/go2_jointcontroller/include/dds/ddsc/dds_public_qos.h
[84.010s] -- Installing: /home/samsung/go2_ws/src/go2_simulation/install/go2_jointcontroller/include/dds/ddsc/dds_internal_api.h
[84.010s] -- Installing: /home/samsung/go2_ws/src/go2_simulation/install/go2_jointcontroller/include/dds/ddsc/dds_basic_types.h
[84.010s] -- Installing: /home/samsung/go2_ws/src/go2_simulation/install/go2_jointcontroller/include/dds/ddsc/dds_opcodes.h
[84.011s] -- Installing: /home/samsung/go2_ws/src/go2_simulation/install/go2_jointcontroller/include/dds/ddsc/dds_rhc.h
[84.011s] -- Installing: /home/samsung/go2_ws/src/go2_simulation/install/go2_jointcontroller/include/dds/features.h
[84.011s] -- Installing: /home/samsung/go2_ws/src/go2_simulation/install/go2_jointcontroller/include/dds/ddsrt
[84.011s] -- Installing: /home/samsung/go2_ws/src/go2_simulation/install/go2_jointcontroller/include/dds/ddsrt/random.h
[84.012s] -- Installing: /home/samsung/go2_ws/src/go2_simulation/install/go2_jointcontroller/include/dds/ddsrt/bswap.h
[84.012s] -- Installing: /home/samsung/go2_ws/src/go2_simulation/install/go2_jointcontroller/include/dds/ddsrt/sync.h
[84.012s] -- Installing: /home/samsung/go2_ws/src/go2_simulation/install/go2_jointcontroller/include/dds/ddsrt/circlist.h
[84.012s] -- Installing: /home/samsung/go2_ws/src/go2_simulation/install/go2_jointcontroller/include/dds/ddsrt/netstat.h
[84.013s] -- Installing: /home/samsung/go2_ws/src/go2_simulation/install/go2_jointcontroller/include/dds/ddsrt/expand_vars.h
[84.013s] -- Installing: /home/samsung/go2_ws/src/go2_simulation/install/go2_jointcontroller/include/dds/ddsrt/environ.h
[84.013s] -- Installing: /home/samsung/go2_ws/src/go2_simulation/install/go2_jointcontroller/include/dds/ddsrt/threads.h
[84.013s] -- Installing: /home/samsung/go2_ws/src/go2_simulation/install/go2_jointcontroller/include/dds/ddsrt/md5.h
[84.014s] -- Installing: /home/samsung/go2_ws/src/go2_simulation/install/go2_jointcontroller/include/dds/ddsrt/strtol.h
[84.014s] -- Installing: /home/samsung/go2_ws/src/go2_simulation/install/go2_jointcontroller/include/dds/ddsrt/dynlib.h
[84.014s] -- Installing: /home/samsung/go2_ws/src/go2_simulation/install/go2_jointcontroller/include/dds/ddsrt/arch.h
[84.014s] -- Installing: /home/samsung/go2_ws/src/go2_simulation/install/go2_jointcontroller/include/dds/ddsrt/avl.h
[84.015s] -- Installing: /home/samsung/go2_ws/src/go2_simulation/install/go2_jointcontroller/include/dds/ddsrt/countargs.h
[84.015s] -- Installing: /home/samsung/go2_ws/src/go2_simulation/install/go2_jointcontroller/include/dds/ddsrt/xmlparser.h
[84.015s] -- Installing: /home/samsung/go2_ws/src/go2_simulation/install/go2_jointcontroller/include/dds/ddsrt/iovec.h
[84.015s] -- Installing: /home/samsung/go2_ws/src/go2_simulation/install/go2_jointcontroller/include/dds/ddsrt/atomics.h
[84.016s] -- Installing: /home/samsung/go2_ws/src/go2_simulation/install/go2_jointcontroller/include/dds/ddsrt/string.h
[84.016s] -- Installing: /home/samsung/go2_ws/src/go2_simulation/install/go2_jointcontroller/include/dds/ddsrt/time
[84.016s] -- Installing: /home/samsung/go2_ws/src/go2_simulation/install/go2_jointcontroller/include/dds/ddsrt/time/freertos.h
[84.016s] -- Installing: /home/samsung/go2_ws/src/go2_simulation/install/go2_jointcontroller/include/dds/ddsrt/log.h
[84.017s] -- Installing: /home/samsung/go2_ws/src/go2_simulation/install/go2_jointcontroller/include/dds/ddsrt/rusage.h
[84.017s] -- Installing: /home/samsung/go2_ws/src/go2_simulation/install/go2_jointcontroller/include/dds/ddsrt/align.h
[84.017s] -- Installing: /home/samsung/go2_ws/src/go2_simulation/install/go2_jointcontroller/include/dds/ddsrt/time.h
[84.017s] -- Installing: /home/samsung/go2_ws/src/go2_simulation/install/go2_jointcontroller/include/dds/ddsrt/atomics
[84.017s] -- Installing: /home/samsung/go2_ws/src/go2_simulation/install/go2_jointcontroller/include/dds/ddsrt/atomics/arm.h
[84.018s] -- Installing: /home/samsung/go2_ws/src/go2_simulation/install/go2_jointcontroller/include/dds/ddsrt/atomics/gcc.h
[84.018s] -- Installing: /home/samsung/go2_ws/src/go2_simulation/install/go2_jointcontroller/include/dds/ddsrt/atomics/msvc.h
[84.018s] -- Installing: /home/samsung/go2_ws/src/go2_simulation/install/go2_jointcontroller/include/dds/ddsrt/atomics/sun.h
[84.019s] -- Installing: /home/samsung/go2_ws/src/go2_simulation/install/go2_jointcontroller/include/dds/ddsrt/heap.h
[84.019s] -- Installing: /home/samsung/go2_ws/src/go2_simulation/install/go2_jointcontroller/include/dds/ddsrt/cdtors.h
[84.019s] -- Installing: /home/samsung/go2_ws/src/go2_simulation/install/go2_jointcontroller/include/dds/ddsrt/sync
[84.019s] -- Installing: /home/samsung/go2_ws/src/go2_simulation/install/go2_jointcontroller/include/dds/ddsrt/sync/posix.h
[84.020s] -- Installing: /home/samsung/go2_ws/src/go2_simulation/install/go2_jointcontroller/include/dds/ddsrt/sync/freertos.h
[84.020s] -- Installing: /home/samsung/go2_ws/src/go2_simulation/install/go2_jointcontroller/include/dds/ddsrt/sync/windows.h
[84.020s] -- Installing: /home/samsung/go2_ws/src/go2_simulation/install/go2_jointcontroller/include/dds/ddsrt/hopscotch.h
[84.020s] -- Installing: /home/samsung/go2_ws/src/go2_simulation/install/go2_jointcontroller/include/dds/ddsrt/types.h
[84.021s] -- Installing: /home/samsung/go2_ws/src/go2_simulation/install/go2_jointcontroller/include/dds/ddsrt/endian.h
[84.021s] -- Installing: /home/samsung/go2_ws/src/go2_simulation/install/go2_jointcontroller/include/dds/ddsrt/process.h
[84.021s] -- Installing: /home/samsung/go2_ws/src/go2_simulation/install/go2_jointcontroller/include/dds/ddsrt/ifaddrs.h
[84.021s] -- Installing: /home/samsung/go2_ws/src/go2_simulation/install/go2_jointcontroller/include/dds/ddsrt/strtod.h
[84.022s] -- Installing: /home/samsung/go2_ws/src/go2_simulation/install/go2_jointcontroller/include/dds/ddsrt/sockets
[84.022s] -- Installing: /home/samsung/go2_ws/src/go2_simulation/install/go2_jointcontroller/include/dds/ddsrt/sockets/posix.h
[84.022s] -- Installing: /home/samsung/go2_ws/src/go2_simulation/install/go2_jointcontroller/include/dds/ddsrt/sockets/windows.h
[84.022s] -- Installing: /home/samsung/go2_ws/src/go2_simulation/install/go2_jointcontroller/include/dds/ddsrt/io.h
[84.022s] -- Installing: /home/samsung/go2_ws/src/go2_simulation/install/go2_jointcontroller/include/dds/ddsrt/mh3.h
[84.023s] -- Installing: /home/samsung/go2_ws/src/go2_simulation/install/go2_jointcontroller/include/dds/ddsrt/filesystem.h
[84.023s] -- Installing: /home/samsung/go2_ws/src/go2_simulation/install/go2_jointcontroller/include/dds/ddsrt/attributes.h
[84.023s] -- Installing: /home/samsung/go2_ws/src/go2_simulation/install/go2_jointcontroller/include/dds/ddsrt/filesystem
[84.024s] -- Installing: /home/samsung/go2_ws/src/go2_simulation/install/go2_jointcontroller/include/dds/ddsrt/filesystem/posix.h
[84.024s] -- Installing: /home/samsung/go2_ws/src/go2_simulation/install/go2_jointcontroller/include/dds/ddsrt/filesystem/windows.h
[84.024s] -- Installing: /home/samsung/go2_ws/src/go2_simulation/install/go2_jointcontroller/include/dds/ddsrt/retcode.h
[84.024s] -- Installing: /home/samsung/go2_ws/src/go2_simulation/install/go2_jointcontroller/include/dds/ddsrt/sockets.h
[84.024s] -- Installing: /home/samsung/go2_ws/src/go2_simulation/install/go2_jointcontroller/include/dds/ddsrt/sched.h
[84.025s] -- Installing: /home/samsung/go2_ws/src/go2_simulation/install/go2_jointcontroller/include/dds/ddsrt/static_assert.h
[84.025s] -- Installing: /home/samsung/go2_ws/src/go2_simulation/install/go2_jointcontroller/include/dds/ddsrt/threads
[84.025s] -- Installing: /home/samsung/go2_ws/src/go2_simulation/install/go2_jointcontroller/include/dds/ddsrt/threads/posix.h
[84.025s] -- Installing: /home/samsung/go2_ws/src/go2_simulation/install/go2_jointcontroller/include/dds/ddsrt/threads/freertos.h
[84.026s] -- Installing: /home/samsung/go2_ws/src/go2_simulation/install/go2_jointcontroller/include/dds/ddsrt/threads/windows.h
[84.026s] -- Installing: /home/samsung/go2_ws/src/go2_simulation/install/go2_jointcontroller/include/dds/ddsrt/misc.h
[84.026s] -- Installing: /home/samsung/go2_ws/src/go2_simulation/install/go2_jointcontroller/include/dds/ddsrt/types
[84.026s] -- Installing: /home/samsung/go2_ws/src/go2_simulation/install/go2_jointcontroller/include/dds/ddsrt/types/posix.h
[84.027s] -- Installing: /home/samsung/go2_ws/src/go2_simulation/install/go2_jointcontroller/include/dds/ddsrt/types/vxworks.h
[84.027s] -- Installing: /home/samsung/go2_ws/src/go2_simulation/install/go2_jointcontroller/include/dds/ddsrt/types/windows.h
[84.027s] -- Installing: /home/samsung/go2_ws/src/go2_simulation/install/go2_jointcontroller/include/dds/ddsrt/fibheap.h
[84.027s] -- Installing: /home/samsung/go2_ws/src/go2_simulation/install/go2_jointcontroller/include/dds/ddsi
[84.028s] -- Installing: /home/samsung/go2_ws/src/go2_simulation/install/go2_jointcontroller/include/dds/ddsi/ddsi_endpoint.h
[84.028s] -- Installing: /home/samsung/go2_ws/src/go2_simulation/install/go2_jointcontroller/include/dds/ddsi/ddsi_deliver_locally.h
[84.028s] -- Installing: /home/samsung/go2_ws/src/go2_simulation/install/go2_jointcontroller/include/dds/ddsi/ddsi_typelib.h
[84.028s] -- Installing: /home/samsung/go2_ws/src/go2_simulation/install/go2_jointcontroller/include/dds/ddsi/ddsi_sertype.h
[84.029s] -- Installing: /home/samsung/go2_ws/src/go2_simulation/install/go2_jointcontroller/include/dds/ddsi/ddsi_ownip.h
[84.029s] -- Installing: /home/samsung/go2_ws/src/go2_simulation/install/go2_jointcontroller/include/dds/ddsi/q_gc.h
[84.029s] -- Installing: /home/samsung/go2_ws/src/go2_simulation/install/go2_jointcontroller/include/dds/ddsi/ddsi_tkmap.h
[84.029s] -- Installing: /home/samsung/go2_ws/src/go2_simulation/install/go2_jointcontroller/include/dds/ddsi/ddsi_typelookup.h
[84.030s] -- Installing: /home/samsung/go2_ws/src/go2_simulation/install/go2_jointcontroller/include/dds/ddsi/ddsi_serdata_pserop.h
[84.030s] -- Installing: /home/samsung/go2_ws/src/go2_simulation/install/go2_jointcontroller/include/dds/ddsi/ddsi_config.h
[84.030s] -- Installing: /home/samsung/go2_ws/src/go2_simulation/install/go2_jointcontroller/include/dds/ddsi/ddsi_serdata_plist.h
[84.030s] -- Installing: /home/samsung/go2_ws/src/go2_simulation/install/go2_jointcontroller/include/dds/ddsi/q_transmit.h
[84.031s] -- Installing: /home/samsung/go2_ws/src/go2_simulation/install/go2_jointcontroller/include/dds/ddsi/ddsi_security_exchange.h
[84.031s] -- Installing: /home/samsung/go2_ws/src/go2_simulation/install/go2_jointcontroller/include/dds/ddsi/q_xevent.h
[84.031s] -- Installing: /home/samsung/go2_ws/src/go2_simulation/install/go2_jointcontroller/include/dds/ddsi/ddsi_handshake.h
[84.031s] -- Installing: /home/samsung/go2_ws/src/go2_simulation/install/go2_jointcontroller/include/dds/ddsi/q_hbcontrol.h
[84.032s] -- Installing: /home/samsung/go2_ws/src/go2_simulation/install/go2_jointcontroller/include/dds/ddsi/q_pcap.h
[84.032s] -- Installing: /home/samsung/go2_ws/src/go2_simulation/install/go2_jointcontroller/include/dds/ddsi/ddsi_proxy_participant.h
[84.032s] -- Installing: /home/samsung/go2_ws/src/go2_simulation/install/go2_jointcontroller/include/dds/ddsi/ddsi_domaingv.h
[84.032s] -- Installing: /home/samsung/go2_ws/src/go2_simulation/install/go2_jointcontroller/include/dds/ddsi/ddsi_vendor.h
[84.033s] -- Installing: /home/samsung/go2_ws/src/go2_simulation/install/go2_jointcontroller/include/dds/ddsi/ddsi_sertopic.h
[84.033s] -- Installing: /home/samsung/go2_ws/src/go2_simulation/install/go2_jointcontroller/include/dds/ddsi/ddsi_guid.h
[84.033s] -- Installing: /home/samsung/go2_ws/src/go2_simulation/install/go2_jointcontroller/include/dds/ddsi/ddsi_serdata.h
[84.034s] -- Installing: /home/samsung/go2_ws/src/go2_simulation/install/go2_jointcontroller/include/dds/ddsi/q_bitset.h
[84.034s] -- Installing: /home/samsung/go2_ws/src/go2_simulation/install/go2_jointcontroller/include/dds/ddsi/ddsi_xt_typeinfo.h
[84.034s] -- Installing: /home/samsung/go2_ws/src/go2_simulation/install/go2_jointcontroller/include/dds/ddsi/ddsi_security_util.h
[84.035s] -- Installing: /home/samsung/go2_ws/src/go2_simulation/install/go2_jointcontroller/include/dds/ddsi/ddsi_shm_transport.h
[84.035s] -- Installing: /home/samsung/go2_ws/src/go2_simulation/install/go2_jointcontroller/include/dds/ddsi/ddsi_tcp.h
[84.036s] -- Installing: /home/samsung/go2_ws/src/go2_simulation/install/go2_jointcontroller/include/dds/ddsi/ddsi_proxy_endpoint.h
[84.036s] -- Installing: /home/samsung/go2_ws/src/go2_simulation/install/go2_jointcontroller/include/dds/ddsi/ddsi_config_impl.h
[84.037s] -- Installing: /home/samsung/go2_ws/src/go2_simulation/install/go2_jointcontroller/include/dds/ddsi/ddsi_entity.h
[84.038s] -- Installing: /home/samsung/go2_ws/src/go2_simulation/install/go2_jointcontroller/include/dds/ddsi/ddsi_ssl.h
[84.038s] -- Installing: /home/samsung/go2_ws/src/go2_simulation/install/go2_jointcontroller/include/dds/ddsi/q_whc.h
[84.038s] -- Installing: /home/samsung/go2_ws/src/go2_simulation/install/go2_jointcontroller/include/dds/ddsi/ddsi_xt_typemap.idl
[84.038s] -- Installing: /home/samsung/go2_ws/src/go2_simulation/install/go2_jointcontroller/include/dds/ddsi/q_inverse_uint32_set.h
[84.039s] -- Installing: /home/samsung/go2_ws/src/go2_simulation/install/go2_jointcontroller/include/dds/ddsi/ddsi_xt_typelookup.h
[84.039s] -- Installing: /home/samsung/go2_ws/src/go2_simulation/install/go2_jointcontroller/include/dds/ddsi/ddsi_ipaddr.h
[84.039s] -- Installing: /home/samsung/go2_ws/src/go2_simulation/install/go2_jointcontroller/include/dds/ddsi/ddsi_wraddrset.h
[84.039s] -- Installing: /home/samsung/go2_ws/src/go2_simulation/install/go2_jointcontroller/include/dds/ddsi/ddsi_threadmon.h
[84.040s] -- Installing: /home/samsung/go2_ws/src/go2_simulation/install/go2_jointcontroller/include/dds/ddsi/sysdeps.h
[84.040s] -- Installing: /home/samsung/go2_ws/src/go2_simulation/install/go2_jointcontroller/include/dds/ddsi/ddsi_iid.h
[84.040s] -- Installing: /home/samsung/go2_ws/src/go2_simulation/install/go2_jointcontroller/include/dds/ddsi/q_addrset.h
[84.040s] -- Installing: /home/samsung/go2_ws/src/go2_simulation/install/go2_jointcontroller/include/dds/ddsi/ddsi_list_genptr.h
[84.040s] -- Installing: /home/samsung/go2_ws/src/go2_simulation/install/go2_jointcontroller/include/dds/ddsi/ddsi_list_tmpl.h
[84.041s] -- Installing: /home/samsung/go2_ws/src/go2_simulation/install/go2_jointcontroller/include/dds/ddsi/ddsi_locator.h
[84.041s] -- Installing: /home/samsung/go2_ws/src/go2_simulation/install/go2_jointcontroller/include/dds/ddsi/ddsi_topic.h
[84.041s] -- Installing: /home/samsung/go2_ws/src/go2_simulation/install/go2_jointcontroller/include/dds/ddsi/ddsi_plist_generic.h
[84.041s] -- Installing: /home/samsung/go2_ws/src/go2_simulation/install/go2_jointcontroller/include/dds/ddsi/ddsi_lifespan.h
[84.042s] -- Installing: /home/samsung/go2_ws/src/go2_simulation/install/go2_jointcontroller/include/dds/ddsi/ddsi_xt_typemap.h
[84.042s] -- Installing: /home/samsung/go2_ws/src/go2_simulation/install/go2_jointcontroller/include/dds/ddsi/ddsi_entity_index.h
[84.042s] -- Installing: /home/samsung/go2_ws/src/go2_simulation/install/go2_jointcontroller/include/dds/ddsi/ddsi_security_msg.h
[84.042s] -- Installing: /home/samsung/go2_ws/src/go2_simulation/install/go2_jointcontroller/include/dds/ddsi/ddsi_participant.h
[84.043s] -- Installing: /home/samsung/go2_ws/src/go2_simulation/install/go2_jointcontroller/include/dds/ddsi/ddsi_acknack.h
[84.043s] -- Installing: /home/samsung/go2_ws/src/go2_simulation/install/go2_jointcontroller/include/dds/ddsi/ddsi_vnet.h
[84.043s] -- Installing: /home/samsung/go2_ws/src/go2_simulation/install/go2_jointcontroller/include/dds/ddsi/ddsi_cdrstream.h
[84.043s] -- Installing: /home/samsung/go2_ws/src/go2_simulation/install/go2_jointcontroller/include/dds/ddsi/ddsi_tran.h
[84.043s] -- Installing: /home/samsung/go2_ws/src/go2_simulation/install/go2_jointcontroller/include/dds/ddsi/ddsi_pmd.h
[84.044s] -- Installing: /home/samsung/go2_ws/src/go2_simulation/install/go2_jointcontroller/include/dds/ddsi/ddsi_plist.h
[84.044s] -- Installing: /home/samsung/go2_ws/src/go2_simulation/install/go2_jointcontroller/include/dds/ddsi/q_radmin.h
[84.044s] -- Installing: /home/samsung/go2_ws/src/go2_simulation/install/go2_jointcontroller/include/dds/ddsi/ddsi_serdata_default.h
[84.045s] -- Installing: /home/samsung/go2_ws/src/go2_simulation/install/go2_jointcontroller/include/dds/ddsi/q_rtps.h
[84.045s] -- Installing: /home/samsung/go2_ws/src/go2_simulation/install/go2_jointcontroller/include/dds/ddsi/ddsi_statistics.h
[84.045s] -- Installing: /home/samsung/go2_ws/src/go2_simulation/install/go2_jointcontroller/include/dds/ddsi/q_debmon.h
[84.045s] -- Installing: /home/samsung/go2_ws/src/go2_simulation/install/go2_jointcontroller/include/dds/ddsi/q_feature_check.h
[84.045s] -- Installing: /home/samsung/go2_ws/src/go2_simulation/install/go2_jointcontroller/include/dds/ddsi/q_unused.h
[84.046s] -- Installing: /home/samsung/go2_ws/src/go2_simulation/install/go2_jointcontroller/include/dds/ddsi/ddsi_keyhash.h
[84.046s] -- Installing: /home/samsung/go2_ws/src/go2_simulation/install/go2_jointcontroller/include/dds/ddsi/ddsi_builtin_topic_if.h
[84.046s] -- Installing: /home/samsung/go2_ws/src/go2_simulation/install/go2_jointcontroller/include/dds/ddsi/ddsi_typewrap.h
[84.046s] -- Installing: /home/samsung/go2_ws/src/go2_simulation/install/go2_jointcontroller/include/dds/ddsi/q_misc.h
[84.047s] -- Installing: /home/samsung/go2_ws/src/go2_simulation/install/go2_jointcontroller/include/dds/ddsi/ddsi_rhc.h
[84.047s] -- Installing: /home/samsung/go2_ws/src/go2_simulation/install/go2_jointcontroller/include/dds/ddsi/q_thread.h
[84.047s] -- Installing: /home/samsung/go2_ws/src/go2_simulation/install/go2_jointcontroller/include/dds/ddsi/q_qosmatch.h
[84.047s] -- Installing: /home/samsung/go2_ws/src/go2_simulation/install/go2_jointcontroller/include/dds/ddsi/q_lat_estim.h
[84.047s] -- Installing: /home/samsung/go2_ws/src/go2_simulation/install/go2_jointcontroller/include/dds/ddsi/q_protocol.h
[84.048s] -- Installing: /home/samsung/go2_ws/src/go2_simulation/install/go2_jointcontroller/include/dds/ddsi/q_init.h
[84.048s] -- Installing: /home/samsung/go2_ws/src/go2_simulation/install/go2_jointcontroller/include/dds/ddsi/q_xmsg.h
[84.048s] -- Installing: /home/samsung/go2_ws/src/go2_simulation/install/go2_jointcontroller/include/dds/ddsi/ddsi_cfgunits.h
[84.048s] -- Installing: /home/samsung/go2_ws/src/go2_simulation/install/go2_jointcontroller/include/dds/ddsi/q_bswap.h
[84.049s] -- Installing: /home/samsung/go2_ws/src/go2_simulation/install/go2_jointcontroller/include/dds/ddsi/q_ddsi_discovery.h
[84.049s] -- Installing: /home/samsung/go2_ws/src/go2_simulation/install/go2_jointcontroller/include/dds/ddsi/ddsi_raweth.h
[84.049s] -- Installing: /home/samsung/go2_ws/src/go2_simulation/install/go2_jointcontroller/include/dds/ddsi/ddsi_cfgelems.h
[84.050s] -- Installing: /home/samsung/go2_ws/src/go2_simulation/install/go2_jointcontroller/include/dds/ddsi/ddsi_typebuilder.h
[84.050s] -- Installing: /home/samsung/go2_ws/src/go2_simulation/install/go2_jointcontroller/include/dds/ddsi/q_sockwaitset.h
[84.050s] -- Installing: /home/samsung/go2_ws/src/go2_simulation/install/go2_jointcontroller/include/dds/ddsi/ddsi_entity_match.h
[84.050s] -- Installing: /home/samsung/go2_ws/src/go2_simulation/install/go2_jointcontroller/include/dds/ddsi/ddsi_xt_typeinfo.idl
[84.051s] -- Installing: /home/samsung/go2_ws/src/go2_simulation/install/go2_jointcontroller/include/dds/ddsi/ddsi_xt_typelookup.idl
[84.051s] -- Installing: /home/samsung/go2_ws/src/go2_simulation/install/go2_jointcontroller/include/dds/ddsi/ddsi_xt_impl.h
[84.052s] -- Installing: /home/samsung/go2_ws/src/go2_simulation/install/go2_jointcontroller/include/dds/ddsi/ddsi_udp.h
[84.052s] -- Installing: /home/samsung/go2_ws/src/go2_simulation/install/go2_jointcontroller/include/dds/ddsi/q_receive.h
[84.052s] -- Installing: /home/samsung/go2_ws/src/go2_simulation/install/go2_jointcontroller/include/dds/ddsi/ddsi_security_omg.h
[84.052s] -- Installing: /home/samsung/go2_ws/src/go2_simulation/install/go2_jointcontroller/include/dds/ddsi/ddsi_xqos.h
[84.053s] -- Installing: /home/samsung/go2_ws/src/go2_simulation/install/go2_jointcontroller/include/dds/ddsi/ddsi_mcgroup.h
[84.053s] -- Installing: /home/samsung/go2_ws/src/go2_simulation/install/go2_jointcontroller/include/dds/ddsi/ddsi_time.h
[84.053s] -- Installing: /home/samsung/go2_ws/src/go2_simulation/install/go2_jointcontroller/include/dds/ddsi/ddsi_portmapping.h
[84.053s] -- Installing: /home/samsung/go2_ws/src/go2_simulation/install/go2_jointcontroller/include/dds/ddsi/q_log.h
[84.054s] -- Installing: /home/samsung/go2_ws/src/go2_simulation/install/go2_jointcontroller/include/dds/ddsi/q_freelist.h
[84.054s] -- Installing: /home/samsung/go2_ws/src/go2_simulation/install/go2_jointcontroller/include/dds/ddsi/ddsi_deadline.h
[84.054s] -- Installing: /home/samsung/go2_ws/src/go2_simulation/install/go2_jointcontroller/include/dds/ddsi/q_lease.h
[84.055s] -- Installing: /home/samsung/go2_ws/src/go2_simulation/install/go2_jointcontroller/include/dds/config.h
[84.055s] -- Installing: /home/samsung/go2_ws/src/go2_simulation/install/go2_jointcontroller/include/dds/export.h
[84.055s] -- Installing: /home/samsung/go2_ws/src/go2_simulation/install/go2_jointcontroller/include/dds/dds.h
[84.056s] -- Installing: /home/samsung/go2_ws/src/go2_simulation/install/go2_jointcontroller/include/ddscxx
[84.056s] -- Installing: /home/samsung/go2_ws/src/go2_simulation/install/go2_jointcontroller/include/ddscxx/org
[84.056s] -- Installing: /home/samsung/go2_ws/src/go2_simulation/install/go2_jointcontroller/include/ddscxx/org/eclipse
[84.056s] -- Installing: /home/samsung/go2_ws/src/go2_simulation/install/go2_jointcontroller/include/ddscxx/org/eclipse/cyclonedds
[84.056s] -- Installing: /home/samsung/go2_ws/src/go2_simulation/install/go2_jointcontroller/include/ddscxx/org/eclipse/cyclonedds/topic
[84.057s] -- Installing: /home/samsung/go2_ws/src/go2_simulation/install/go2_jointcontroller/include/ddscxx/org/eclipse/cyclonedds/topic/datatopic.hpp
[84.057s] -- Installing: /home/samsung/go2_ws/src/go2_simulation/install/go2_jointcontroller/include/ddscxx/org/eclipse/cyclonedds/topic/AnyTopicListener.hpp
[84.057s] -- Installing: /home/samsung/go2_ws/src/go2_simulation/install/go2_jointcontroller/include/ddscxx/org/eclipse/cyclonedds/topic/hash.hpp
[84.057s] -- Installing: /home/samsung/go2_ws/src/go2_simulation/install/go2_jointcontroller/include/ddscxx/org/eclipse/cyclonedds/topic/qos
[84.058s] -- Installing: /home/samsung/go2_ws/src/go2_simulation/install/go2_jointcontroller/include/ddscxx/org/eclipse/cyclonedds/topic/qos/TopicQosDelegate.hpp
[84.058s] -- Installing: /home/samsung/go2_ws/src/go2_simulation/install/go2_jointcontroller/include/ddscxx/org/eclipse/cyclonedds/topic/CDRBlob.hpp
[84.058s] -- Installing: /home/samsung/go2_ws/src/go2_simulation/install/go2_jointcontroller/include/ddscxx/org/eclipse/cyclonedds/topic/BuiltinTopicKeyDelegate.hpp
[84.058s] -- Installing: /home/samsung/go2_ws/src/go2_simulation/install/go2_jointcontroller/include/ddscxx/org/eclipse/cyclonedds/topic/TopicDescriptionDelegate.hpp
[84.059s] -- Installing: /home/samsung/go2_ws/src/go2_simulation/install/go2_jointcontroller/include/ddscxx/org/eclipse/cyclonedds/topic/find.hpp
[84.059s] -- Installing: /home/samsung/go2_ws/src/go2_simulation/install/go2_jointcontroller/include/ddscxx/org/eclipse/cyclonedds/topic/TBuiltinTopic.hpp
[84.059s] -- Installing: /home/samsung/go2_ws/src/go2_simulation/install/go2_jointcontroller/include/ddscxx/org/eclipse/cyclonedds/topic/discovery.hpp
[84.059s] -- Installing: /home/samsung/go2_ws/src/go2_simulation/install/go2_jointcontroller/include/ddscxx/org/eclipse/cyclonedds/topic/FilterDelegate.hpp
[84.060s] -- Installing: /home/samsung/go2_ws/src/go2_simulation/install/go2_jointcontroller/include/ddscxx/org/eclipse/cyclonedds/topic/TopicTraits.hpp
[84.060s] -- Installing: /home/samsung/go2_ws/src/go2_simulation/install/go2_jointcontroller/include/ddscxx/org/eclipse/cyclonedds/topic/TopicListener.hpp
[84.060s] -- Installing: /home/samsung/go2_ws/src/go2_simulation/install/go2_jointcontroller/include/ddscxx/org/eclipse/cyclonedds/topic/BuiltinTopicCopy.hpp
[84.060s] -- Installing: /home/samsung/go2_ws/src/go2_simulation/install/go2_jointcontroller/include/ddscxx/org/eclipse/cyclonedds/topic/BuiltinTopic.hpp
[84.061s] -- Installing: /home/samsung/go2_ws/src/go2_simulation/install/go2_jointcontroller/include/ddscxx/org/eclipse/cyclonedds/topic/BuiltinTopicTraits.hpp
[84.061s] -- Installing: /home/samsung/go2_ws/src/go2_simulation/install/go2_jointcontroller/include/ddscxx/org/eclipse/cyclonedds/topic/AnyTopicDelegate.hpp
[84.061s] -- Installing: /home/samsung/go2_ws/src/go2_simulation/install/go2_jointcontroller/include/ddscxx/org/eclipse/cyclonedds/topic/BuiltinTopicDelegate.hpp
[84.062s] -- Installing: /home/samsung/go2_ws/src/go2_simulation/install/go2_jointcontroller/include/ddscxx/org/eclipse/cyclonedds/sub
[84.062s] -- Installing: /home/samsung/go2_ws/src/go2_simulation/install/go2_jointcontroller/include/ddscxx/org/eclipse/cyclonedds/sub/SubscriberDelegate.hpp
[84.062s] -- Installing: /home/samsung/go2_ws/src/go2_simulation/install/go2_jointcontroller/include/ddscxx/org/eclipse/cyclonedds/sub/qos
[84.062s] -- Installing: /home/samsung/go2_ws/src/go2_simulation/install/go2_jointcontroller/include/ddscxx/org/eclipse/cyclonedds/sub/qos/SubscriberQosDelegate.hpp
[84.063s] -- Installing: /home/samsung/go2_ws/src/go2_simulation/install/go2_jointcontroller/include/ddscxx/org/eclipse/cyclonedds/sub/qos/DataReaderQosDelegate.hpp
[84.063s] -- Installing: /home/samsung/go2_ws/src/go2_simulation/install/go2_jointcontroller/include/ddscxx/org/eclipse/cyclonedds/sub/SampleInfoImpl.hpp
[84.063s] -- Installing: /home/samsung/go2_ws/src/go2_simulation/install/go2_jointcontroller/include/ddscxx/org/eclipse/cyclonedds/sub/BuiltinSubscriberDelegate.hpp
[84.063s] -- Installing: /home/samsung/go2_ws/src/go2_simulation/install/go2_jointcontroller/include/ddscxx/org/eclipse/cyclonedds/sub/AnyDataReaderDelegate.hpp
[84.063s] -- Installing: /home/samsung/go2_ws/src/go2_simulation/install/go2_jointcontroller/include/ddscxx/org/eclipse/cyclonedds/sub/cond
[84.064s] -- Installing: /home/samsung/go2_ws/src/go2_simulation/install/go2_jointcontroller/include/ddscxx/org/eclipse/cyclonedds/sub/cond/ReadConditionDelegate.hpp
[84.064s] -- Installing: /home/samsung/go2_ws/src/go2_simulation/install/go2_jointcontroller/include/ddscxx/org/eclipse/cyclonedds/sub/cond/QueryConditionDelegate.hpp
[84.064s] -- Installing: /home/samsung/go2_ws/src/go2_simulation/install/go2_jointcontroller/include/ddscxx/org/eclipse/cyclonedds/sub/QueryDelegate.hpp
[84.065s] -- Installing: /home/samsung/go2_ws/src/go2_simulation/install/go2_jointcontroller/include/ddscxx/org/eclipse/cyclonedds/sub/CoherentAccessDelegate.hpp
[84.065s] -- Installing: /home/samsung/go2_ws/src/go2_simulation/install/go2_jointcontroller/include/ddscxx/org/eclipse/cyclonedds/sub/GenerationCountImpl.hpp
[84.065s] -- Installing: /home/samsung/go2_ws/src/go2_simulation/install/go2_jointcontroller/include/ddscxx/org/eclipse/cyclonedds/sub/RankImpl.hpp
[84.065s] -- Installing: /home/samsung/go2_ws/src/go2_simulation/install/go2_jointcontroller/include/ddscxx/org/eclipse/cyclonedds/ForwardDeclarations.hpp
[84.066s] -- Installing: /home/samsung/go2_ws/src/go2_simulation/install/go2_jointcontroller/include/ddscxx/org/eclipse/cyclonedds/core
[84.066s] -- Installing: /home/samsung/go2_ws/src/go2_simulation/install/go2_jointcontroller/include/ddscxx/org/eclipse/cyclonedds/core/EntitySet.hpp
[84.066s] -- Installing: /home/samsung/go2_ws/src/go2_simulation/install/go2_jointcontroller/include/ddscxx/org/eclipse/cyclonedds/core/WeakReferenceSet.hpp
[84.066s] -- Installing: /home/samsung/go2_ws/src/go2_simulation/install/go2_jointcontroller/include/ddscxx/org/eclipse/cyclonedds/core/QosProviderDelegate.hpp
[84.066s] -- Installing: /home/samsung/go2_ws/src/go2_simulation/install/go2_jointcontroller/include/ddscxx/org/eclipse/cyclonedds/core/ObjectSet.hpp
[84.067s] -- Installing: /home/samsung/go2_ws/src/go2_simulation/install/go2_jointcontroller/include/ddscxx/org/eclipse/cyclonedds/core/ObjectDelegate.hpp
[84.067s] -- Installing: /home/samsung/go2_ws/src/go2_simulation/install/go2_jointcontroller/include/ddscxx/org/eclipse/cyclonedds/core/InstanceHandleDelegate.hpp
[84.067s] -- Installing: /home/samsung/go2_ws/src/go2_simulation/install/go2_jointcontroller/include/ddscxx/org/eclipse/cyclonedds/core/DDScObjectDelegate.hpp
[84.067s] -- Installing: /home/samsung/go2_ws/src/go2_simulation/install/go2_jointcontroller/include/ddscxx/org/eclipse/cyclonedds/core/cond
[84.068s] -- Installing: /home/samsung/go2_ws/src/go2_simulation/install/go2_jointcontroller/include/ddscxx/org/eclipse/cyclonedds/core/cond/WaitSetDelegate.hpp
[84.068s] -- Installing: /home/samsung/go2_ws/src/go2_simulation/install/go2_jointcontroller/include/ddscxx/org/eclipse/cyclonedds/core/cond/FunctorHolder.hpp
[84.068s] -- Installing: /home/samsung/go2_ws/src/go2_simulation/install/go2_jointcontroller/include/ddscxx/org/eclipse/cyclonedds/core/cond/GuardConditionDelegate.hpp
[84.069s] -- Installing: /home/samsung/go2_ws/src/go2_simulation/install/go2_jointcontroller/include/ddscxx/org/eclipse/cyclonedds/core/cond/ShadowParticipant.hpp
[84.069s] -- Installing: /home/samsung/go2_ws/src/go2_simulation/install/go2_jointcontroller/include/ddscxx/org/eclipse/cyclonedds/core/cond/StatusConditionDelegate.hpp
[84.069s] -- Installing: /home/samsung/go2_ws/src/go2_simulation/install/go2_jointcontroller/include/ddscxx/org/eclipse/cyclonedds/core/cond/ConditionDelegate.hpp
[84.069s] -- Installing: /home/samsung/go2_ws/src/go2_simulation/install/go2_jointcontroller/include/ddscxx/org/eclipse/cyclonedds/core/TimeHelper.hpp
[84.069s] -- Installing: /home/samsung/go2_ws/src/go2_simulation/install/go2_jointcontroller/include/ddscxx/org/eclipse/cyclonedds/core/cdr
[84.070s] -- Installing: /home/samsung/go2_ws/src/go2_simulation/install/go2_jointcontroller/include/ddscxx/org/eclipse/cyclonedds/core/cdr/extended_cdr_v1_ser.hpp
[84.070s] -- Installing: /home/samsung/go2_ws/src/go2_simulation/install/go2_jointcontroller/include/ddscxx/org/eclipse/cyclonedds/core/cdr/fragchain.hpp
[84.070s] -- Installing: /home/samsung/go2_ws/src/go2_simulation/install/go2_jointcontroller/include/ddscxx/org/eclipse/cyclonedds/core/cdr/entity_properties.hpp
[84.071s] -- Installing: /home/samsung/go2_ws/src/go2_simulation/install/go2_jointcontroller/include/ddscxx/org/eclipse/cyclonedds/core/cdr/cdr_enums.hpp
[84.071s] -- Installing: /home/samsung/go2_ws/src/go2_simulation/install/go2_jointcontroller/include/ddscxx/org/eclipse/cyclonedds/core/cdr/extended_cdr_v2_ser.hpp
[84.071s] -- Installing: /home/samsung/go2_ws/src/go2_simulation/install/go2_jointcontroller/include/ddscxx/org/eclipse/cyclonedds/core/cdr/basic_cdr_ser.hpp
[84.072s] -- Installing: /home/samsung/go2_ws/src/go2_simulation/install/go2_jointcontroller/include/ddscxx/org/eclipse/cyclonedds/core/cdr/cdr_stream.hpp
[84.072s] -- Installing: /home/samsung/go2_ws/src/go2_simulation/install/go2_jointcontroller/include/ddscxx/org/eclipse/cyclonedds/core/ListenerDispatcher.hpp
[84.072s] -- Installing: /home/samsung/go2_ws/src/go2_simulation/install/go2_jointcontroller/include/ddscxx/org/eclipse/cyclonedds/core/EntityRegistry.hpp
[84.073s] -- Installing: /home/samsung/go2_ws/src/go2_simulation/install/go2_jointcontroller/include/ddscxx/org/eclipse/cyclonedds/core/config.hpp
[84.073s] -- Installing: /home/samsung/go2_ws/src/go2_simulation/install/go2_jointcontroller/include/ddscxx/org/eclipse/cyclonedds/core/status
[84.073s] -- Installing: /home/samsung/go2_ws/src/go2_simulation/install/go2_jointcontroller/include/ddscxx/org/eclipse/cyclonedds/core/status/StatusDelegate.hpp
[84.074s] -- Installing: /home/samsung/go2_ws/src/go2_simulation/install/go2_jointcontroller/include/ddscxx/org/eclipse/cyclonedds/core/ReportUtils.hpp
[84.074s] -- Installing: /home/samsung/go2_ws/src/go2_simulation/install/go2_jointcontroller/include/ddscxx/org/eclipse/cyclonedds/core/MiscUtils.hpp
[84.074s] -- Installing: /home/samsung/go2_ws/src/go2_simulation/install/go2_jointcontroller/include/ddscxx/org/eclipse/cyclonedds/core/Missing.hpp
[84.075s] -- Installing: /home/samsung/go2_ws/src/go2_simulation/install/go2_jointcontroller/include/ddscxx/org/eclipse/cyclonedds/core/EntityDelegate.hpp
[84.075s] -- Installing: /home/samsung/go2_ws/src/go2_simulation/install/go2_jointcontroller/include/ddscxx/org/eclipse/cyclonedds/core/Mutex.hpp
[84.075s] -- Installing: /home/samsung/go2_ws/src/go2_simulation/install/go2_jointcontroller/include/ddscxx/org/eclipse/cyclonedds/core/policy
[84.076s] -- Installing: /home/samsung/go2_ws/src/go2_simulation/install/go2_jointcontroller/include/ddscxx/org/eclipse/cyclonedds/core/policy/Policy.hpp
[84.076s] -- Installing: /home/samsung/go2_ws/src/go2_simulation/install/go2_jointcontroller/include/ddscxx/org/eclipse/cyclonedds/core/policy/ProprietaryPolicyKind.hpp
[84.077s] -- Installing: /home/samsung/go2_ws/src/go2_simulation/install/go2_jointcontroller/include/ddscxx/org/eclipse/cyclonedds/core/policy/QosPolicyCountDelegate.hpp
[84.077s] -- Installing: /home/samsung/go2_ws/src/go2_simulation/install/go2_jointcontroller/include/ddscxx/org/eclipse/cyclonedds/core/policy/TPolicy.hpp
[84.077s] -- Installing: /home/samsung/go2_ws/src/go2_simulation/install/go2_jointcontroller/include/ddscxx/org/eclipse/cyclonedds/core/policy/PolicyDelegate.hpp
[84.078s] -- Installing: /home/samsung/go2_ws/src/go2_simulation/install/go2_jointcontroller/include/ddscxx/org/eclipse/cyclonedds/core/ScopedLock.hpp
[84.078s] -- Installing: /home/samsung/go2_ws/src/go2_simulation/install/go2_jointcontroller/include/ddscxx/org/eclipse/cyclonedds/core/type_helpers.hpp
[84.078s] -- Installing: /home/samsung/go2_ws/src/go2_simulation/install/go2_jointcontroller/include/ddscxx/org/eclipse/cyclonedds/pub
[84.079s] -- Installing: /home/samsung/go2_ws/src/go2_simulation/install/go2_jointcontroller/include/ddscxx/org/eclipse/cyclonedds/pub/PublisherDelegate.hpp
[84.079s] -- Installing: /home/samsung/go2_ws/src/go2_simulation/install/go2_jointcontroller/include/ddscxx/org/eclipse/cyclonedds/pub/qos
[84.080s] -- Installing: /home/samsung/go2_ws/src/go2_simulation/install/go2_jointcontroller/include/ddscxx/org/eclipse/cyclonedds/pub/qos/PublisherQosDelegate.hpp
[84.080s] -- Installing: /home/samsung/go2_ws/src/go2_simulation/install/go2_jointcontroller/include/ddscxx/org/eclipse/cyclonedds/pub/qos/DataWriterQosDelegate.hpp
[84.080s] -- Installing: /home/samsung/go2_ws/src/go2_simulation/install/go2_jointcontroller/include/ddscxx/org/eclipse/cyclonedds/pub/AnyDataWriterDelegate.hpp
[84.081s] -- Installing: /home/samsung/go2_ws/src/go2_simulation/install/go2_jointcontroller/include/ddscxx/org/eclipse/cyclonedds/pub/SuspendedPublicationDelegate.hpp
[84.081s] -- Installing: /home/samsung/go2_ws/src/go2_simulation/install/go2_jointcontroller/include/ddscxx/org/eclipse/cyclonedds/pub/CoherentSetDelegate.hpp
[84.081s] -- Installing: /home/samsung/go2_ws/src/go2_simulation/install/go2_jointcontroller/include/ddscxx/org/eclipse/cyclonedds/domain
[84.082s] -- Installing: /home/samsung/go2_ws/src/go2_simulation/install/go2_jointcontroller/include/ddscxx/org/eclipse/cyclonedds/domain/qos
[84.082s] -- Installing: /home/samsung/go2_ws/src/go2_simulation/install/go2_jointcontroller/include/ddscxx/org/eclipse/cyclonedds/domain/qos/DomainParticipantQosDelegate.hpp
[84.082s] -- Installing: /home/samsung/go2_ws/src/go2_simulation/install/go2_jointcontroller/include/ddscxx/org/eclipse/cyclonedds/domain/DomainParticipantListener.hpp
[84.083s] -- Installing: /home/samsung/go2_ws/src/go2_simulation/install/go2_jointcontroller/include/ddscxx/org/eclipse/cyclonedds/domain/Domain.hpp
[84.083s] -- Installing: /home/samsung/go2_ws/src/go2_simulation/install/go2_jointcontroller/include/ddscxx/org/eclipse/cyclonedds/domain/DomainWrap.hpp
[84.083s] -- Installing: /home/samsung/go2_ws/src/go2_simulation/install/go2_jointcontroller/include/ddscxx/org/eclipse/cyclonedds/domain/DomainParticipantRegistry.hpp
[84.083s] -- Installing: /home/samsung/go2_ws/src/go2_simulation/install/go2_jointcontroller/include/ddscxx/org/eclipse/cyclonedds/domain/DomainParticipantDelegate.hpp
[84.084s] -- Installing: /home/samsung/go2_ws/src/go2_simulation/install/go2_jointcontroller/include/ddscxx/dds
[84.084s] -- Installing: /home/samsung/go2_ws/src/go2_simulation/install/go2_jointcontroller/include/ddscxx/dds/dds.hpp
[84.085s] -- Installing: /home/samsung/go2_ws/src/go2_simulation/install/go2_jointcontroller/include/ddscxx/dds/topic
[84.085s] -- Installing: /home/samsung/go2_ws/src/go2_simulation/install/go2_jointcontroller/include/ddscxx/dds/topic/detail
[84.085s] -- Installing: /home/samsung/go2_ws/src/go2_simulation/install/go2_jointcontroller/include/ddscxx/dds/topic/detail/MultiTopic.hpp
[84.085s] -- Installing: /home/samsung/go2_ws/src/go2_simulation/install/go2_jointcontroller/include/ddscxx/dds/topic/detail/TTopicDescriptionImpl.hpp
[84.086s] -- Installing: /home/samsung/go2_ws/src/go2_simulation/install/go2_jointcontroller/include/ddscxx/dds/topic/detail/Filter.hpp
[84.086s] -- Installing: /home/samsung/go2_ws/src/go2_simulation/install/go2_jointcontroller/include/ddscxx/dds/topic/detail/TTopicImpl.hpp
[84.086s] -- Installing: /home/samsung/go2_ws/src/go2_simulation/install/go2_jointcontroller/include/ddscxx/dds/topic/detail/Topic.hpp
[84.087s] -- Installing: /home/samsung/go2_ws/src/go2_simulation/install/go2_jointcontroller/include/ddscxx/dds/topic/detail/TAnyTopicImpl.hpp
[84.087s] -- Installing: /home/samsung/go2_ws/src/go2_simulation/install/go2_jointcontroller/include/ddscxx/dds/topic/detail/BuiltinTopicKey.hpp
[84.087s] -- Installing: /home/samsung/go2_ws/src/go2_simulation/install/go2_jointcontroller/include/ddscxx/dds/topic/detail/find.hpp
[84.088s] -- Installing: /home/samsung/go2_ws/src/go2_simulation/install/go2_jointcontroller/include/ddscxx/dds/topic/detail/TFilterImpl.hpp
[84.088s] -- Installing: /home/samsung/go2_ws/src/go2_simulation/install/go2_jointcontroller/include/ddscxx/dds/topic/detail/ddstopic.hpp
[84.088s] -- Installing: /home/samsung/go2_ws/src/go2_simulation/install/go2_jointcontroller/include/ddscxx/dds/topic/detail/ContentFilteredTopic.hpp
[84.089s] -- Installing: /home/samsung/go2_ws/src/go2_simulation/install/go2_jointcontroller/include/ddscxx/dds/topic/detail/discovery.hpp
[84.089s] -- Installing: /home/samsung/go2_ws/src/go2_simulation/install/go2_jointcontroller/include/ddscxx/dds/topic/detail/TBuiltinTopicImpl.hpp
[84.089s] -- Installing: /home/samsung/go2_ws/src/go2_simulation/install/go2_jointcontroller/include/ddscxx/dds/topic/detail/TopicInstanceImpl.hpp
[84.090s] -- Installing: /home/samsung/go2_ws/src/go2_simulation/install/go2_jointcontroller/include/ddscxx/dds/topic/detail/TopicDescription.hpp
[84.090s] -- Installing: /home/samsung/go2_ws/src/go2_simulation/install/go2_jointcontroller/include/ddscxx/dds/topic/detail/BuiltinTopic.hpp
[84.090s] -- Installing: /home/samsung/go2_ws/src/go2_simulation/install/go2_jointcontroller/include/ddscxx/dds/topic/detail/TContentFilteredTopicImpl.hpp
[84.091s] -- Installing: /home/samsung/go2_ws/src/go2_simulation/install/go2_jointcontroller/include/ddscxx/dds/topic/detail/TBuiltinTopicKeyImpl.hpp
[84.091s] -- Installing: /home/samsung/go2_ws/src/go2_simulation/install/go2_jointcontroller/include/ddscxx/dds/topic/detail/AnyTopic.hpp
[84.091s] -- Installing: /home/samsung/go2_ws/src/go2_simulation/install/go2_jointcontroller/include/ddscxx/dds/topic/AnyTopicListener.hpp
[84.092s] -- Installing: /home/samsung/go2_ws/src/go2_simulation/install/go2_jointcontroller/include/ddscxx/dds/topic/MultiTopic.hpp
[84.092s] -- Installing: /home/samsung/go2_ws/src/go2_simulation/install/go2_jointcontroller/include/ddscxx/dds/topic/TBuiltinTopicKey.hpp
[84.092s] -- Installing: /home/samsung/go2_ws/src/go2_simulation/install/go2_jointcontroller/include/ddscxx/dds/topic/qos
[84.093s] -- Installing: /home/samsung/go2_ws/src/go2_simulation/install/go2_jointcontroller/include/ddscxx/dds/topic/qos/detail
[84.093s] -- Installing: /home/samsung/go2_ws/src/go2_simulation/install/go2_jointcontroller/include/ddscxx/dds/topic/qos/detail/TopicQos.hpp
[84.093s] -- Installing: /home/samsung/go2_ws/src/go2_simulation/install/go2_jointcontroller/include/ddscxx/dds/topic/qos/TopicQos.hpp
[84.093s] -- Installing: /home/samsung/go2_ws/src/go2_simulation/install/go2_jointcontroller/include/ddscxx/dds/topic/TMultiTopic.hpp
[84.094s] -- Installing: /home/samsung/go2_ws/src/go2_simulation/install/go2_jointcontroller/include/ddscxx/dds/topic/Filter.hpp
[84.094s] -- Installing: /home/samsung/go2_ws/src/go2_simulation/install/go2_jointcontroller/include/ddscxx/dds/topic/TopicInstance.hpp
[84.094s] -- Installing: /home/samsung/go2_ws/src/go2_simulation/install/go2_jointcontroller/include/ddscxx/dds/topic/Topic.hpp
[84.095s] -- Installing: /home/samsung/go2_ws/src/go2_simulation/install/go2_jointcontroller/include/ddscxx/dds/topic/TFilter.hpp
[84.095s] -- Installing: /home/samsung/go2_ws/src/go2_simulation/install/go2_jointcontroller/include/ddscxx/dds/topic/BuiltinTopicKey.hpp
[84.095s] -- Installing: /home/samsung/go2_ws/src/go2_simulation/install/go2_jointcontroller/include/ddscxx/dds/topic/find.hpp
[84.096s] -- Installing: /home/samsung/go2_ws/src/go2_simulation/install/go2_jointcontroller/include/ddscxx/dds/topic/TAnyTopic.hpp
[84.096s] -- Installing: /home/samsung/go2_ws/src/go2_simulation/install/go2_jointcontroller/include/ddscxx/dds/topic/TBuiltinTopic.hpp
[84.096s] -- Installing: /home/samsung/go2_ws/src/go2_simulation/install/go2_jointcontroller/include/ddscxx/dds/topic/ddstopic.hpp
[84.097s] -- Installing: /home/samsung/go2_ws/src/go2_simulation/install/go2_jointcontroller/include/ddscxx/dds/topic/ContentFilteredTopic.hpp
[84.097s] -- Installing: /home/samsung/go2_ws/src/go2_simulation/install/go2_jointcontroller/include/ddscxx/dds/topic/discovery.hpp
[84.097s] -- Installing: /home/samsung/go2_ws/src/go2_simulation/install/go2_jointcontroller/include/ddscxx/dds/topic/TopicTraits.hpp
[84.098s] -- Installing: /home/samsung/go2_ws/src/go2_simulation/install/go2_jointcontroller/include/ddscxx/dds/topic/TTopicDescription.hpp
[84.098s] -- Installing: /home/samsung/go2_ws/src/go2_simulation/install/go2_jointcontroller/include/ddscxx/dds/topic/TopicListener.hpp
[84.098s] -- Installing: /home/samsung/go2_ws/src/go2_simulation/install/go2_jointcontroller/include/ddscxx/dds/topic/TopicDescription.hpp
[84.099s] -- Installing: /home/samsung/go2_ws/src/go2_simulation/install/go2_jointcontroller/include/ddscxx/dds/topic/BuiltinTopic.hpp
[84.099s] -- Installing: /home/samsung/go2_ws/src/go2_simulation/install/go2_jointcontroller/include/ddscxx/dds/topic/TContentFilteredTopic.hpp
[84.100s] -- Installing: /home/samsung/go2_ws/src/go2_simulation/install/go2_jointcontroller/include/ddscxx/dds/topic/TTopic.hpp
[84.100s] -- Installing: /home/samsung/go2_ws/src/go2_simulation/install/go2_jointcontroller/include/ddscxx/dds/topic/AnyTopic.hpp
[84.100s] -- Installing: /home/samsung/go2_ws/src/go2_simulation/install/go2_jointcontroller/include/ddscxx/dds/LICENSE
[84.101s] -- Installing: /home/samsung/go2_ws/src/go2_simulation/install/go2_jointcontroller/include/ddscxx/dds/sub
[84.101s] -- Installing: /home/samsung/go2_ws/src/go2_simulation/install/go2_jointcontroller/include/ddscxx/dds/sub/detail
[84.101s] -- Installing: /home/samsung/go2_ws/src/go2_simulation/install/go2_jointcontroller/include/ddscxx/dds/sub/detail/TAnyDataReaderImpl.hpp
[84.102s] -- Installing: /home/samsung/go2_ws/src/go2_simulation/install/go2_jointcontroller/include/ddscxx/dds/sub/detail/TGenerationCountImpl.hpp
[84.102s] -- Installing: /home/samsung/go2_ws/src/go2_simulation/install/go2_jointcontroller/include/ddscxx/dds/sub/detail/TRankImpl.hpp
[84.102s] -- Installing: /home/samsung/go2_ws/src/go2_simulation/install/go2_jointcontroller/include/ddscxx/dds/sub/detail/SampleInfo.hpp
[84.103s] -- Installing: /home/samsung/go2_ws/src/go2_simulation/install/go2_jointcontroller/include/ddscxx/dds/sub/detail/Sample.hpp
[84.103s] -- Installing: /home/samsung/go2_ws/src/go2_simulation/install/go2_jointcontroller/include/ddscxx/dds/sub/detail/Rank.hpp
[84.103s] -- Installing: /home/samsung/go2_ws/src/go2_simulation/install/go2_jointcontroller/include/ddscxx/dds/sub/detail/TSubscriberImpl.hpp
[84.103s] -- Installing: /home/samsung/go2_ws/src/go2_simulation/install/go2_jointcontroller/include/ddscxx/dds/sub/detail/SampleRef.hpp
[84.103s] -- Installing: /home/samsung/go2_ws/src/go2_simulation/install/go2_jointcontroller/include/ddscxx/dds/sub/detail/Manipulators.hpp
[84.103s] -- Installing: /home/samsung/go2_ws/src/go2_simulation/install/go2_jointcontroller/include/ddscxx/dds/sub/detail/TSampleRefImpl.hpp
[84.104s] -- Installing: /home/samsung/go2_ws/src/go2_simulation/install/go2_jointcontroller/include/ddscxx/dds/sub/detail/TCoherentAccessImpl.hpp
[84.104s] -- Installing: /home/samsung/go2_ws/src/go2_simulation/install/go2_jointcontroller/include/ddscxx/dds/sub/detail/CoherentAccess.hpp
[84.105s] -- Installing: /home/samsung/go2_ws/src/go2_simulation/install/go2_jointcontroller/include/ddscxx/dds/sub/detail/AnyDataReader.hpp
[84.105s] -- Installing: /home/samsung/go2_ws/src/go2_simulation/install/go2_jointcontroller/include/ddscxx/dds/sub/detail/Subscriber.hpp
[84.105s] -- Installing: /home/samsung/go2_ws/src/go2_simulation/install/go2_jointcontroller/include/ddscxx/dds/sub/detail/SharedSamples.hpp
[84.106s] -- Installing: /home/samsung/go2_ws/src/go2_simulation/install/go2_jointcontroller/include/ddscxx/dds/sub/detail/LoanedSamplesImpl.hpp
[84.106s] -- Installing: /home/samsung/go2_ws/src/go2_simulation/install/go2_jointcontroller/include/ddscxx/dds/sub/detail/GenerationCount.hpp
[84.106s] -- Installing: /home/samsung/go2_ws/src/go2_simulation/install/go2_jointcontroller/include/ddscxx/dds/sub/detail/Query.hpp
[84.107s] -- Installing: /home/samsung/go2_ws/src/go2_simulation/install/go2_jointcontroller/include/ddscxx/dds/sub/detail/find.hpp
[84.107s] -- Installing: /home/samsung/go2_ws/src/go2_simulation/install/go2_jointcontroller/include/ddscxx/dds/sub/detail/TSampleInfoImpl.hpp
[84.107s] -- Installing: /home/samsung/go2_ws/src/go2_simulation/install/go2_jointcontroller/include/ddscxx/dds/sub/detail/SamplesHolder.hpp
[84.107s] -- Installing: /home/samsung/go2_ws/src/go2_simulation/install/go2_jointcontroller/include/ddscxx/dds/sub/detail/discovery.hpp
[84.108s] -- Installing: /home/samsung/go2_ws/src/go2_simulation/install/go2_jointcontroller/include/ddscxx/dds/sub/detail/TSampleImpl.hpp
[84.108s] -- Installing: /home/samsung/go2_ws/src/go2_simulation/install/go2_jointcontroller/include/ddscxx/dds/sub/detail/ddssub.hpp
[84.108s] -- Installing: /home/samsung/go2_ws/src/go2_simulation/install/go2_jointcontroller/include/ddscxx/dds/sub/detail/TDataReaderImpl.hpp
[84.109s] -- Installing: /home/samsung/go2_ws/src/go2_simulation/install/go2_jointcontroller/include/ddscxx/dds/sub/detail/DataReader.hpp
[84.109s] -- Installing: /home/samsung/go2_ws/src/go2_simulation/install/go2_jointcontroller/include/ddscxx/dds/sub/detail/SharedSamplesImpl.hpp
[84.109s] -- Installing: /home/samsung/go2_ws/src/go2_simulation/install/go2_jointcontroller/include/ddscxx/dds/sub/detail/TQueryImpl.hpp
[84.110s] -- Installing: /home/samsung/go2_ws/src/go2_simulation/install/go2_jointcontroller/include/ddscxx/dds/sub/detail/LoanedSamples.hpp
[84.110s] -- Installing: /home/samsung/go2_ws/src/go2_simulation/install/go2_jointcontroller/include/ddscxx/dds/sub/AnyDataReaderListener.hpp
[84.110s] -- Installing: /home/samsung/go2_ws/src/go2_simulation/install/go2_jointcontroller/include/ddscxx/dds/sub/SampleInfo.hpp
[84.110s] -- Installing: /home/samsung/go2_ws/src/go2_simulation/install/go2_jointcontroller/include/ddscxx/dds/sub/qos
[84.110s] -- Installing: /home/samsung/go2_ws/src/go2_simulation/install/go2_jointcontroller/include/ddscxx/dds/sub/qos/detail
[84.111s] -- Installing: /home/samsung/go2_ws/src/go2_simulation/install/go2_jointcontroller/include/ddscxx/dds/sub/qos/detail/DataReaderQos.hpp
[84.111s] -- Installing: /home/samsung/go2_ws/src/go2_simulation/install/go2_jointcontroller/include/ddscxx/dds/sub/qos/detail/SubscriberQos.hpp
[84.111s] -- Installing: /home/samsung/go2_ws/src/go2_simulation/install/go2_jointcontroller/include/ddscxx/dds/sub/qos/DataReaderQos.hpp
[84.111s] -- Installing: /home/samsung/go2_ws/src/go2_simulation/install/go2_jointcontroller/include/ddscxx/dds/sub/qos/SubscriberQos.hpp
[84.111s] -- Installing: /home/samsung/go2_ws/src/go2_simulation/install/go2_jointcontroller/include/ddscxx/dds/sub/Sample.hpp
[84.111s] -- Installing: /home/samsung/go2_ws/src/go2_simulation/install/go2_jointcontroller/include/ddscxx/dds/sub/TSubscriber.hpp
[84.112s] -- Installing: /home/samsung/go2_ws/src/go2_simulation/install/go2_jointcontroller/include/ddscxx/dds/sub/TDataReader.hpp
[84.112s] -- Installing: /home/samsung/go2_ws/src/go2_simulation/install/go2_jointcontroller/include/ddscxx/dds/sub/Rank.hpp
[84.112s] -- Installing: /home/samsung/go2_ws/src/go2_simulation/install/go2_jointcontroller/include/ddscxx/dds/sub/TQuery.hpp
[84.112s] -- Installing: /home/samsung/go2_ws/src/go2_simulation/install/go2_jointcontroller/include/ddscxx/dds/sub/SampleRef.hpp
[84.113s] -- Installing: /home/samsung/go2_ws/src/go2_simulation/install/go2_jointcontroller/include/ddscxx/dds/sub/TSample.hpp
[84.113s] -- Installing: /home/samsung/go2_ws/src/go2_simulation/install/go2_jointcontroller/include/ddscxx/dds/sub/SubscriberListener.hpp
[84.113s] -- Installing: /home/samsung/go2_ws/src/go2_simulation/install/go2_jointcontroller/include/ddscxx/dds/sub/cond
[84.114s] -- Installing: /home/samsung/go2_ws/src/go2_simulation/install/go2_jointcontroller/include/ddscxx/dds/sub/cond/detail
[84.114s] -- Installing: /home/samsung/go2_ws/src/go2_simulation/install/go2_jointcontroller/include/ddscxx/dds/sub/cond/detail/TReadConditionImpl.hpp
[84.114s] -- Installing: /home/samsung/go2_ws/src/go2_simulation/install/go2_jointcontroller/include/ddscxx/dds/sub/cond/detail/ReadCondition.hpp
[84.114s] -- Installing: /home/samsung/go2_ws/src/go2_simulation/install/go2_jointcontroller/include/ddscxx/dds/sub/cond/detail/TQueryConditionImpl.hpp
[84.115s] -- Installing: /home/samsung/go2_ws/src/go2_simulation/install/go2_jointcontroller/include/ddscxx/dds/sub/cond/detail/QueryCondition.hpp
[84.115s] -- Installing: /home/samsung/go2_ws/src/go2_simulation/install/go2_jointcontroller/include/ddscxx/dds/sub/cond/TReadCondition.hpp
[84.115s] -- Installing: /home/samsung/go2_ws/src/go2_simulation/install/go2_jointcontroller/include/ddscxx/dds/sub/cond/ReadCondition.hpp
[84.116s] -- Installing: /home/samsung/go2_ws/src/go2_simulation/install/go2_jointcontroller/include/ddscxx/dds/sub/cond/QueryCondition.hpp
[84.116s] -- Installing: /home/samsung/go2_ws/src/go2_simulation/install/go2_jointcontroller/include/ddscxx/dds/sub/cond/TQueryCondition.hpp
[84.116s] -- Installing: /home/samsung/go2_ws/src/go2_simulation/install/go2_jointcontroller/include/ddscxx/dds/sub/CoherentAccess.hpp
[84.117s] -- Installing: /home/samsung/go2_ws/src/go2_simulation/install/go2_jointcontroller/include/ddscxx/dds/sub/AnyDataReader.hpp
[84.117s] -- Installing: /home/samsung/go2_ws/src/go2_simulation/install/go2_jointcontroller/include/ddscxx/dds/sub/Subscriber.hpp
[84.117s] -- Installing: /home/samsung/go2_ws/src/go2_simulation/install/go2_jointcontroller/include/ddscxx/dds/sub/SharedSamples.hpp
[84.117s] -- Installing: /home/samsung/go2_ws/src/go2_simulation/install/go2_jointcontroller/include/ddscxx/dds/sub/TGenerationCount.hpp
[84.118s] -- Installing: /home/samsung/go2_ws/src/go2_simulation/install/go2_jointcontroller/include/ddscxx/dds/sub/TCoherentAccess.hpp
[84.118s] -- Installing: /home/samsung/go2_ws/src/go2_simulation/install/go2_jointcontroller/include/ddscxx/dds/sub/GenerationCount.hpp
[84.118s] -- Installing: /home/samsung/go2_ws/src/go2_simulation/install/go2_jointcontroller/include/ddscxx/dds/sub/Query.hpp
[84.119s] -- Installing: /home/samsung/go2_ws/src/go2_simulation/install/go2_jointcontroller/include/ddscxx/dds/sub/status
[84.119s] -- Installing: /home/samsung/go2_ws/src/go2_simulation/install/go2_jointcontroller/include/ddscxx/dds/sub/status/detail
[84.119s] -- Installing: /home/samsung/go2_ws/src/go2_simulation/install/go2_jointcontroller/include/ddscxx/dds/sub/status/detail/DataStateImpl.hpp
[84.119s] -- Installing: /home/samsung/go2_ws/src/go2_simulation/install/go2_jointcontroller/include/ddscxx/dds/sub/status/DataState.hpp
[84.119s] -- Installing: /home/samsung/go2_ws/src/go2_simulation/install/go2_jointcontroller/include/ddscxx/dds/sub/find.hpp
[84.120s] -- Installing: /home/samsung/go2_ws/src/go2_simulation/install/go2_jointcontroller/include/ddscxx/dds/sub/DataReaderListener.hpp
[84.120s] -- Installing: /home/samsung/go2_ws/src/go2_simulation/install/go2_jointcontroller/include/ddscxx/dds/sub/TAnyDataReader.hpp
[84.120s] -- Installing: /home/samsung/go2_ws/src/go2_simulation/install/go2_jointcontroller/include/ddscxx/dds/sub/TSampleInfo.hpp
[84.120s] -- Installing: /home/samsung/go2_ws/src/go2_simulation/install/go2_jointcontroller/include/ddscxx/dds/sub/discovery.hpp
[84.120s] -- Installing: /home/samsung/go2_ws/src/go2_simulation/install/go2_jointcontroller/include/ddscxx/dds/sub/ddssub.hpp
[84.121s] -- Installing: /home/samsung/go2_ws/src/go2_simulation/install/go2_jointcontroller/include/ddscxx/dds/sub/DataReader.hpp
[84.121s] -- Installing: /home/samsung/go2_ws/src/go2_simulation/install/go2_jointcontroller/include/ddscxx/dds/sub/TSampleRef.hpp
[84.121s] -- Installing: /home/samsung/go2_ws/src/go2_simulation/install/go2_jointcontroller/include/ddscxx/dds/sub/LoanedSamples.hpp
[84.121s] -- Installing: /home/samsung/go2_ws/src/go2_simulation/install/go2_jointcontroller/include/ddscxx/dds/sub/TRank.hpp
[84.121s] -- Installing: /home/samsung/go2_ws/src/go2_simulation/install/go2_jointcontroller/include/ddscxx/dds/features.hpp
[84.122s] -- Installing: /home/samsung/go2_ws/src/go2_simulation/install/go2_jointcontroller/include/ddscxx/dds/core
[84.122s] -- Installing: /home/samsung/go2_ws/src/go2_simulation/install/go2_jointcontroller/include/ddscxx/dds/core/detail
[84.122s] -- Installing: /home/samsung/go2_ws/src/go2_simulation/install/go2_jointcontroller/include/ddscxx/dds/core/detail/QosProvider.hpp
[84.122s] -- Installing: /home/samsung/go2_ws/src/go2_simulation/install/go2_jointcontroller/include/ddscxx/dds/core/detail/inttypes.hpp
[84.122s] -- Installing: /home/samsung/go2_ws/src/go2_simulation/install/go2_jointcontroller/include/ddscxx/dds/core/detail/macros.hpp
[84.123s] -- Installing: /home/samsung/go2_ws/src/go2_simulation/install/go2_jointcontroller/include/ddscxx/dds/core/detail/ddscore.hpp
[84.123s] -- Installing: /home/samsung/go2_ws/src/go2_simulation/install/go2_jointcontroller/include/ddscxx/dds/core/detail/TEntityImpl.hpp
[84.123s] -- Installing: /home/samsung/go2_ws/src/go2_simulation/install/go2_jointcontroller/include/ddscxx/dds/core/detail/ref_traits.hpp
[84.123s] -- Installing: /home/samsung/go2_ws/src/go2_simulation/install/go2_jointcontroller/include/ddscxx/dds/core/detail/WeakReferenceImpl.hpp
[84.124s] -- Installing: /home/samsung/go2_ws/src/go2_simulation/install/go2_jointcontroller/include/ddscxx/dds/core/detail/Entity.hpp
[84.124s] -- Installing: /home/samsung/go2_ws/src/go2_simulation/install/go2_jointcontroller/include/ddscxx/dds/core/detail/ReferenceImpl.hpp
[84.124s] -- Installing: /home/samsung/go2_ws/src/go2_simulation/install/go2_jointcontroller/include/ddscxx/dds/core/detail/TQosProviderImpl.hpp
[84.124s] -- Installing: /home/samsung/go2_ws/src/go2_simulation/install/go2_jointcontroller/include/ddscxx/dds/core/detail/array.hpp
[84.124s] -- Installing: /home/samsung/go2_ws/src/go2_simulation/install/go2_jointcontroller/include/ddscxx/dds/core/detail/old_win_stdint.h
[84.125s] -- Installing: /home/samsung/go2_ws/src/go2_simulation/install/go2_jointcontroller/include/ddscxx/dds/core/detail/export.hpp
[84.125s] -- Installing: /home/samsung/go2_ws/src/go2_simulation/install/go2_jointcontroller/include/ddscxx/dds/core/detail/conformance.hpp
[84.125s] -- Installing: /home/samsung/go2_ws/src/go2_simulation/install/go2_jointcontroller/include/ddscxx/dds/core/detail/InstanceHandle.hpp
[84.126s] -- Installing: /home/samsung/go2_ws/src/go2_simulation/install/go2_jointcontroller/include/ddscxx/dds/core/detail/TInstanceHandleImpl.hpp
[84.126s] -- Installing: /home/samsung/go2_ws/src/go2_simulation/install/go2_jointcontroller/include/ddscxx/dds/core/detail/TEntityQosImpl.hpp
[84.126s] -- Installing: /home/samsung/go2_ws/src/go2_simulation/install/go2_jointcontroller/include/ddscxx/dds/core/detail/BuiltinTopicTypes.hpp
[84.126s] -- Installing: /home/samsung/go2_ws/src/go2_simulation/install/go2_jointcontroller/include/ddscxx/dds/core/detail/module_docs.hpp
[84.127s] -- Installing: /home/samsung/go2_ws/src/go2_simulation/install/go2_jointcontroller/include/ddscxx/dds/core/detail/Value.hpp
[84.127s] -- Installing: /home/samsung/go2_ws/src/go2_simulation/install/go2_jointcontroller/include/ddscxx/dds/core/QosProvider.hpp
[84.127s] -- Installing: /home/samsung/go2_ws/src/go2_simulation/install/go2_jointcontroller/include/ddscxx/dds/core/External.hpp
[84.127s] -- Installing: /home/samsung/go2_ws/src/go2_simulation/install/go2_jointcontroller/include/ddscxx/dds/core/TInstanceHandle.hpp
[84.127s] -- Installing: /home/samsung/go2_ws/src/go2_simulation/install/go2_jointcontroller/include/ddscxx/dds/core/macros.hpp
[84.128s] -- Installing: /home/samsung/go2_ws/src/go2_simulation/install/go2_jointcontroller/include/ddscxx/dds/core/ddscore.hpp
[84.128s] -- Installing: /home/samsung/go2_ws/src/go2_simulation/install/go2_jointcontroller/include/ddscxx/dds/core/types.hpp
[84.128s] -- Installing: /home/samsung/go2_ws/src/go2_simulation/install/go2_jointcontroller/include/ddscxx/dds/core/SafeEnumeration.hpp
[84.128s] -- Installing: /home/samsung/go2_ws/src/go2_simulation/install/go2_jointcontroller/include/ddscxx/dds/core/Time.hpp
[84.128s] -- Installing: /home/samsung/go2_ws/src/go2_simulation/install/go2_jointcontroller/include/ddscxx/dds/core/ref_traits.hpp
[84.129s] -- Installing: /home/samsung/go2_ws/src/go2_simulation/install/go2_jointcontroller/include/ddscxx/dds/core/refmacros.hpp
[84.129s] -- Installing: /home/samsung/go2_ws/src/go2_simulation/install/go2_jointcontroller/include/ddscxx/dds/core/Duration.hpp
[84.129s] -- Installing: /home/samsung/go2_ws/src/go2_simulation/install/go2_jointcontroller/include/ddscxx/dds/core/TBuiltinTopicTypes.hpp
[84.129s] -- Installing: /home/samsung/go2_ws/src/go2_simulation/install/go2_jointcontroller/include/ddscxx/dds/core/cond
[84.129s] -- Installing: /home/samsung/go2_ws/src/go2_simulation/install/go2_jointcontroller/include/ddscxx/dds/core/cond/detail
[84.130s] -- Installing: /home/samsung/go2_ws/src/go2_simulation/install/go2_jointcontroller/include/ddscxx/dds/core/cond/detail/TWaitSetImpl.hpp
[84.130s] -- Installing: /home/samsung/go2_ws/src/go2_simulation/install/go2_jointcontroller/include/ddscxx/dds/core/cond/detail/TStatusConditionImpl.hpp
[84.130s] -- Installing: /home/samsung/go2_ws/src/go2_simulation/install/go2_jointcontroller/include/ddscxx/dds/core/cond/detail/StatusCondition.hpp
[84.130s] -- Installing: /home/samsung/go2_ws/src/go2_simulation/install/go2_jointcontroller/include/ddscxx/dds/core/cond/detail/WaitSet.hpp
[84.131s] -- Installing: /home/samsung/go2_ws/src/go2_simulation/install/go2_jointcontroller/include/ddscxx/dds/core/cond/detail/Condition.hpp
[84.131s] -- Installing: /home/samsung/go2_ws/src/go2_simulation/install/go2_jointcontroller/include/ddscxx/dds/core/cond/detail/TConditionImpl.hpp
[84.131s] -- Installing: /home/samsung/go2_ws/src/go2_simulation/install/go2_jointcontroller/include/ddscxx/dds/core/cond/detail/TGuardConditionImpl.hpp
[84.131s] -- Installing: /home/samsung/go2_ws/src/go2_simulation/install/go2_jointcontroller/include/ddscxx/dds/core/cond/detail/GuardCondition.hpp
[84.131s] -- Installing: /home/samsung/go2_ws/src/go2_simulation/install/go2_jointcontroller/include/ddscxx/dds/core/cond/TWaitSet.hpp
[84.132s] -- Installing: /home/samsung/go2_ws/src/go2_simulation/install/go2_jointcontroller/include/ddscxx/dds/core/cond/TGuardCondition.hpp
[84.132s] -- Installing: /home/samsung/go2_ws/src/go2_simulation/install/go2_jointcontroller/include/ddscxx/dds/core/cond/StatusCondition.hpp
[84.133s] -- Installing: /home/samsung/go2_ws/src/go2_simulation/install/go2_jointcontroller/include/ddscxx/dds/core/cond/WaitSet.hpp
[84.133s] -- Installing: /home/samsung/go2_ws/src/go2_simulation/install/go2_jointcontroller/include/ddscxx/dds/core/cond/Condition.hpp
[84.133s] -- Installing: /home/samsung/go2_ws/src/go2_simulation/install/go2_jointcontroller/include/ddscxx/dds/core/cond/TCondition.hpp
[84.133s] -- Installing: /home/samsung/go2_ws/src/go2_simulation/install/go2_jointcontroller/include/ddscxx/dds/core/cond/GuardCondition.hpp
[84.134s] -- Installing: /home/samsung/go2_ws/src/go2_simulation/install/go2_jointcontroller/include/ddscxx/dds/core/cond/TStatusCondition.hpp
[84.134s] -- Installing: /home/samsung/go2_ws/src/go2_simulation/install/go2_jointcontroller/include/ddscxx/dds/core/Exception.hpp
[84.135s] -- Installing: /home/samsung/go2_ws/src/go2_simulation/install/go2_jointcontroller/include/ddscxx/dds/core/Entity.hpp
[84.136s] -- Installing: /home/samsung/go2_ws/src/go2_simulation/install/go2_jointcontroller/include/ddscxx/dds/core/array.hpp
[84.136s] -- Installing: /home/samsung/go2_ws/src/go2_simulation/install/go2_jointcontroller/include/ddscxx/dds/core/status
[84.136s] -- Installing: /home/samsung/go2_ws/src/go2_simulation/install/go2_jointcontroller/include/ddscxx/dds/core/status/detail
[84.137s] -- Installing: /home/samsung/go2_ws/src/go2_simulation/install/go2_jointcontroller/include/ddscxx/dds/core/status/detail/TStatusImpl.hpp
[84.137s] -- Installing: /home/samsung/go2_ws/src/go2_simulation/install/go2_jointcontroller/include/ddscxx/dds/core/status/detail/Status.hpp
[84.137s] -- Installing: /home/samsung/go2_ws/src/go2_simulation/install/go2_jointcontroller/include/ddscxx/dds/core/status/TStatus.hpp
[84.137s] -- Installing: /home/samsung/go2_ws/src/go2_simulation/install/go2_jointcontroller/include/ddscxx/dds/core/status/State.hpp
[84.138s] -- Installing: /home/samsung/go2_ws/src/go2_simulation/install/go2_jointcontroller/include/ddscxx/dds/core/status/Status.hpp
[84.138s] -- Installing: /home/samsung/go2_ws/src/go2_simulation/install/go2_jointcontroller/include/ddscxx/dds/core/Reference.hpp
[84.138s] -- Installing: /home/samsung/go2_ws/src/go2_simulation/install/go2_jointcontroller/include/ddscxx/dds/core/xtypes
[84.138s] -- Installing: /home/samsung/go2_ws/src/go2_simulation/install/go2_jointcontroller/include/ddscxx/dds/core/xtypes/detail
[84.139s] -- Installing: /home/samsung/go2_ws/src/go2_simulation/install/go2_jointcontroller/include/ddscxx/dds/core/xtypes/detail/DynamicData.hpp
[84.139s] -- Installing: /home/samsung/go2_ws/src/go2_simulation/install/go2_jointcontroller/include/ddscxx/dds/core/xtypes/detail/StructType.hpp
[84.139s] -- Installing: /home/samsung/go2_ws/src/go2_simulation/install/go2_jointcontroller/include/ddscxx/dds/core/xtypes/detail/UnionType.hpp
[84.139s] -- Installing: /home/samsung/go2_ws/src/go2_simulation/install/go2_jointcontroller/include/ddscxx/dds/core/xtypes/detail/DynamicType.hpp
[84.139s] -- Installing: /home/samsung/go2_ws/src/go2_simulation/install/go2_jointcontroller/include/ddscxx/dds/core/xtypes/detail/UnionCase.hpp
[84.140s] -- Installing: /home/samsung/go2_ws/src/go2_simulation/install/go2_jointcontroller/include/ddscxx/dds/core/xtypes/detail/Annotation.hpp
[84.140s] -- Installing: /home/samsung/go2_ws/src/go2_simulation/install/go2_jointcontroller/include/ddscxx/dds/core/xtypes/detail/MemberType.hpp
[84.140s] -- Installing: /home/samsung/go2_ws/src/go2_simulation/install/go2_jointcontroller/include/ddscxx/dds/core/xtypes/detail/TypeProvider.hpp
[84.140s] -- Installing: /home/samsung/go2_ws/src/go2_simulation/install/go2_jointcontroller/include/ddscxx/dds/core/xtypes/detail/PrimitiveTypes.hpp
[84.141s] -- Installing: /home/samsung/go2_ws/src/go2_simulation/install/go2_jointcontroller/include/ddscxx/dds/core/xtypes/detail/CollectionTypes.hpp
[84.141s] -- Installing: /home/samsung/go2_ws/src/go2_simulation/install/go2_jointcontroller/include/ddscxx/dds/core/xtypes/TDynamicData.hpp
[84.141s] -- Installing: /home/samsung/go2_ws/src/go2_simulation/install/go2_jointcontroller/include/ddscxx/dds/core/xtypes/DynamicData.hpp
[84.142s] -- Installing: /home/samsung/go2_ws/src/go2_simulation/install/go2_jointcontroller/include/ddscxx/dds/core/xtypes/StructType.hpp
[84.142s] -- Installing: /home/samsung/go2_ws/src/go2_simulation/install/go2_jointcontroller/include/ddscxx/dds/core/xtypes/TDynamicType.hpp
[84.142s] -- Installing: /home/samsung/go2_ws/src/go2_simulation/install/go2_jointcontroller/include/ddscxx/dds/core/xtypes/TAnnotation.hpp
[84.143s] -- Installing: /home/samsung/go2_ws/src/go2_simulation/install/go2_jointcontroller/include/ddscxx/dds/core/xtypes/TTypeProvider.hpp
[84.143s] -- Installing: /home/samsung/go2_ws/src/go2_simulation/install/go2_jointcontroller/include/ddscxx/dds/core/xtypes/UnionType.hpp
[84.143s] -- Installing: /home/samsung/go2_ws/src/go2_simulation/install/go2_jointcontroller/include/ddscxx/dds/core/xtypes/DynamicType.hpp
[84.144s] -- Installing: /home/samsung/go2_ws/src/go2_simulation/install/go2_jointcontroller/include/ddscxx/dds/core/xtypes/UnionCase.hpp
[84.144s] -- Installing: /home/samsung/go2_ws/src/go2_simulation/install/go2_jointcontroller/include/ddscxx/dds/core/xtypes/TypeKind.hpp
[84.144s] -- Installing: /home/samsung/go2_ws/src/go2_simulation/install/go2_jointcontroller/include/ddscxx/dds/core/xtypes/TCollectionTypes.hpp
[84.145s] -- Installing: /home/samsung/go2_ws/src/go2_simulation/install/go2_jointcontroller/include/ddscxx/dds/core/xtypes/TStructType.hpp
[84.146s] -- Installing: /home/samsung/go2_ws/src/go2_simulation/install/go2_jointcontroller/include/ddscxx/dds/core/xtypes/MemberType.hpp
[84.146s] -- Installing: /home/samsung/go2_ws/src/go2_simulation/install/go2_jointcontroller/include/ddscxx/dds/core/xtypes/Annotations.hpp
[84.146s] -- Installing: /home/samsung/go2_ws/src/go2_simulation/install/go2_jointcontroller/include/ddscxx/dds/core/xtypes/TypeProvider.hpp
[84.146s] -- Installing: /home/samsung/go2_ws/src/go2_simulation/install/go2_jointcontroller/include/ddscxx/dds/core/xtypes/TMemberType.hpp
[84.147s] -- Installing: /home/samsung/go2_ws/src/go2_simulation/install/go2_jointcontroller/include/ddscxx/dds/core/xtypes/PrimitiveTypes.hpp
[84.147s] -- Installing: /home/samsung/go2_ws/src/go2_simulation/install/go2_jointcontroller/include/ddscxx/dds/core/xtypes/CollectionTypes.hpp
[84.147s] -- Installing: /home/samsung/go2_ws/src/go2_simulation/install/go2_jointcontroller/include/ddscxx/dds/core/TQosProvider.hpp
[84.148s] -- Installing: /home/samsung/go2_ws/src/go2_simulation/install/go2_jointcontroller/include/ddscxx/dds/core/TEntity.hpp
[84.148s] -- Installing: /home/samsung/go2_ws/src/go2_simulation/install/go2_jointcontroller/include/ddscxx/dds/core/conformance.hpp
[84.148s] -- Installing: /home/samsung/go2_ws/src/go2_simulation/install/go2_jointcontroller/include/ddscxx/dds/core/LengthUnlimited.hpp
[84.148s] -- Installing: /home/samsung/go2_ws/src/go2_simulation/install/go2_jointcontroller/include/ddscxx/dds/core/Optional.hpp
[84.149s] -- Installing: /home/samsung/go2_ws/src/go2_simulation/install/go2_jointcontroller/include/ddscxx/dds/core/InstanceHandle.hpp
[84.149s] -- Installing: /home/samsung/go2_ws/src/go2_simulation/install/go2_jointcontroller/include/ddscxx/dds/core/policy
[84.149s] -- Installing: /home/samsung/go2_ws/src/go2_simulation/install/go2_jointcontroller/include/ddscxx/dds/core/policy/detail
[84.149s] -- Installing: /home/samsung/go2_ws/src/go2_simulation/install/go2_jointcontroller/include/ddscxx/dds/core/policy/detail/QosPolicyCount.hpp
[84.149s] -- Installing: /home/samsung/go2_ws/src/go2_simulation/install/go2_jointcontroller/include/ddscxx/dds/core/policy/detail/CorePolicy.hpp
[84.150s] -- Installing: /home/samsung/go2_ws/src/go2_simulation/install/go2_jointcontroller/include/ddscxx/dds/core/policy/detail/TQosPolicyCountImpl.hpp
[84.150s] -- Installing: /home/samsung/go2_ws/src/go2_simulation/install/go2_jointcontroller/include/ddscxx/dds/core/policy/detail/TCorePolicyImpl.hpp
[84.150s] -- Installing: /home/samsung/go2_ws/src/go2_simulation/install/go2_jointcontroller/include/ddscxx/dds/core/policy/PolicyKind.hpp
[84.150s] -- Installing: /home/samsung/go2_ws/src/go2_simulation/install/go2_jointcontroller/include/ddscxx/dds/core/policy/TCorePolicy.hpp
[84.150s] -- Installing: /home/samsung/go2_ws/src/go2_simulation/install/go2_jointcontroller/include/ddscxx/dds/core/policy/QosPolicyCount.hpp
[84.151s] -- Installing: /home/samsung/go2_ws/src/go2_simulation/install/go2_jointcontroller/include/ddscxx/dds/core/policy/CorePolicy.hpp
[84.151s] -- Installing: /home/samsung/go2_ws/src/go2_simulation/install/go2_jointcontroller/include/ddscxx/dds/core/policy/TQosPolicyCount.hpp
[84.151s] -- Installing: /home/samsung/go2_ws/src/go2_simulation/install/go2_jointcontroller/include/ddscxx/dds/core/WeakReference.hpp
[84.151s] -- Installing: /home/samsung/go2_ws/src/go2_simulation/install/go2_jointcontroller/include/ddscxx/dds/core/BuiltinTopicTypes.hpp
[84.151s] -- Installing: /home/samsung/go2_ws/src/go2_simulation/install/go2_jointcontroller/include/ddscxx/dds/core/TEntityQos.hpp
[84.152s] -- Installing: /home/samsung/go2_ws/src/go2_simulation/install/go2_jointcontroller/include/ddscxx/dds/core/Value.hpp
[84.152s] -- Installing: /home/samsung/go2_ws/src/go2_simulation/install/go2_jointcontroller/include/ddscxx/dds/pub
[84.152s] -- Installing: /home/samsung/go2_ws/src/go2_simulation/install/go2_jointcontroller/include/ddscxx/dds/pub/detail
[84.152s] -- Installing: /home/samsung/go2_ws/src/go2_simulation/install/go2_jointcontroller/include/ddscxx/dds/pub/detail/ddspub.hpp
[84.153s] -- Installing: /home/samsung/go2_ws/src/go2_simulation/install/go2_jointcontroller/include/ddscxx/dds/pub/detail/TPublisherImpl.hpp
[84.153s] -- Installing: /home/samsung/go2_ws/src/go2_simulation/install/go2_jointcontroller/include/ddscxx/dds/pub/detail/TCoherentSetImpl.hpp
[84.153s] -- Installing: /home/samsung/go2_ws/src/go2_simulation/install/go2_jointcontroller/include/ddscxx/dds/pub/detail/Publisher.hpp
[84.154s] -- Installing: /home/samsung/go2_ws/src/go2_simulation/install/go2_jointcontroller/include/ddscxx/dds/pub/detail/DataWriter.hpp
[84.154s] -- Installing: /home/samsung/go2_ws/src/go2_simulation/install/go2_jointcontroller/include/ddscxx/dds/pub/detail/DataWriterImpl.hpp
[84.154s] -- Installing: /home/samsung/go2_ws/src/go2_simulation/install/go2_jointcontroller/include/ddscxx/dds/pub/detail/SuspendedPublication.hpp
[84.155s] -- Installing: /home/samsung/go2_ws/src/go2_simulation/install/go2_jointcontroller/include/ddscxx/dds/pub/detail/find.hpp
[84.155s] -- Installing: /home/samsung/go2_ws/src/go2_simulation/install/go2_jointcontroller/include/ddscxx/dds/pub/detail/CoherentSet.hpp
[84.155s] -- Installing: /home/samsung/go2_ws/src/go2_simulation/install/go2_jointcontroller/include/ddscxx/dds/pub/detail/TAnyDataWriterImpl.hpp
[84.156s] -- Installing: /home/samsung/go2_ws/src/go2_simulation/install/go2_jointcontroller/include/ddscxx/dds/pub/detail/discovery.hpp
[84.156s] -- Installing: /home/samsung/go2_ws/src/go2_simulation/install/go2_jointcontroller/include/ddscxx/dds/pub/detail/TSuspendedPublicationImpl.hpp
[84.156s] -- Installing: /home/samsung/go2_ws/src/go2_simulation/install/go2_jointcontroller/include/ddscxx/dds/pub/detail/AnyDataWriter.hpp
[84.157s] -- Installing: /home/samsung/go2_ws/src/go2_simulation/install/go2_jointcontroller/include/ddscxx/dds/pub/ddspub.hpp
[84.157s] -- Installing: /home/samsung/go2_ws/src/go2_simulation/install/go2_jointcontroller/include/ddscxx/dds/pub/qos
[84.157s] -- Installing: /home/samsung/go2_ws/src/go2_simulation/install/go2_jointcontroller/include/ddscxx/dds/pub/qos/detail
[84.157s] -- Installing: /home/samsung/go2_ws/src/go2_simulation/install/go2_jointcontroller/include/ddscxx/dds/pub/qos/detail/DataWriterQos.hpp
[84.158s] -- Installing: /home/samsung/go2_ws/src/go2_simulation/install/go2_jointcontroller/include/ddscxx/dds/pub/qos/detail/PublisherQos.hpp
[84.158s] -- Installing: /home/samsung/go2_ws/src/go2_simulation/install/go2_jointcontroller/include/ddscxx/dds/pub/qos/DataWriterQos.hpp
[84.159s] -- Installing: /home/samsung/go2_ws/src/go2_simulation/install/go2_jointcontroller/include/ddscxx/dds/pub/qos/PublisherQos.hpp
[84.159s] -- Installing: /home/samsung/go2_ws/src/go2_simulation/install/go2_jointcontroller/include/ddscxx/dds/pub/PublisherListener.hpp
[84.159s] -- Installing: /home/samsung/go2_ws/src/go2_simulation/install/go2_jointcontroller/include/ddscxx/dds/pub/Publisher.hpp
[84.160s] -- Installing: /home/samsung/go2_ws/src/go2_simulation/install/go2_jointcontroller/include/ddscxx/dds/pub/TPublisher.hpp
[84.160s] -- Installing: /home/samsung/go2_ws/src/go2_simulation/install/go2_jointcontroller/include/ddscxx/dds/pub/DataWriter.hpp
[84.161s] -- Installing: /home/samsung/go2_ws/src/go2_simulation/install/go2_jointcontroller/include/ddscxx/dds/pub/TCoherentSet.hpp
[84.161s] -- Installing: /home/samsung/go2_ws/src/go2_simulation/install/go2_jointcontroller/include/ddscxx/dds/pub/SuspendedPublication.hpp
[84.161s] -- Installing: /home/samsung/go2_ws/src/go2_simulation/install/go2_jointcontroller/include/ddscxx/dds/pub/find.hpp
[84.161s] -- Installing: /home/samsung/go2_ws/src/go2_simulation/install/go2_jointcontroller/include/ddscxx/dds/pub/CoherentSet.hpp
[84.162s] -- Installing: /home/samsung/go2_ws/src/go2_simulation/install/go2_jointcontroller/include/ddscxx/dds/pub/discovery.hpp
[84.162s] -- Installing: /home/samsung/go2_ws/src/go2_simulation/install/go2_jointcontroller/include/ddscxx/dds/pub/DataWriterListener.hpp
[84.162s] -- Installing: /home/samsung/go2_ws/src/go2_simulation/install/go2_jointcontroller/include/ddscxx/dds/pub/TAnyDataWriter.hpp
[84.163s] -- Installing: /home/samsung/go2_ws/src/go2_simulation/install/go2_jointcontroller/include/ddscxx/dds/pub/AnyDataWriterListener.hpp
[84.163s] -- Installing: /home/samsung/go2_ws/src/go2_simulation/install/go2_jointcontroller/include/ddscxx/dds/pub/TSuspendedPublication.hpp
[84.163s] -- Installing: /home/samsung/go2_ws/src/go2_simulation/install/go2_jointcontroller/include/ddscxx/dds/pub/AnyDataWriter.hpp
[84.163s] -- Installing: /home/samsung/go2_ws/src/go2_simulation/install/go2_jointcontroller/include/ddscxx/dds/domain
[84.164s] -- Installing: /home/samsung/go2_ws/src/go2_simulation/install/go2_jointcontroller/include/ddscxx/dds/domain/detail
[84.164s] -- Installing: /home/samsung/go2_ws/src/go2_simulation/install/go2_jointcontroller/include/ddscxx/dds/domain/detail/ddsdomain.hpp
[84.164s] -- Installing: /home/samsung/go2_ws/src/go2_simulation/install/go2_jointcontroller/include/ddscxx/dds/domain/detail/TDomainParticipantImpl.hpp
[84.164s] -- Installing: /home/samsung/go2_ws/src/go2_simulation/install/go2_jointcontroller/include/ddscxx/dds/domain/detail/DomainParticipant.hpp
[84.164s] -- Installing: /home/samsung/go2_ws/src/go2_simulation/install/go2_jointcontroller/include/ddscxx/dds/domain/qos
[84.165s] -- Installing: /home/samsung/go2_ws/src/go2_simulation/install/go2_jointcontroller/include/ddscxx/dds/domain/qos/detail
[84.165s] -- Installing: /home/samsung/go2_ws/src/go2_simulation/install/go2_jointcontroller/include/ddscxx/dds/domain/qos/detail/DomainParticipantQos.hpp
[84.165s] -- Installing: /home/samsung/go2_ws/src/go2_simulation/install/go2_jointcontroller/include/ddscxx/dds/domain/qos/DomainParticipantQos.hpp
[84.165s] -- Installing: /home/samsung/go2_ws/src/go2_simulation/install/go2_jointcontroller/include/ddscxx/dds/domain/DomainParticipantListener.hpp
[84.165s] -- Installing: /home/samsung/go2_ws/src/go2_simulation/install/go2_jointcontroller/include/ddscxx/dds/domain/ddsdomain.hpp
[84.166s] -- Installing: /home/samsung/go2_ws/src/go2_simulation/install/go2_jointcontroller/include/ddscxx/dds/domain/find.hpp
[84.166s] -- Installing: /home/samsung/go2_ws/src/go2_simulation/install/go2_jointcontroller/include/ddscxx/dds/domain/DomainParticipant.hpp
[84.166s] -- Installing: /home/samsung/go2_ws/src/go2_simulation/install/go2_jointcontroller/include/ddscxx/dds/domain/discovery.hpp
[84.166s] -- Installing: /home/samsung/go2_ws/src/go2_simulation/install/go2_jointcontroller/include/ddscxx/dds/domain/TDomainParticipant.hpp
[84.171s] Invoked command in '/home/samsung/go2_ws/src/go2_simulation/build/go2_jointcontroller' returned '0': AMENT_PREFIX_PATH=/home/samsung/go2_ws/src/go2_simulation/install/unitree_go:/home/samsung/go2_ws/src/go2_simulation/install/go2_interfaces:${AMENT_PREFIX_PATH} CMAKE_PREFIX_PATH=/home/samsung/go2_ws/src/go2_simulation/install/unitree_go:/home/samsung/go2_ws/src/go2_simulation/install/go2_interfaces:/home/samsung/go2_ws/install/imu_to_odom:/home/samsung/go2_ws/install/go2_real:/home/samsung/go2_ws/install/go2_gzsim:/home/samsung/go2_ws/install/go2_remap:/home/samsung/go2_ws/install/go2_refs:/home/samsung/go2_ws/install/go2_lowstates:/home/samsung/go2_ws/install/go2_jointcontroller:/home/samsung/go2_ws/install/go2_ekf:/home/samsung/go2_ws/install/go2_actuator:/home/samsung/go2_ws/install/unitree_go:/home/samsung/go2_ws/install/go2_rgc:/home/samsung/go2_ws/install/go2_interfaces:/home/samsung/go2_ws/install/go2_description:/opt/ros/jazzy/opt/gz_sim_vendor:/opt/ros/jazzy/opt/gz_sensors_vendor:/opt/ros/jazzy/opt/gz_physics_vendor:/opt/ros/jazzy/opt/sdformat_vendor:/opt/ros/jazzy/opt/gz_gui_vendor:/opt/ros/jazzy/opt/gz_transport_vendor:/opt/ros/jazzy/opt/gz_rendering_vendor:/opt/ros/jazzy/opt/gz_plugin_vendor:/opt/ros/jazzy/opt/gz_fuel_tools_vendor:/opt/ros/jazzy/opt/gz_msgs_vendor:/opt/ros/jazzy/opt/gz_common_vendor:/opt/ros/jazzy/opt/gz_math_vendor:/opt/ros/jazzy/opt/gz_utils_vendor:/opt/ros/jazzy/opt/gz_tools_vendor:/opt/ros/jazzy/opt/gz_ogre_next_vendor:/opt/ros/jazzy/opt/gz_dartsim_vendor:/opt/ros/jazzy/opt/gz_cmake_vendor:/opt/ros/jazzy DEBUGINFOD_URLS=https://debuginfod.ubuntu.com LD_LIBRARY_PATH=/home/samsung/go2_ws/src/go2_simulation/install/unitree_go/lib:/home/samsung/go2_ws/src/go2_simulation/install/go2_interfaces/lib:${LD_LIBRARY_PATH} PYTHONPATH=/home/samsung/go2_ws/src/go2_simulation/install/unitree_go/lib/python3.12/site-packages:/home/samsung/go2_ws/src/go2_simulation/install/go2_interfaces/lib/python3.12/site-packages:${PYTHONPATH} /usr/bin/cmake --install /home/samsung/go2_ws/src/go2_simulation/build/go2_jointcontroller
