[0.131s] DEBUG:colcon:Command line arguments: ['/usr/bin/colcon', 'build']
[0.131s] DEBUG:colcon:Parsed command line arguments: Namespace(log_base=None, log_level=None, verb_name='build', build_base='build', install_base='install', merge_install=False, symlink_install=False, test_result_base=None, continue_on_error=False, executor='parallel', parallel_workers=8, event_handlers=None, ignore_user_meta=False, metas=['./colcon.meta'], base_paths=['.'], packages_ignore=None, packages_ignore_regex=None, paths=None, packages_up_to=None, packages_up_to_regex=None, packages_above=None, packages_above_and_dependencies=None, packages_above_depth=None, packages_select_by_dep=None, packages_skip_by_dep=None, packages_skip_up_to=None, packages_select_build_failed=False, packages_skip_build_finished=False, packages_select_test_failures=False, packages_skip_test_passed=False, packages_select=None, packages_skip=None, packages_select_regex=None, packages_skip_regex=None, packages_start=None, packages_end=None, allow_overriding=[], cmake_args=None, cmake_target=None, cmake_target_skip_unavailable=False, cmake_clean_cache=False, cmake_clean_first=False, cmake_force_configure=False, ament_cmake_args=None, catkin_cmake_args=None, catkin_skip_building_tests=False, verb_parser=<colcon_defaults.argument_parser.defaults.DefaultArgumentsDecorator object at 0x7007e417dd90>, verb_extension=<colcon_core.verb.build.BuildVerb object at 0x7007e42ae510>, main=<bound method BuildVerb.main of <colcon_core.verb.build.BuildVerb object at 0x7007e42ae510>>)
[0.177s] Level 1:colcon.colcon_core.package_discovery:discover_packages(colcon_meta) check parameters
[0.177s] Level 1:colcon.colcon_core.package_discovery:discover_packages(recursive) check parameters
[0.177s] Level 1:colcon.colcon_core.package_discovery:discover_packages(ignore) check parameters
[0.177s] Level 1:colcon.colcon_core.package_discovery:discover_packages(path) check parameters
[0.177s] Level 1:colcon.colcon_core.package_discovery:discover_packages(colcon_meta) discover
[0.177s] Level 1:colcon.colcon_core.package_discovery:discover_packages(recursive) discover
[0.177s] INFO:colcon.colcon_core.package_discovery:Crawling recursively for packages in '/home/samsung/go2_ws/src/go2_simulation'
[0.177s] Level 1:colcon.colcon_core.package_identification:_identify(.) by extensions ['ignore', 'ignore_ament_install']
[0.178s] Level 1:colcon.colcon_core.package_identification:_identify(.) by extension 'ignore'
[0.178s] Level 1:colcon.colcon_core.package_identification:_identify(.) by extension 'ignore_ament_install'
[0.178s] Level 1:colcon.colcon_core.package_identification:_identify(.) by extensions ['colcon_pkg']
[0.178s] Level 1:colcon.colcon_core.package_identification:_identify(.) by extension 'colcon_pkg'
[0.178s] Level 1:colcon.colcon_core.package_identification:_identify(.) by extensions ['colcon_meta']
[0.178s] Level 1:colcon.colcon_core.package_identification:_identify(.) by extension 'colcon_meta'
[0.178s] Level 1:colcon.colcon_core.package_identification:_identify(.) by extensions ['ros']
[0.178s] Level 1:colcon.colcon_core.package_identification:_identify(.) by extension 'ros'
[0.209s] Level 1:colcon.colcon_core.package_identification:_identify(.) by extensions ['cmake', 'python']
[0.209s] Level 1:colcon.colcon_core.package_identification:_identify(.) by extension 'cmake'
[0.209s] Level 1:colcon.colcon_core.package_identification:_identify(.) by extension 'python'
[0.209s] Level 1:colcon.colcon_core.package_identification:_identify(.) by extensions ['python_setup_py']
[0.209s] Level 1:colcon.colcon_core.package_identification:_identify(.) by extension 'python_setup_py'
[0.209s] Level 1:colcon.colcon_core.package_identification:_identify(build) by extensions ['ignore', 'ignore_ament_install']
[0.209s] Level 1:colcon.colcon_core.package_identification:_identify(build) by extension 'ignore'
[0.209s] Level 1:colcon.colcon_core.package_identification:_identify(build) ignored
[0.209s] Level 1:colcon.colcon_core.package_identification:_identify(go2_actuator) by extensions ['ignore', 'ignore_ament_install']
[0.210s] Level 1:colcon.colcon_core.package_identification:_identify(go2_actuator) by extension 'ignore'
[0.210s] Level 1:colcon.colcon_core.package_identification:_identify(go2_actuator) by extension 'ignore_ament_install'
[0.210s] Level 1:colcon.colcon_core.package_identification:_identify(go2_actuator) by extensions ['colcon_pkg']
[0.210s] Level 1:colcon.colcon_core.package_identification:_identify(go2_actuator) by extension 'colcon_pkg'
[0.210s] Level 1:colcon.colcon_core.package_identification:_identify(go2_actuator) by extensions ['colcon_meta']
[0.210s] Level 1:colcon.colcon_core.package_identification:_identify(go2_actuator) by extension 'colcon_meta'
[0.210s] Level 1:colcon.colcon_core.package_identification:_identify(go2_actuator) by extensions ['ros']
[0.210s] Level 1:colcon.colcon_core.package_identification:_identify(go2_actuator) by extension 'ros'
[0.214s] DEBUG:colcon.colcon_core.package_identification:Package 'go2_actuator' with type 'ros.ament_cmake' and name 'go2_actuator'
[0.214s] Level 1:colcon.colcon_core.package_identification:_identify(go2_description) by extensions ['ignore', 'ignore_ament_install']
[0.214s] Level 1:colcon.colcon_core.package_identification:_identify(go2_description) by extension 'ignore'
[0.214s] Level 1:colcon.colcon_core.package_identification:_identify(go2_description) by extension 'ignore_ament_install'
[0.214s] Level 1:colcon.colcon_core.package_identification:_identify(go2_description) by extensions ['colcon_pkg']
[0.214s] Level 1:colcon.colcon_core.package_identification:_identify(go2_description) by extension 'colcon_pkg'
[0.214s] Level 1:colcon.colcon_core.package_identification:_identify(go2_description) by extensions ['colcon_meta']
[0.214s] Level 1:colcon.colcon_core.package_identification:_identify(go2_description) by extension 'colcon_meta'
[0.214s] Level 1:colcon.colcon_core.package_identification:_identify(go2_description) by extensions ['ros']
[0.214s] Level 1:colcon.colcon_core.package_identification:_identify(go2_description) by extension 'ros'
[0.215s] DEBUG:colcon.colcon_core.package_identification:Package 'go2_description' with type 'ros.ament_cmake' and name 'go2_description'
[0.215s] Level 1:colcon.colcon_core.package_identification:_identify(go2_ekf) by extensions ['ignore', 'ignore_ament_install']
[0.215s] Level 1:colcon.colcon_core.package_identification:_identify(go2_ekf) by extension 'ignore'
[0.215s] Level 1:colcon.colcon_core.package_identification:_identify(go2_ekf) by extension 'ignore_ament_install'
[0.215s] Level 1:colcon.colcon_core.package_identification:_identify(go2_ekf) by extensions ['colcon_pkg']
[0.216s] Level 1:colcon.colcon_core.package_identification:_identify(go2_ekf) by extension 'colcon_pkg'
[0.216s] Level 1:colcon.colcon_core.package_identification:_identify(go2_ekf) by extensions ['colcon_meta']
[0.216s] Level 1:colcon.colcon_core.package_identification:_identify(go2_ekf) by extension 'colcon_meta'
[0.216s] Level 1:colcon.colcon_core.package_identification:_identify(go2_ekf) by extensions ['ros']
[0.216s] Level 1:colcon.colcon_core.package_identification:_identify(go2_ekf) by extension 'ros'
[0.216s] DEBUG:colcon.colcon_core.package_identification:Package 'go2_ekf' with type 'ros.ament_cmake' and name 'go2_ekf'
[0.216s] Level 1:colcon.colcon_core.package_identification:_identify(go2_gzsim) by extensions ['ignore', 'ignore_ament_install']
[0.216s] Level 1:colcon.colcon_core.package_identification:_identify(go2_gzsim) by extension 'ignore'
[0.217s] Level 1:colcon.colcon_core.package_identification:_identify(go2_gzsim) by extension 'ignore_ament_install'
[0.217s] Level 1:colcon.colcon_core.package_identification:_identify(go2_gzsim) by extensions ['colcon_pkg']
[0.217s] Level 1:colcon.colcon_core.package_identification:_identify(go2_gzsim) by extension 'colcon_pkg'
[0.217s] Level 1:colcon.colcon_core.package_identification:_identify(go2_gzsim) by extensions ['colcon_meta']
[0.217s] Level 1:colcon.colcon_core.package_identification:_identify(go2_gzsim) by extension 'colcon_meta'
[0.217s] Level 1:colcon.colcon_core.package_identification:_identify(go2_gzsim) by extensions ['ros']
[0.217s] Level 1:colcon.colcon_core.package_identification:_identify(go2_gzsim) by extension 'ros'
[0.218s] DEBUG:colcon.colcon_core.package_identification:Package 'go2_gzsim' with type 'ros.ament_cmake' and name 'go2_gzsim'
[0.218s] Level 1:colcon.colcon_core.package_identification:_identify(go2_interfaces) by extensions ['ignore', 'ignore_ament_install']
[0.218s] Level 1:colcon.colcon_core.package_identification:_identify(go2_interfaces) by extension 'ignore'
[0.218s] Level 1:colcon.colcon_core.package_identification:_identify(go2_interfaces) by extension 'ignore_ament_install'
[0.218s] Level 1:colcon.colcon_core.package_identification:_identify(go2_interfaces) by extensions ['colcon_pkg']
[0.218s] Level 1:colcon.colcon_core.package_identification:_identify(go2_interfaces) by extension 'colcon_pkg'
[0.218s] Level 1:colcon.colcon_core.package_identification:_identify(go2_interfaces) by extensions ['colcon_meta']
[0.218s] Level 1:colcon.colcon_core.package_identification:_identify(go2_interfaces) by extension 'colcon_meta'
[0.218s] Level 1:colcon.colcon_core.package_identification:_identify(go2_interfaces) by extensions ['ros']
[0.218s] Level 1:colcon.colcon_core.package_identification:_identify(go2_interfaces) by extension 'ros'
[0.219s] DEBUG:colcon.colcon_core.package_identification:Package 'go2_interfaces' with type 'ros.ament_cmake' and name 'go2_interfaces'
[0.219s] Level 1:colcon.colcon_core.package_identification:_identify(go2_jointcontroller) by extensions ['ignore', 'ignore_ament_install']
[0.219s] Level 1:colcon.colcon_core.package_identification:_identify(go2_jointcontroller) by extension 'ignore'
[0.219s] Level 1:colcon.colcon_core.package_identification:_identify(go2_jointcontroller) by extension 'ignore_ament_install'
[0.219s] Level 1:colcon.colcon_core.package_identification:_identify(go2_jointcontroller) by extensions ['colcon_pkg']
[0.219s] Level 1:colcon.colcon_core.package_identification:_identify(go2_jointcontroller) by extension 'colcon_pkg'
[0.219s] Level 1:colcon.colcon_core.package_identification:_identify(go2_jointcontroller) by extensions ['colcon_meta']
[0.219s] Level 1:colcon.colcon_core.package_identification:_identify(go2_jointcontroller) by extension 'colcon_meta'
[0.219s] Level 1:colcon.colcon_core.package_identification:_identify(go2_jointcontroller) by extensions ['ros']
[0.219s] Level 1:colcon.colcon_core.package_identification:_identify(go2_jointcontroller) by extension 'ros'
[0.220s] DEBUG:colcon.colcon_core.package_identification:Package 'go2_jointcontroller' with type 'ros.ament_cmake' and name 'go2_jointcontroller'
[0.221s] Level 1:colcon.colcon_core.package_identification:_identify(go2_lowstates) by extensions ['ignore', 'ignore_ament_install']
[0.221s] Level 1:colcon.colcon_core.package_identification:_identify(go2_lowstates) by extension 'ignore'
[0.221s] Level 1:colcon.colcon_core.package_identification:_identify(go2_lowstates) by extension 'ignore_ament_install'
[0.221s] Level 1:colcon.colcon_core.package_identification:_identify(go2_lowstates) by extensions ['colcon_pkg']
[0.221s] Level 1:colcon.colcon_core.package_identification:_identify(go2_lowstates) by extension 'colcon_pkg'
[0.221s] Level 1:colcon.colcon_core.package_identification:_identify(go2_lowstates) by extensions ['colcon_meta']
[0.221s] Level 1:colcon.colcon_core.package_identification:_identify(go2_lowstates) by extension 'colcon_meta'
[0.221s] Level 1:colcon.colcon_core.package_identification:_identify(go2_lowstates) by extensions ['ros']
[0.221s] Level 1:colcon.colcon_core.package_identification:_identify(go2_lowstates) by extension 'ros'
[0.222s] DEBUG:colcon.colcon_core.package_identification:Package 'go2_lowstates' with type 'ros.ament_cmake' and name 'go2_lowstates'
[0.222s] Level 1:colcon.colcon_core.package_identification:_identify(go2_real) by extensions ['ignore', 'ignore_ament_install']
[0.222s] Level 1:colcon.colcon_core.package_identification:_identify(go2_real) by extension 'ignore'
[0.222s] Level 1:colcon.colcon_core.package_identification:_identify(go2_real) by extension 'ignore_ament_install'
[0.222s] Level 1:colcon.colcon_core.package_identification:_identify(go2_real) by extensions ['colcon_pkg']
[0.222s] Level 1:colcon.colcon_core.package_identification:_identify(go2_real) by extension 'colcon_pkg'
[0.222s] Level 1:colcon.colcon_core.package_identification:_identify(go2_real) by extensions ['colcon_meta']
[0.222s] Level 1:colcon.colcon_core.package_identification:_identify(go2_real) by extension 'colcon_meta'
[0.222s] Level 1:colcon.colcon_core.package_identification:_identify(go2_real) by extensions ['ros']
[0.222s] Level 1:colcon.colcon_core.package_identification:_identify(go2_real) by extension 'ros'
[0.223s] DEBUG:colcon.colcon_core.package_identification:Package 'go2_real' with type 'ros.ament_cmake' and name 'go2_real'
[0.223s] Level 1:colcon.colcon_core.package_identification:_identify(go2_refs) by extensions ['ignore', 'ignore_ament_install']
[0.223s] Level 1:colcon.colcon_core.package_identification:_identify(go2_refs) by extension 'ignore'
[0.223s] Level 1:colcon.colcon_core.package_identification:_identify(go2_refs) by extension 'ignore_ament_install'
[0.223s] Level 1:colcon.colcon_core.package_identification:_identify(go2_refs) by extensions ['colcon_pkg']
[0.223s] Level 1:colcon.colcon_core.package_identification:_identify(go2_refs) by extension 'colcon_pkg'
[0.223s] Level 1:colcon.colcon_core.package_identification:_identify(go2_refs) by extensions ['colcon_meta']
[0.224s] Level 1:colcon.colcon_core.package_identification:_identify(go2_refs) by extension 'colcon_meta'
[0.224s] Level 1:colcon.colcon_core.package_identification:_identify(go2_refs) by extensions ['ros']
[0.224s] Level 1:colcon.colcon_core.package_identification:_identify(go2_refs) by extension 'ros'
[0.224s] DEBUG:colcon.colcon_core.package_identification:Package 'go2_refs' with type 'ros.ament_cmake' and name 'go2_refs'
[0.224s] Level 1:colcon.colcon_core.package_identification:_identify(go2_remap) by extensions ['ignore', 'ignore_ament_install']
[0.224s] Level 1:colcon.colcon_core.package_identification:_identify(go2_remap) by extension 'ignore'
[0.225s] Level 1:colcon.colcon_core.package_identification:_identify(go2_remap) by extension 'ignore_ament_install'
[0.225s] Level 1:colcon.colcon_core.package_identification:_identify(go2_remap) by extensions ['colcon_pkg']
[0.225s] Level 1:colcon.colcon_core.package_identification:_identify(go2_remap) by extension 'colcon_pkg'
[0.225s] Level 1:colcon.colcon_core.package_identification:_identify(go2_remap) by extensions ['colcon_meta']
[0.225s] Level 1:colcon.colcon_core.package_identification:_identify(go2_remap) by extension 'colcon_meta'
[0.225s] Level 1:colcon.colcon_core.package_identification:_identify(go2_remap) by extensions ['ros']
[0.225s] Level 1:colcon.colcon_core.package_identification:_identify(go2_remap) by extension 'ros'
[0.226s] DEBUG:colcon.colcon_core.package_identification:Package 'go2_remap' with type 'ros.ament_cmake' and name 'go2_remap'
[0.226s] Level 1:colcon.colcon_core.package_identification:_identify(go2_rgc) by extensions ['ignore', 'ignore_ament_install']
[0.226s] Level 1:colcon.colcon_core.package_identification:_identify(go2_rgc) by extension 'ignore'
[0.226s] Level 1:colcon.colcon_core.package_identification:_identify(go2_rgc) by extension 'ignore_ament_install'
[0.226s] Level 1:colcon.colcon_core.package_identification:_identify(go2_rgc) by extensions ['colcon_pkg']
[0.226s] Level 1:colcon.colcon_core.package_identification:_identify(go2_rgc) by extension 'colcon_pkg'
[0.226s] Level 1:colcon.colcon_core.package_identification:_identify(go2_rgc) by extensions ['colcon_meta']
[0.226s] Level 1:colcon.colcon_core.package_identification:_identify(go2_rgc) by extension 'colcon_meta'
[0.226s] Level 1:colcon.colcon_core.package_identification:_identify(go2_rgc) by extensions ['ros']
[0.227s] Level 1:colcon.colcon_core.package_identification:_identify(go2_rgc) by extension 'ros'
[0.227s] DEBUG:colcon.colcon_core.package_identification:Package 'go2_rgc' with type 'ros.ament_cmake' and name 'go2_rgc'
[0.227s] Level 1:colcon.colcon_core.package_identification:_identify(imu_to_odom) by extensions ['ignore', 'ignore_ament_install']
[0.227s] Level 1:colcon.colcon_core.package_identification:_identify(imu_to_odom) by extension 'ignore'
[0.228s] Level 1:colcon.colcon_core.package_identification:_identify(imu_to_odom) by extension 'ignore_ament_install'
[0.228s] Level 1:colcon.colcon_core.package_identification:_identify(imu_to_odom) by extensions ['colcon_pkg']
[0.228s] Level 1:colcon.colcon_core.package_identification:_identify(imu_to_odom) by extension 'colcon_pkg'
[0.228s] Level 1:colcon.colcon_core.package_identification:_identify(imu_to_odom) by extensions ['colcon_meta']
[0.228s] Level 1:colcon.colcon_core.package_identification:_identify(imu_to_odom) by extension 'colcon_meta'
[0.228s] Level 1:colcon.colcon_core.package_identification:_identify(imu_to_odom) by extensions ['ros']
[0.228s] Level 1:colcon.colcon_core.package_identification:_identify(imu_to_odom) by extension 'ros'
[0.229s] DEBUG:colcon.colcon_core.package_identification:Package 'imu_to_odom' with type 'ros.ament_cmake' and name 'imu_to_odom'
[0.229s] Level 1:colcon.colcon_core.package_identification:_identify(install) by extensions ['ignore', 'ignore_ament_install']
[0.229s] Level 1:colcon.colcon_core.package_identification:_identify(install) by extension 'ignore'
[0.229s] Level 1:colcon.colcon_core.package_identification:_identify(install) ignored
[0.229s] Level 1:colcon.colcon_core.package_identification:_identify(log) by extensions ['ignore', 'ignore_ament_install']
[0.229s] Level 1:colcon.colcon_core.package_identification:_identify(log) by extension 'ignore'
[0.229s] Level 1:colcon.colcon_core.package_identification:_identify(log) ignored
[0.229s] Level 1:colcon.colcon_core.package_identification:_identify(unitree_go) by extensions ['ignore', 'ignore_ament_install']
[0.229s] Level 1:colcon.colcon_core.package_identification:_identify(unitree_go) by extension 'ignore'
[0.230s] Level 1:colcon.colcon_core.package_identification:_identify(unitree_go) by extension 'ignore_ament_install'
[0.230s] Level 1:colcon.colcon_core.package_identification:_identify(unitree_go) by extensions ['colcon_pkg']
[0.230s] Level 1:colcon.colcon_core.package_identification:_identify(unitree_go) by extension 'colcon_pkg'
[0.230s] Level 1:colcon.colcon_core.package_identification:_identify(unitree_go) by extensions ['colcon_meta']
[0.230s] Level 1:colcon.colcon_core.package_identification:_identify(unitree_go) by extension 'colcon_meta'
[0.230s] Level 1:colcon.colcon_core.package_identification:_identify(unitree_go) by extensions ['ros']
[0.230s] Level 1:colcon.colcon_core.package_identification:_identify(unitree_go) by extension 'ros'
[0.230s] DEBUG:colcon.colcon_core.package_identification:Package 'unitree_go' with type 'ros.ament_cmake' and name 'unitree_go'
[0.231s] Level 1:colcon.colcon_core.package_discovery:discover_packages(recursive) using defaults
[0.231s] Level 1:colcon.colcon_core.package_discovery:discover_packages(ignore) discover
[0.231s] Level 1:colcon.colcon_core.package_discovery:discover_packages(ignore) using defaults
[0.231s] Level 1:colcon.colcon_core.package_discovery:discover_packages(path) discover
[0.231s] Level 1:colcon.colcon_core.package_discovery:discover_packages(path) using defaults
[0.253s] Level 1:colcon.colcon_core.package_discovery:discover_packages(prefix_path) check parameters
[0.253s] Level 1:colcon.colcon_core.package_discovery:discover_packages(prefix_path) discover
[0.256s] DEBUG:colcon.colcon_installed_package_information.package_discovery:Found 13 installed packages in /home/samsung/go2_ws/install
[0.258s] DEBUG:colcon.colcon_installed_package_information.package_discovery:Found 381 installed packages in /opt/ros/jazzy
[0.260s] Level 1:colcon.colcon_core.package_discovery:discover_packages(prefix_path) using defaults
[0.326s] Level 5:colcon.colcon_core.verb:set package 'go2_description' build argument 'cmake_args' from command line to 'None'
[0.326s] Level 5:colcon.colcon_core.verb:set package 'go2_description' build argument 'cmake_target' from command line to 'None'
[0.326s] Level 5:colcon.colcon_core.verb:set package 'go2_description' build argument 'cmake_target_skip_unavailable' from command line to 'False'
[0.326s] Level 5:colcon.colcon_core.verb:set package 'go2_description' build argument 'cmake_clean_cache' from command line to 'False'
[0.326s] Level 5:colcon.colcon_core.verb:set package 'go2_description' build argument 'cmake_clean_first' from command line to 'False'
[0.326s] Level 5:colcon.colcon_core.verb:set package 'go2_description' build argument 'cmake_force_configure' from command line to 'False'
[0.326s] Level 5:colcon.colcon_core.verb:set package 'go2_description' build argument 'ament_cmake_args' from command line to 'None'
[0.327s] Level 5:colcon.colcon_core.verb:set package 'go2_description' build argument 'catkin_cmake_args' from command line to 'None'
[0.327s] Level 5:colcon.colcon_core.verb:set package 'go2_description' build argument 'catkin_skip_building_tests' from command line to 'False'
[0.327s] DEBUG:colcon.colcon_core.verb:Building package 'go2_description' with the following arguments: {'ament_cmake_args': None, 'build_base': '/home/samsung/go2_ws/src/go2_simulation/build/go2_description', 'catkin_cmake_args': None, 'catkin_skip_building_tests': False, 'cmake_args': None, 'cmake_clean_cache': False, 'cmake_clean_first': False, 'cmake_force_configure': False, 'cmake_target': None, 'cmake_target_skip_unavailable': False, 'install_base': '/home/samsung/go2_ws/src/go2_simulation/install/go2_description', 'merge_install': False, 'path': '/home/samsung/go2_ws/src/go2_simulation/go2_description', 'symlink_install': False, 'test_result_base': None}
[0.327s] Level 5:colcon.colcon_core.verb:set package 'go2_interfaces' build argument 'cmake_args' from command line to 'None'
[0.327s] Level 5:colcon.colcon_core.verb:set package 'go2_interfaces' build argument 'cmake_target' from command line to 'None'
[0.327s] Level 5:colcon.colcon_core.verb:set package 'go2_interfaces' build argument 'cmake_target_skip_unavailable' from command line to 'False'
[0.327s] Level 5:colcon.colcon_core.verb:set package 'go2_interfaces' build argument 'cmake_clean_cache' from command line to 'False'
[0.327s] Level 5:colcon.colcon_core.verb:set package 'go2_interfaces' build argument 'cmake_clean_first' from command line to 'False'
[0.327s] Level 5:colcon.colcon_core.verb:set package 'go2_interfaces' build argument 'cmake_force_configure' from command line to 'False'
[0.327s] Level 5:colcon.colcon_core.verb:set package 'go2_interfaces' build argument 'ament_cmake_args' from command line to 'None'
[0.327s] Level 5:colcon.colcon_core.verb:set package 'go2_interfaces' build argument 'catkin_cmake_args' from command line to 'None'
[0.327s] Level 5:colcon.colcon_core.verb:set package 'go2_interfaces' build argument 'catkin_skip_building_tests' from command line to 'False'
[0.327s] DEBUG:colcon.colcon_core.verb:Building package 'go2_interfaces' with the following arguments: {'ament_cmake_args': None, 'build_base': '/home/samsung/go2_ws/src/go2_simulation/build/go2_interfaces', 'catkin_cmake_args': None, 'catkin_skip_building_tests': False, 'cmake_args': None, 'cmake_clean_cache': False, 'cmake_clean_first': False, 'cmake_force_configure': False, 'cmake_target': None, 'cmake_target_skip_unavailable': False, 'install_base': '/home/samsung/go2_ws/src/go2_simulation/install/go2_interfaces', 'merge_install': False, 'path': '/home/samsung/go2_ws/src/go2_simulation/go2_interfaces', 'symlink_install': False, 'test_result_base': None}
[0.327s] Level 5:colcon.colcon_core.verb:set package 'go2_rgc' build argument 'cmake_args' from command line to 'None'
[0.327s] Level 5:colcon.colcon_core.verb:set package 'go2_rgc' build argument 'cmake_target' from command line to 'None'
[0.327s] Level 5:colcon.colcon_core.verb:set package 'go2_rgc' build argument 'cmake_target_skip_unavailable' from command line to 'False'
[0.328s] Level 5:colcon.colcon_core.verb:set package 'go2_rgc' build argument 'cmake_clean_cache' from command line to 'False'
[0.328s] Level 5:colcon.colcon_core.verb:set package 'go2_rgc' build argument 'cmake_clean_first' from command line to 'False'
[0.328s] Level 5:colcon.colcon_core.verb:set package 'go2_rgc' build argument 'cmake_force_configure' from command line to 'False'
[0.328s] Level 5:colcon.colcon_core.verb:set package 'go2_rgc' build argument 'ament_cmake_args' from command line to 'None'
[0.328s] Level 5:colcon.colcon_core.verb:set package 'go2_rgc' build argument 'catkin_cmake_args' from command line to 'None'
[0.328s] Level 5:colcon.colcon_core.verb:set package 'go2_rgc' build argument 'catkin_skip_building_tests' from command line to 'False'
[0.328s] DEBUG:colcon.colcon_core.verb:Building package 'go2_rgc' with the following arguments: {'ament_cmake_args': None, 'build_base': '/home/samsung/go2_ws/src/go2_simulation/build/go2_rgc', 'catkin_cmake_args': None, 'catkin_skip_building_tests': False, 'cmake_args': None, 'cmake_clean_cache': False, 'cmake_clean_first': False, 'cmake_force_configure': False, 'cmake_target': None, 'cmake_target_skip_unavailable': False, 'install_base': '/home/samsung/go2_ws/src/go2_simulation/install/go2_rgc', 'merge_install': False, 'path': '/home/samsung/go2_ws/src/go2_simulation/go2_rgc', 'symlink_install': False, 'test_result_base': None}
[0.328s] Level 5:colcon.colcon_core.verb:set package 'unitree_go' build argument 'cmake_args' from command line to 'None'
[0.328s] Level 5:colcon.colcon_core.verb:set package 'unitree_go' build argument 'cmake_target' from command line to 'None'
[0.328s] Level 5:colcon.colcon_core.verb:set package 'unitree_go' build argument 'cmake_target_skip_unavailable' from command line to 'False'
[0.328s] Level 5:colcon.colcon_core.verb:set package 'unitree_go' build argument 'cmake_clean_cache' from command line to 'False'
[0.328s] Level 5:colcon.colcon_core.verb:set package 'unitree_go' build argument 'cmake_clean_first' from command line to 'False'
[0.328s] Level 5:colcon.colcon_core.verb:set package 'unitree_go' build argument 'cmake_force_configure' from command line to 'False'
[0.328s] Level 5:colcon.colcon_core.verb:set package 'unitree_go' build argument 'ament_cmake_args' from command line to 'None'
[0.328s] Level 5:colcon.colcon_core.verb:set package 'unitree_go' build argument 'catkin_cmake_args' from command line to 'None'
[0.328s] Level 5:colcon.colcon_core.verb:set package 'unitree_go' build argument 'catkin_skip_building_tests' from command line to 'False'
[0.328s] DEBUG:colcon.colcon_core.verb:Building package 'unitree_go' with the following arguments: {'ament_cmake_args': None, 'build_base': '/home/samsung/go2_ws/src/go2_simulation/build/unitree_go', 'catkin_cmake_args': None, 'catkin_skip_building_tests': False, 'cmake_args': None, 'cmake_clean_cache': False, 'cmake_clean_first': False, 'cmake_force_configure': False, 'cmake_target': None, 'cmake_target_skip_unavailable': False, 'install_base': '/home/samsung/go2_ws/src/go2_simulation/install/unitree_go', 'merge_install': False, 'path': '/home/samsung/go2_ws/src/go2_simulation/unitree_go', 'symlink_install': False, 'test_result_base': None}
[0.328s] Level 5:colcon.colcon_core.verb:set package 'go2_actuator' build argument 'cmake_args' from command line to 'None'
[0.328s] Level 5:colcon.colcon_core.verb:set package 'go2_actuator' build argument 'cmake_target' from command line to 'None'
[0.329s] Level 5:colcon.colcon_core.verb:set package 'go2_actuator' build argument 'cmake_target_skip_unavailable' from command line to 'False'
[0.329s] Level 5:colcon.colcon_core.verb:set package 'go2_actuator' build argument 'cmake_clean_cache' from command line to 'False'
[0.329s] Level 5:colcon.colcon_core.verb:set package 'go2_actuator' build argument 'cmake_clean_first' from command line to 'False'
[0.329s] Level 5:colcon.colcon_core.verb:set package 'go2_actuator' build argument 'cmake_force_configure' from command line to 'False'
[0.329s] Level 5:colcon.colcon_core.verb:set package 'go2_actuator' build argument 'ament_cmake_args' from command line to 'None'
[0.329s] Level 5:colcon.colcon_core.verb:set package 'go2_actuator' build argument 'catkin_cmake_args' from command line to 'None'
[0.329s] Level 5:colcon.colcon_core.verb:set package 'go2_actuator' build argument 'catkin_skip_building_tests' from command line to 'False'
[0.329s] DEBUG:colcon.colcon_core.verb:Building package 'go2_actuator' with the following arguments: {'ament_cmake_args': None, 'build_base': '/home/samsung/go2_ws/src/go2_simulation/build/go2_actuator', 'catkin_cmake_args': None, 'catkin_skip_building_tests': False, 'cmake_args': None, 'cmake_clean_cache': False, 'cmake_clean_first': False, 'cmake_force_configure': False, 'cmake_target': None, 'cmake_target_skip_unavailable': False, 'install_base': '/home/samsung/go2_ws/src/go2_simulation/install/go2_actuator', 'merge_install': False, 'path': '/home/samsung/go2_ws/src/go2_simulation/go2_actuator', 'symlink_install': False, 'test_result_base': None}
[0.329s] Level 5:colcon.colcon_core.verb:set package 'go2_ekf' build argument 'cmake_args' from command line to 'None'
[0.329s] Level 5:colcon.colcon_core.verb:set package 'go2_ekf' build argument 'cmake_target' from command line to 'None'
[0.329s] Level 5:colcon.colcon_core.verb:set package 'go2_ekf' build argument 'cmake_target_skip_unavailable' from command line to 'False'
[0.329s] Level 5:colcon.colcon_core.verb:set package 'go2_ekf' build argument 'cmake_clean_cache' from command line to 'False'
[0.329s] Level 5:colcon.colcon_core.verb:set package 'go2_ekf' build argument 'cmake_clean_first' from command line to 'False'
[0.329s] Level 5:colcon.colcon_core.verb:set package 'go2_ekf' build argument 'cmake_force_configure' from command line to 'False'
[0.329s] Level 5:colcon.colcon_core.verb:set package 'go2_ekf' build argument 'ament_cmake_args' from command line to 'None'
[0.329s] Level 5:colcon.colcon_core.verb:set package 'go2_ekf' build argument 'catkin_cmake_args' from command line to 'None'
[0.329s] Level 5:colcon.colcon_core.verb:set package 'go2_ekf' build argument 'catkin_skip_building_tests' from command line to 'False'
[0.329s] DEBUG:colcon.colcon_core.verb:Building package 'go2_ekf' with the following arguments: {'ament_cmake_args': None, 'build_base': '/home/samsung/go2_ws/src/go2_simulation/build/go2_ekf', 'catkin_cmake_args': None, 'catkin_skip_building_tests': False, 'cmake_args': None, 'cmake_clean_cache': False, 'cmake_clean_first': False, 'cmake_force_configure': False, 'cmake_target': None, 'cmake_target_skip_unavailable': False, 'install_base': '/home/samsung/go2_ws/src/go2_simulation/install/go2_ekf', 'merge_install': False, 'path': '/home/samsung/go2_ws/src/go2_simulation/go2_ekf', 'symlink_install': False, 'test_result_base': None}
[0.329s] Level 5:colcon.colcon_core.verb:set package 'go2_jointcontroller' build argument 'cmake_args' from command line to 'None'
[0.330s] Level 5:colcon.colcon_core.verb:set package 'go2_jointcontroller' build argument 'cmake_target' from command line to 'None'
[0.330s] Level 5:colcon.colcon_core.verb:set package 'go2_jointcontroller' build argument 'cmake_target_skip_unavailable' from command line to 'False'
[0.330s] Level 5:colcon.colcon_core.verb:set package 'go2_jointcontroller' build argument 'cmake_clean_cache' from command line to 'False'
[0.330s] Level 5:colcon.colcon_core.verb:set package 'go2_jointcontroller' build argument 'cmake_clean_first' from command line to 'False'
[0.330s] Level 5:colcon.colcon_core.verb:set package 'go2_jointcontroller' build argument 'cmake_force_configure' from command line to 'False'
[0.330s] Level 5:colcon.colcon_core.verb:set package 'go2_jointcontroller' build argument 'ament_cmake_args' from command line to 'None'
[0.330s] Level 5:colcon.colcon_core.verb:set package 'go2_jointcontroller' build argument 'catkin_cmake_args' from command line to 'None'
[0.330s] Level 5:colcon.colcon_core.verb:set package 'go2_jointcontroller' build argument 'catkin_skip_building_tests' from command line to 'False'
[0.330s] DEBUG:colcon.colcon_core.verb:Building package 'go2_jointcontroller' with the following arguments: {'ament_cmake_args': None, 'build_base': '/home/samsung/go2_ws/src/go2_simulation/build/go2_jointcontroller', 'catkin_cmake_args': None, 'catkin_skip_building_tests': False, 'cmake_args': None, 'cmake_clean_cache': False, 'cmake_clean_first': False, 'cmake_force_configure': False, 'cmake_target': None, 'cmake_target_skip_unavailable': False, 'install_base': '/home/samsung/go2_ws/src/go2_simulation/install/go2_jointcontroller', 'merge_install': False, 'path': '/home/samsung/go2_ws/src/go2_simulation/go2_jointcontroller', 'symlink_install': False, 'test_result_base': None}
[0.330s] Level 5:colcon.colcon_core.verb:set package 'go2_lowstates' build argument 'cmake_args' from command line to 'None'
[0.330s] Level 5:colcon.colcon_core.verb:set package 'go2_lowstates' build argument 'cmake_target' from command line to 'None'
[0.330s] Level 5:colcon.colcon_core.verb:set package 'go2_lowstates' build argument 'cmake_target_skip_unavailable' from command line to 'False'
[0.330s] Level 5:colcon.colcon_core.verb:set package 'go2_lowstates' build argument 'cmake_clean_cache' from command line to 'False'
[0.330s] Level 5:colcon.colcon_core.verb:set package 'go2_lowstates' build argument 'cmake_clean_first' from command line to 'False'
[0.330s] Level 5:colcon.colcon_core.verb:set package 'go2_lowstates' build argument 'cmake_force_configure' from command line to 'False'
[0.330s] Level 5:colcon.colcon_core.verb:set package 'go2_lowstates' build argument 'ament_cmake_args' from command line to 'None'
[0.330s] Level 5:colcon.colcon_core.verb:set package 'go2_lowstates' build argument 'catkin_cmake_args' from command line to 'None'
[0.330s] Level 5:colcon.colcon_core.verb:set package 'go2_lowstates' build argument 'catkin_skip_building_tests' from command line to 'False'
[0.330s] DEBUG:colcon.colcon_core.verb:Building package 'go2_lowstates' with the following arguments: {'ament_cmake_args': None, 'build_base': '/home/samsung/go2_ws/src/go2_simulation/build/go2_lowstates', 'catkin_cmake_args': None, 'catkin_skip_building_tests': False, 'cmake_args': None, 'cmake_clean_cache': False, 'cmake_clean_first': False, 'cmake_force_configure': False, 'cmake_target': None, 'cmake_target_skip_unavailable': False, 'install_base': '/home/samsung/go2_ws/src/go2_simulation/install/go2_lowstates', 'merge_install': False, 'path': '/home/samsung/go2_ws/src/go2_simulation/go2_lowstates', 'symlink_install': False, 'test_result_base': None}
[0.330s] Level 5:colcon.colcon_core.verb:set package 'go2_refs' build argument 'cmake_args' from command line to 'None'
[0.331s] Level 5:colcon.colcon_core.verb:set package 'go2_refs' build argument 'cmake_target' from command line to 'None'
[0.331s] Level 5:colcon.colcon_core.verb:set package 'go2_refs' build argument 'cmake_target_skip_unavailable' from command line to 'False'
[0.331s] Level 5:colcon.colcon_core.verb:set package 'go2_refs' build argument 'cmake_clean_cache' from command line to 'False'
[0.331s] Level 5:colcon.colcon_core.verb:set package 'go2_refs' build argument 'cmake_clean_first' from command line to 'False'
[0.331s] Level 5:colcon.colcon_core.verb:set package 'go2_refs' build argument 'cmake_force_configure' from command line to 'False'
[0.331s] Level 5:colcon.colcon_core.verb:set package 'go2_refs' build argument 'ament_cmake_args' from command line to 'None'
[0.331s] Level 5:colcon.colcon_core.verb:set package 'go2_refs' build argument 'catkin_cmake_args' from command line to 'None'
[0.331s] Level 5:colcon.colcon_core.verb:set package 'go2_refs' build argument 'catkin_skip_building_tests' from command line to 'False'
[0.331s] DEBUG:colcon.colcon_core.verb:Building package 'go2_refs' with the following arguments: {'ament_cmake_args': None, 'build_base': '/home/samsung/go2_ws/src/go2_simulation/build/go2_refs', 'catkin_cmake_args': None, 'catkin_skip_building_tests': False, 'cmake_args': None, 'cmake_clean_cache': False, 'cmake_clean_first': False, 'cmake_force_configure': False, 'cmake_target': None, 'cmake_target_skip_unavailable': False, 'install_base': '/home/samsung/go2_ws/src/go2_simulation/install/go2_refs', 'merge_install': False, 'path': '/home/samsung/go2_ws/src/go2_simulation/go2_refs', 'symlink_install': False, 'test_result_base': None}
[0.331s] Level 5:colcon.colcon_core.verb:set package 'go2_remap' build argument 'cmake_args' from command line to 'None'
[0.331s] Level 5:colcon.colcon_core.verb:set package 'go2_remap' build argument 'cmake_target' from command line to 'None'
[0.331s] Level 5:colcon.colcon_core.verb:set package 'go2_remap' build argument 'cmake_target_skip_unavailable' from command line to 'False'
[0.331s] Level 5:colcon.colcon_core.verb:set package 'go2_remap' build argument 'cmake_clean_cache' from command line to 'False'
[0.331s] Level 5:colcon.colcon_core.verb:set package 'go2_remap' build argument 'cmake_clean_first' from command line to 'False'
[0.331s] Level 5:colcon.colcon_core.verb:set package 'go2_remap' build argument 'cmake_force_configure' from command line to 'False'
[0.331s] Level 5:colcon.colcon_core.verb:set package 'go2_remap' build argument 'ament_cmake_args' from command line to 'None'
[0.331s] Level 5:colcon.colcon_core.verb:set package 'go2_remap' build argument 'catkin_cmake_args' from command line to 'None'
[0.331s] Level 5:colcon.colcon_core.verb:set package 'go2_remap' build argument 'catkin_skip_building_tests' from command line to 'False'
[0.331s] DEBUG:colcon.colcon_core.verb:Building package 'go2_remap' with the following arguments: {'ament_cmake_args': None, 'build_base': '/home/samsung/go2_ws/src/go2_simulation/build/go2_remap', 'catkin_cmake_args': None, 'catkin_skip_building_tests': False, 'cmake_args': None, 'cmake_clean_cache': False, 'cmake_clean_first': False, 'cmake_force_configure': False, 'cmake_target': None, 'cmake_target_skip_unavailable': False, 'install_base': '/home/samsung/go2_ws/src/go2_simulation/install/go2_remap', 'merge_install': False, 'path': '/home/samsung/go2_ws/src/go2_simulation/go2_remap', 'symlink_install': False, 'test_result_base': None}
[0.331s] Level 5:colcon.colcon_core.verb:set package 'imu_to_odom' build argument 'cmake_args' from command line to 'None'
[0.332s] Level 5:colcon.colcon_core.verb:set package 'imu_to_odom' build argument 'cmake_target' from command line to 'None'
[0.332s] Level 5:colcon.colcon_core.verb:set package 'imu_to_odom' build argument 'cmake_target_skip_unavailable' from command line to 'False'
[0.332s] Level 5:colcon.colcon_core.verb:set package 'imu_to_odom' build argument 'cmake_clean_cache' from command line to 'False'
[0.332s] Level 5:colcon.colcon_core.verb:set package 'imu_to_odom' build argument 'cmake_clean_first' from command line to 'False'
[0.332s] Level 5:colcon.colcon_core.verb:set package 'imu_to_odom' build argument 'cmake_force_configure' from command line to 'False'
[0.332s] Level 5:colcon.colcon_core.verb:set package 'imu_to_odom' build argument 'ament_cmake_args' from command line to 'None'
[0.332s] Level 5:colcon.colcon_core.verb:set package 'imu_to_odom' build argument 'catkin_cmake_args' from command line to 'None'
[0.332s] Level 5:colcon.colcon_core.verb:set package 'imu_to_odom' build argument 'catkin_skip_building_tests' from command line to 'False'
[0.332s] DEBUG:colcon.colcon_core.verb:Building package 'imu_to_odom' with the following arguments: {'ament_cmake_args': None, 'build_base': '/home/samsung/go2_ws/src/go2_simulation/build/imu_to_odom', 'catkin_cmake_args': None, 'catkin_skip_building_tests': False, 'cmake_args': None, 'cmake_clean_cache': False, 'cmake_clean_first': False, 'cmake_force_configure': False, 'cmake_target': None, 'cmake_target_skip_unavailable': False, 'install_base': '/home/samsung/go2_ws/src/go2_simulation/install/imu_to_odom', 'merge_install': False, 'path': '/home/samsung/go2_ws/src/go2_simulation/imu_to_odom', 'symlink_install': False, 'test_result_base': None}
[0.332s] Level 5:colcon.colcon_core.verb:set package 'go2_gzsim' build argument 'cmake_args' from command line to 'None'
[0.332s] Level 5:colcon.colcon_core.verb:set package 'go2_gzsim' build argument 'cmake_target' from command line to 'None'
[0.332s] Level 5:colcon.colcon_core.verb:set package 'go2_gzsim' build argument 'cmake_target_skip_unavailable' from command line to 'False'
[0.332s] Level 5:colcon.colcon_core.verb:set package 'go2_gzsim' build argument 'cmake_clean_cache' from command line to 'False'
[0.332s] Level 5:colcon.colcon_core.verb:set package 'go2_gzsim' build argument 'cmake_clean_first' from command line to 'False'
[0.332s] Level 5:colcon.colcon_core.verb:set package 'go2_gzsim' build argument 'cmake_force_configure' from command line to 'False'
[0.332s] Level 5:colcon.colcon_core.verb:set package 'go2_gzsim' build argument 'ament_cmake_args' from command line to 'None'
[0.332s] Level 5:colcon.colcon_core.verb:set package 'go2_gzsim' build argument 'catkin_cmake_args' from command line to 'None'
[0.332s] Level 5:colcon.colcon_core.verb:set package 'go2_gzsim' build argument 'catkin_skip_building_tests' from command line to 'False'
[0.332s] DEBUG:colcon.colcon_core.verb:Building package 'go2_gzsim' with the following arguments: {'ament_cmake_args': None, 'build_base': '/home/samsung/go2_ws/src/go2_simulation/build/go2_gzsim', 'catkin_cmake_args': None, 'catkin_skip_building_tests': False, 'cmake_args': None, 'cmake_clean_cache': False, 'cmake_clean_first': False, 'cmake_force_configure': False, 'cmake_target': None, 'cmake_target_skip_unavailable': False, 'install_base': '/home/samsung/go2_ws/src/go2_simulation/install/go2_gzsim', 'merge_install': False, 'path': '/home/samsung/go2_ws/src/go2_simulation/go2_gzsim', 'symlink_install': False, 'test_result_base': None}
[0.332s] Level 5:colcon.colcon_core.verb:set package 'go2_real' build argument 'cmake_args' from command line to 'None'
[0.333s] Level 5:colcon.colcon_core.verb:set package 'go2_real' build argument 'cmake_target' from command line to 'None'
[0.333s] Level 5:colcon.colcon_core.verb:set package 'go2_real' build argument 'cmake_target_skip_unavailable' from command line to 'False'
[0.333s] Level 5:colcon.colcon_core.verb:set package 'go2_real' build argument 'cmake_clean_cache' from command line to 'False'
[0.333s] Level 5:colcon.colcon_core.verb:set package 'go2_real' build argument 'cmake_clean_first' from command line to 'False'
[0.333s] Level 5:colcon.colcon_core.verb:set package 'go2_real' build argument 'cmake_force_configure' from command line to 'False'
[0.333s] Level 5:colcon.colcon_core.verb:set package 'go2_real' build argument 'ament_cmake_args' from command line to 'None'
[0.333s] Level 5:colcon.colcon_core.verb:set package 'go2_real' build argument 'catkin_cmake_args' from command line to 'None'
[0.333s] Level 5:colcon.colcon_core.verb:set package 'go2_real' build argument 'catkin_skip_building_tests' from command line to 'False'
[0.333s] DEBUG:colcon.colcon_core.verb:Building package 'go2_real' with the following arguments: {'ament_cmake_args': None, 'build_base': '/home/samsung/go2_ws/src/go2_simulation/build/go2_real', 'catkin_cmake_args': None, 'catkin_skip_building_tests': False, 'cmake_args': None, 'cmake_clean_cache': False, 'cmake_clean_first': False, 'cmake_force_configure': False, 'cmake_target': None, 'cmake_target_skip_unavailable': False, 'install_base': '/home/samsung/go2_ws/src/go2_simulation/install/go2_real', 'merge_install': False, 'path': '/home/samsung/go2_ws/src/go2_simulation/go2_real', 'symlink_install': False, 'test_result_base': None}
[0.333s] INFO:colcon.colcon_core.executor:Executing jobs using 'parallel' executor
[0.334s] DEBUG:colcon.colcon_parallel_executor.executor.parallel:run_until_complete
[0.334s] INFO:colcon.colcon_ros.task.ament_cmake.build:Building ROS package in '/home/samsung/go2_ws/src/go2_simulation/unitree_go' with build type 'ament_cmake'
[0.334s] INFO:colcon.colcon_cmake.task.cmake.build:Building CMake package in '/home/samsung/go2_ws/src/go2_simulation/unitree_go'
[0.338s] INFO:colcon.colcon_core.plugin_system:Skipping extension 'colcon_core.shell.bat': Not used on non-Windows systems
[0.338s] INFO:colcon.colcon_core.shell:Skip shell extension 'powershell' for command environment: Not usable outside of PowerShell
[0.338s] DEBUG:colcon.colcon_core.shell:Skip shell extension 'dsv' for command environment
[0.344s] INFO:colcon.colcon_ros.task.ament_cmake.build:Building ROS package in '/home/samsung/go2_ws/src/go2_simulation/go2_description' with build type 'ament_cmake'
[0.345s] INFO:colcon.colcon_cmake.task.cmake.build:Building CMake package in '/home/samsung/go2_ws/src/go2_simulation/go2_description'
[0.345s] INFO:colcon.colcon_core.shell:Skip shell extension 'powershell' for command environment: Not usable outside of PowerShell
[0.345s] DEBUG:colcon.colcon_core.shell:Skip shell extension 'dsv' for command environment
[0.350s] INFO:colcon.colcon_ros.task.ament_cmake.build:Building ROS package in '/home/samsung/go2_ws/src/go2_simulation/go2_interfaces' with build type 'ament_cmake'
[0.350s] INFO:colcon.colcon_cmake.task.cmake.build:Building CMake package in '/home/samsung/go2_ws/src/go2_simulation/go2_interfaces'
[0.351s] INFO:colcon.colcon_core.shell:Skip shell extension 'powershell' for command environment: Not usable outside of PowerShell
[0.351s] DEBUG:colcon.colcon_core.shell:Skip shell extension 'dsv' for command environment
[0.356s] INFO:colcon.colcon_ros.task.ament_cmake.build:Building ROS package in '/home/samsung/go2_ws/src/go2_simulation/go2_rgc' with build type 'ament_cmake'
[0.356s] INFO:colcon.colcon_cmake.task.cmake.build:Building CMake package in '/home/samsung/go2_ws/src/go2_simulation/go2_rgc'
[0.357s] INFO:colcon.colcon_core.shell:Skip shell extension 'powershell' for command environment: Not usable outside of PowerShell
[0.357s] DEBUG:colcon.colcon_core.shell:Skip shell extension 'dsv' for command environment
[0.369s] DEBUG:colcon.colcon_core.event_handler.log_command:Invoking command in '/home/samsung/go2_ws/src/go2_simulation/build/unitree_go': CMAKE_PREFIX_PATH=${CMAKE_PREFIX_PATH}:/opt/ros/jazzy DEBUGINFOD_URLS=https://debuginfod.ubuntu.com /usr/bin/cmake /home/samsung/go2_ws/src/go2_simulation/unitree_go -DCMAKE_INSTALL_PREFIX=/home/samsung/go2_ws/src/go2_simulation/install/unitree_go
[0.373s] DEBUG:colcon.colcon_core.event_handler.log_command:Invoking command in '/home/samsung/go2_ws/src/go2_simulation/build/go2_description': CMAKE_PREFIX_PATH=${CMAKE_PREFIX_PATH}:/opt/ros/jazzy DEBUGINFOD_URLS=https://debuginfod.ubuntu.com /usr/bin/cmake /home/samsung/go2_ws/src/go2_simulation/go2_description -DCMAKE_INSTALL_PREFIX=/home/samsung/go2_ws/src/go2_simulation/install/go2_description
[0.378s] DEBUG:colcon.colcon_core.event_handler.log_command:Invoking command in '/home/samsung/go2_ws/src/go2_simulation/build/go2_interfaces': CMAKE_PREFIX_PATH=${CMAKE_PREFIX_PATH}:/opt/ros/jazzy DEBUGINFOD_URLS=https://debuginfod.ubuntu.com /usr/bin/cmake /home/samsung/go2_ws/src/go2_simulation/go2_interfaces -DCMAKE_INSTALL_PREFIX=/home/samsung/go2_ws/src/go2_simulation/install/go2_interfaces
[0.386s] DEBUG:colcon.colcon_core.event_handler.log_command:Invoking command in '/home/samsung/go2_ws/src/go2_simulation/build/go2_rgc': CMAKE_PREFIX_PATH=${CMAKE_PREFIX_PATH}:/opt/ros/jazzy DEBUGINFOD_URLS=https://debuginfod.ubuntu.com /usr/bin/cmake /home/samsung/go2_ws/src/go2_simulation/go2_rgc -DCMAKE_INSTALL_PREFIX=/home/samsung/go2_ws/src/go2_simulation/install/go2_rgc
[2.077s] DEBUG:colcon.colcon_core.event_handler.log_command:Invoked command in '/home/samsung/go2_ws/src/go2_simulation/build/go2_description' returned '0': CMAKE_PREFIX_PATH=${CMAKE_PREFIX_PATH}:/opt/ros/jazzy DEBUGINFOD_URLS=https://debuginfod.ubuntu.com /usr/bin/cmake /home/samsung/go2_ws/src/go2_simulation/go2_description -DCMAKE_INSTALL_PREFIX=/home/samsung/go2_ws/src/go2_simulation/install/go2_description
[2.079s] DEBUG:colcon.colcon_core.event_handler.log_command:Invoking command in '/home/samsung/go2_ws/src/go2_simulation/build/go2_description': CMAKE_PREFIX_PATH=${CMAKE_PREFIX_PATH}:/opt/ros/jazzy DEBUGINFOD_URLS=https://debuginfod.ubuntu.com /usr/bin/cmake --build /home/samsung/go2_ws/src/go2_simulation/build/go2_description -- -j8 -l8
[2.147s] DEBUG:colcon.colcon_core.event_handler.log_command:Invoked command in '/home/samsung/go2_ws/src/go2_simulation/build/go2_description' returned '0': CMAKE_PREFIX_PATH=${CMAKE_PREFIX_PATH}:/opt/ros/jazzy DEBUGINFOD_URLS=https://debuginfod.ubuntu.com /usr/bin/cmake --build /home/samsung/go2_ws/src/go2_simulation/build/go2_description -- -j8 -l8
[2.163s] DEBUG:colcon.colcon_core.event_handler.log_command:Invoking command in '/home/samsung/go2_ws/src/go2_simulation/build/go2_description': CMAKE_PREFIX_PATH=${CMAKE_PREFIX_PATH}:/opt/ros/jazzy DEBUGINFOD_URLS=https://debuginfod.ubuntu.com /usr/bin/cmake --install /home/samsung/go2_ws/src/go2_simulation/build/go2_description
[2.250s] Level 1:colcon.colcon_core.environment:create_environment_scripts_only(go2_description)
[2.251s] DEBUG:colcon.colcon_core.event_handler.log_command:Invoked command in '/home/samsung/go2_ws/src/go2_simulation/build/go2_description' returned '0': CMAKE_PREFIX_PATH=${CMAKE_PREFIX_PATH}:/opt/ros/jazzy DEBUGINFOD_URLS=https://debuginfod.ubuntu.com /usr/bin/cmake --install /home/samsung/go2_ws/src/go2_simulation/build/go2_description
[2.254s] Level 1:colcon.colcon_core.environment:checking '/home/samsung/go2_ws/src/go2_simulation/install/go2_description' for CMake module files
[2.255s] Level 1:colcon.colcon_core.environment:checking '/home/samsung/go2_ws/src/go2_simulation/install/go2_description' for CMake config files
[2.255s] Level 1:colcon.colcon_core.shell:create_environment_hook('go2_description', 'cmake_prefix_path')
[2.256s] INFO:colcon.colcon_core.shell:Creating environment hook '/home/samsung/go2_ws/src/go2_simulation/install/go2_description/share/go2_description/hook/cmake_prefix_path.ps1'
[2.257s] INFO:colcon.colcon_core.shell:Creating environment descriptor '/home/samsung/go2_ws/src/go2_simulation/install/go2_description/share/go2_description/hook/cmake_prefix_path.dsv'
[2.258s] INFO:colcon.colcon_core.shell:Creating environment hook '/home/samsung/go2_ws/src/go2_simulation/install/go2_description/share/go2_description/hook/cmake_prefix_path.sh'
[2.259s] Level 1:colcon.colcon_core.environment:checking '/home/samsung/go2_ws/src/go2_simulation/install/go2_description/bin'
[2.259s] Level 1:colcon.colcon_core.environment:checking '/home/samsung/go2_ws/src/go2_simulation/install/go2_description/lib/pkgconfig/go2_description.pc'
[2.260s] Level 1:colcon.colcon_core.environment:checking '/home/samsung/go2_ws/src/go2_simulation/install/go2_description/lib/python3.12/site-packages'
[2.260s] Level 1:colcon.colcon_core.environment:checking '/home/samsung/go2_ws/src/go2_simulation/install/go2_description/bin'
[2.261s] INFO:colcon.colcon_core.shell:Creating package script '/home/samsung/go2_ws/src/go2_simulation/install/go2_description/share/go2_description/package.ps1'
[2.262s] INFO:colcon.colcon_core.shell:Creating package descriptor '/home/samsung/go2_ws/src/go2_simulation/install/go2_description/share/go2_description/package.dsv'
[2.263s] INFO:colcon.colcon_core.shell:Creating package script '/home/samsung/go2_ws/src/go2_simulation/install/go2_description/share/go2_description/package.sh'
[2.264s] INFO:colcon.colcon_core.shell:Creating package script '/home/samsung/go2_ws/src/go2_simulation/install/go2_description/share/go2_description/package.bash'
[2.265s] INFO:colcon.colcon_core.shell:Creating package script '/home/samsung/go2_ws/src/go2_simulation/install/go2_description/share/go2_description/package.zsh'
[2.266s] Level 1:colcon.colcon_core.environment:create_file_with_runtime_dependencies(/home/samsung/go2_ws/src/go2_simulation/install/go2_description/share/colcon-core/packages/go2_description)
[2.267s] Level 1:colcon.colcon_core.environment:create_environment_scripts_only(go2_description)
[2.267s] Level 1:colcon.colcon_core.environment:checking '/home/samsung/go2_ws/src/go2_simulation/install/go2_description' for CMake module files
[2.269s] Level 1:colcon.colcon_core.environment:checking '/home/samsung/go2_ws/src/go2_simulation/install/go2_description' for CMake config files
[2.269s] Level 1:colcon.colcon_core.shell:create_environment_hook('go2_description', 'cmake_prefix_path')
[2.269s] INFO:colcon.colcon_core.shell:Creating environment hook '/home/samsung/go2_ws/src/go2_simulation/install/go2_description/share/go2_description/hook/cmake_prefix_path.ps1'
[2.270s] INFO:colcon.colcon_core.shell:Creating environment descriptor '/home/samsung/go2_ws/src/go2_simulation/install/go2_description/share/go2_description/hook/cmake_prefix_path.dsv'
[2.271s] INFO:colcon.colcon_core.shell:Creating environment hook '/home/samsung/go2_ws/src/go2_simulation/install/go2_description/share/go2_description/hook/cmake_prefix_path.sh'
[2.272s] Level 1:colcon.colcon_core.environment:checking '/home/samsung/go2_ws/src/go2_simulation/install/go2_description/bin'
[2.272s] Level 1:colcon.colcon_core.environment:checking '/home/samsung/go2_ws/src/go2_simulation/install/go2_description/lib/pkgconfig/go2_description.pc'
[2.273s] Level 1:colcon.colcon_core.environment:checking '/home/samsung/go2_ws/src/go2_simulation/install/go2_description/lib/python3.12/site-packages'
[2.274s] Level 1:colcon.colcon_core.environment:checking '/home/samsung/go2_ws/src/go2_simulation/install/go2_description/bin'
[2.274s] INFO:colcon.colcon_core.shell:Creating package script '/home/samsung/go2_ws/src/go2_simulation/install/go2_description/share/go2_description/package.ps1'
[2.276s] INFO:colcon.colcon_core.shell:Creating package descriptor '/home/samsung/go2_ws/src/go2_simulation/install/go2_description/share/go2_description/package.dsv'
[2.277s] INFO:colcon.colcon_core.shell:Creating package script '/home/samsung/go2_ws/src/go2_simulation/install/go2_description/share/go2_description/package.sh'
[2.278s] INFO:colcon.colcon_core.shell:Creating package script '/home/samsung/go2_ws/src/go2_simulation/install/go2_description/share/go2_description/package.bash'
[2.279s] INFO:colcon.colcon_core.shell:Creating package script '/home/samsung/go2_ws/src/go2_simulation/install/go2_description/share/go2_description/package.zsh'
[2.279s] Level 1:colcon.colcon_core.environment:create_file_with_runtime_dependencies(/home/samsung/go2_ws/src/go2_simulation/install/go2_description/share/colcon-core/packages/go2_description)
[7.018s] DEBUG:colcon.colcon_core.event_handler.log_command:Invoked command in '/home/samsung/go2_ws/src/go2_simulation/build/go2_interfaces' returned '0': CMAKE_PREFIX_PATH=${CMAKE_PREFIX_PATH}:/opt/ros/jazzy DEBUGINFOD_URLS=https://debuginfod.ubuntu.com /usr/bin/cmake /home/samsung/go2_ws/src/go2_simulation/go2_interfaces -DCMAKE_INSTALL_PREFIX=/home/samsung/go2_ws/src/go2_simulation/install/go2_interfaces
[7.018s] DEBUG:colcon.colcon_core.event_handler.log_command:Invoking command in '/home/samsung/go2_ws/src/go2_simulation/build/go2_interfaces': CMAKE_PREFIX_PATH=${CMAKE_PREFIX_PATH}:/opt/ros/jazzy DEBUGINFOD_URLS=https://debuginfod.ubuntu.com /usr/bin/cmake --build /home/samsung/go2_ws/src/go2_simulation/build/go2_interfaces -- -j8 -l8
[7.321s] DEBUG:colcon.colcon_core.event_handler.log_command:Invoked command in '/home/samsung/go2_ws/src/go2_simulation/build/go2_rgc' returned '0': CMAKE_PREFIX_PATH=${CMAKE_PREFIX_PATH}:/opt/ros/jazzy DEBUGINFOD_URLS=https://debuginfod.ubuntu.com /usr/bin/cmake /home/samsung/go2_ws/src/go2_simulation/go2_rgc -DCMAKE_INSTALL_PREFIX=/home/samsung/go2_ws/src/go2_simulation/install/go2_rgc
[7.323s] DEBUG:colcon.colcon_core.event_handler.log_command:Invoking command in '/home/samsung/go2_ws/src/go2_simulation/build/go2_rgc': CMAKE_PREFIX_PATH=${CMAKE_PREFIX_PATH}:/opt/ros/jazzy DEBUGINFOD_URLS=https://debuginfod.ubuntu.com /usr/bin/cmake --build /home/samsung/go2_ws/src/go2_simulation/build/go2_rgc -- -j8 -l8
[7.675s] DEBUG:colcon.colcon_core.event_handler.log_command:Invoked command in '/home/samsung/go2_ws/src/go2_simulation/build/unitree_go' returned '0': CMAKE_PREFIX_PATH=${CMAKE_PREFIX_PATH}:/opt/ros/jazzy DEBUGINFOD_URLS=https://debuginfod.ubuntu.com /usr/bin/cmake /home/samsung/go2_ws/src/go2_simulation/unitree_go -DCMAKE_INSTALL_PREFIX=/home/samsung/go2_ws/src/go2_simulation/install/unitree_go
[7.677s] DEBUG:colcon.colcon_core.event_handler.log_command:Invoking command in '/home/samsung/go2_ws/src/go2_simulation/build/unitree_go': CMAKE_PREFIX_PATH=${CMAKE_PREFIX_PATH}:/opt/ros/jazzy DEBUGINFOD_URLS=https://debuginfod.ubuntu.com /usr/bin/cmake --build /home/samsung/go2_ws/src/go2_simulation/build/unitree_go -- -j8 -l8
[71.815s] DEBUG:colcon.colcon_core.event_handler.log_command:Invoked command in '/home/samsung/go2_ws/src/go2_simulation/build/go2_interfaces' returned '0': CMAKE_PREFIX_PATH=${CMAKE_PREFIX_PATH}:/opt/ros/jazzy DEBUGINFOD_URLS=https://debuginfod.ubuntu.com /usr/bin/cmake --build /home/samsung/go2_ws/src/go2_simulation/build/go2_interfaces -- -j8 -l8
[71.817s] DEBUG:colcon.colcon_core.event_handler.log_command:Invoking command in '/home/samsung/go2_ws/src/go2_simulation/build/go2_interfaces': CMAKE_PREFIX_PATH=${CMAKE_PREFIX_PATH}:/opt/ros/jazzy DEBUGINFOD_URLS=https://debuginfod.ubuntu.com /usr/bin/cmake --install /home/samsung/go2_ws/src/go2_simulation/build/go2_interfaces
[72.231s] Level 1:colcon.colcon_core.environment:create_environment_scripts_only(go2_interfaces)
[72.232s] DEBUG:colcon.colcon_core.event_handler.log_command:Invoked command in '/home/samsung/go2_ws/src/go2_simulation/build/go2_interfaces' returned '0': CMAKE_PREFIX_PATH=${CMAKE_PREFIX_PATH}:/opt/ros/jazzy DEBUGINFOD_URLS=https://debuginfod.ubuntu.com /usr/bin/cmake --install /home/samsung/go2_ws/src/go2_simulation/build/go2_interfaces
[72.232s] Level 1:colcon.colcon_core.environment:checking '/home/samsung/go2_ws/src/go2_simulation/install/go2_interfaces' for CMake module files
[72.233s] Level 1:colcon.colcon_core.environment:checking '/home/samsung/go2_ws/src/go2_simulation/install/go2_interfaces' for CMake config files
[72.235s] Level 1:colcon.colcon_core.shell:create_environment_hook('go2_interfaces', 'cmake_prefix_path')
[72.235s] INFO:colcon.colcon_core.shell:Creating environment hook '/home/samsung/go2_ws/src/go2_simulation/install/go2_interfaces/share/go2_interfaces/hook/cmake_prefix_path.ps1'
[72.236s] INFO:colcon.colcon_core.shell:Creating environment descriptor '/home/samsung/go2_ws/src/go2_simulation/install/go2_interfaces/share/go2_interfaces/hook/cmake_prefix_path.dsv'
[72.236s] INFO:colcon.colcon_core.shell:Creating environment hook '/home/samsung/go2_ws/src/go2_simulation/install/go2_interfaces/share/go2_interfaces/hook/cmake_prefix_path.sh'
[72.237s] Level 1:colcon.colcon_core.environment:checking '/home/samsung/go2_ws/src/go2_simulation/install/go2_interfaces/lib'
[72.238s] Level 1:colcon.colcon_core.shell:create_environment_hook('go2_interfaces', 'ld_library_path_lib')
[72.238s] INFO:colcon.colcon_core.shell:Creating environment hook '/home/samsung/go2_ws/src/go2_simulation/install/go2_interfaces/share/go2_interfaces/hook/ld_library_path_lib.ps1'
[72.238s] INFO:colcon.colcon_core.shell:Creating environment descriptor '/home/samsung/go2_ws/src/go2_simulation/install/go2_interfaces/share/go2_interfaces/hook/ld_library_path_lib.dsv'
[72.239s] INFO:colcon.colcon_core.shell:Creating environment hook '/home/samsung/go2_ws/src/go2_simulation/install/go2_interfaces/share/go2_interfaces/hook/ld_library_path_lib.sh'
[72.240s] Level 1:colcon.colcon_core.environment:checking '/home/samsung/go2_ws/src/go2_simulation/install/go2_interfaces/bin'
[72.240s] Level 1:colcon.colcon_core.environment:checking '/home/samsung/go2_ws/src/go2_simulation/install/go2_interfaces/lib/pkgconfig/go2_interfaces.pc'
[72.240s] Level 1:colcon.colcon_core.environment:checking '/home/samsung/go2_ws/src/go2_simulation/install/go2_interfaces/lib/python3.12/site-packages'
[72.240s] Level 1:colcon.colcon_core.shell:create_environment_hook('go2_interfaces', 'pythonpath')
[72.241s] INFO:colcon.colcon_core.shell:Creating environment hook '/home/samsung/go2_ws/src/go2_simulation/install/go2_interfaces/share/go2_interfaces/hook/pythonpath.ps1'
[72.241s] INFO:colcon.colcon_core.shell:Creating environment descriptor '/home/samsung/go2_ws/src/go2_simulation/install/go2_interfaces/share/go2_interfaces/hook/pythonpath.dsv'
[72.242s] INFO:colcon.colcon_core.shell:Creating environment hook '/home/samsung/go2_ws/src/go2_simulation/install/go2_interfaces/share/go2_interfaces/hook/pythonpath.sh'
[72.243s] Level 1:colcon.colcon_core.environment:checking '/home/samsung/go2_ws/src/go2_simulation/install/go2_interfaces/bin'
[72.243s] INFO:colcon.colcon_core.shell:Creating package script '/home/samsung/go2_ws/src/go2_simulation/install/go2_interfaces/share/go2_interfaces/package.ps1'
[72.244s] INFO:colcon.colcon_core.shell:Creating package descriptor '/home/samsung/go2_ws/src/go2_simulation/install/go2_interfaces/share/go2_interfaces/package.dsv'
[72.245s] INFO:colcon.colcon_core.shell:Creating package script '/home/samsung/go2_ws/src/go2_simulation/install/go2_interfaces/share/go2_interfaces/package.sh'
[72.246s] INFO:colcon.colcon_core.shell:Creating package script '/home/samsung/go2_ws/src/go2_simulation/install/go2_interfaces/share/go2_interfaces/package.bash'
[72.246s] INFO:colcon.colcon_core.shell:Creating package script '/home/samsung/go2_ws/src/go2_simulation/install/go2_interfaces/share/go2_interfaces/package.zsh'
[72.247s] Level 1:colcon.colcon_core.environment:create_file_with_runtime_dependencies(/home/samsung/go2_ws/src/go2_simulation/install/go2_interfaces/share/colcon-core/packages/go2_interfaces)
[72.248s] Level 1:colcon.colcon_core.environment:create_environment_scripts_only(go2_interfaces)
[72.248s] Level 1:colcon.colcon_core.environment:checking '/home/samsung/go2_ws/src/go2_simulation/install/go2_interfaces' for CMake module files
[72.249s] Level 1:colcon.colcon_core.environment:checking '/home/samsung/go2_ws/src/go2_simulation/install/go2_interfaces' for CMake config files
[72.250s] Level 1:colcon.colcon_core.shell:create_environment_hook('go2_interfaces', 'cmake_prefix_path')
[72.251s] INFO:colcon.colcon_core.shell:Creating environment hook '/home/samsung/go2_ws/src/go2_simulation/install/go2_interfaces/share/go2_interfaces/hook/cmake_prefix_path.ps1'
[72.251s] INFO:colcon.colcon_core.shell:Creating environment descriptor '/home/samsung/go2_ws/src/go2_simulation/install/go2_interfaces/share/go2_interfaces/hook/cmake_prefix_path.dsv'
[72.252s] INFO:colcon.colcon_core.shell:Creating environment hook '/home/samsung/go2_ws/src/go2_simulation/install/go2_interfaces/share/go2_interfaces/hook/cmake_prefix_path.sh'
[72.253s] Level 1:colcon.colcon_core.environment:checking '/home/samsung/go2_ws/src/go2_simulation/install/go2_interfaces/lib'
[72.253s] Level 1:colcon.colcon_core.shell:create_environment_hook('go2_interfaces', 'ld_library_path_lib')
[72.253s] INFO:colcon.colcon_core.shell:Creating environment hook '/home/samsung/go2_ws/src/go2_simulation/install/go2_interfaces/share/go2_interfaces/hook/ld_library_path_lib.ps1'
[72.254s] INFO:colcon.colcon_core.shell:Creating environment descriptor '/home/samsung/go2_ws/src/go2_simulation/install/go2_interfaces/share/go2_interfaces/hook/ld_library_path_lib.dsv'
[72.255s] INFO:colcon.colcon_core.shell:Creating environment hook '/home/samsung/go2_ws/src/go2_simulation/install/go2_interfaces/share/go2_interfaces/hook/ld_library_path_lib.sh'
[72.255s] Level 1:colcon.colcon_core.environment:checking '/home/samsung/go2_ws/src/go2_simulation/install/go2_interfaces/bin'
[72.255s] Level 1:colcon.colcon_core.environment:checking '/home/samsung/go2_ws/src/go2_simulation/install/go2_interfaces/lib/pkgconfig/go2_interfaces.pc'
[72.256s] Level 1:colcon.colcon_core.environment:checking '/home/samsung/go2_ws/src/go2_simulation/install/go2_interfaces/lib/python3.12/site-packages'
[72.256s] Level 1:colcon.colcon_core.shell:create_environment_hook('go2_interfaces', 'pythonpath')
[72.256s] INFO:colcon.colcon_core.shell:Creating environment hook '/home/samsung/go2_ws/src/go2_simulation/install/go2_interfaces/share/go2_interfaces/hook/pythonpath.ps1'
[72.257s] INFO:colcon.colcon_core.shell:Creating environment descriptor '/home/samsung/go2_ws/src/go2_simulation/install/go2_interfaces/share/go2_interfaces/hook/pythonpath.dsv'
[72.258s] INFO:colcon.colcon_core.shell:Creating environment hook '/home/samsung/go2_ws/src/go2_simulation/install/go2_interfaces/share/go2_interfaces/hook/pythonpath.sh'
[72.259s] Level 1:colcon.colcon_core.environment:checking '/home/samsung/go2_ws/src/go2_simulation/install/go2_interfaces/bin'
[72.259s] INFO:colcon.colcon_core.shell:Creating package script '/home/samsung/go2_ws/src/go2_simulation/install/go2_interfaces/share/go2_interfaces/package.ps1'
[72.260s] INFO:colcon.colcon_core.shell:Creating package descriptor '/home/samsung/go2_ws/src/go2_simulation/install/go2_interfaces/share/go2_interfaces/package.dsv'
[72.261s] INFO:colcon.colcon_core.shell:Creating package script '/home/samsung/go2_ws/src/go2_simulation/install/go2_interfaces/share/go2_interfaces/package.sh'
[72.262s] INFO:colcon.colcon_core.shell:Creating package script '/home/samsung/go2_ws/src/go2_simulation/install/go2_interfaces/share/go2_interfaces/package.bash'
[72.263s] INFO:colcon.colcon_core.shell:Creating package script '/home/samsung/go2_ws/src/go2_simulation/install/go2_interfaces/share/go2_interfaces/package.zsh'
[72.263s] Level 1:colcon.colcon_core.environment:create_file_with_runtime_dependencies(/home/samsung/go2_ws/src/go2_simulation/install/go2_interfaces/share/colcon-core/packages/go2_interfaces)
[75.274s] DEBUG:colcon.colcon_core.event_handler.log_command:Invoked command in '/home/samsung/go2_ws/src/go2_simulation/build/unitree_go' returned '0': CMAKE_PREFIX_PATH=${CMAKE_PREFIX_PATH}:/opt/ros/jazzy DEBUGINFOD_URLS=https://debuginfod.ubuntu.com /usr/bin/cmake --build /home/samsung/go2_ws/src/go2_simulation/build/unitree_go -- -j8 -l8
[75.276s] DEBUG:colcon.colcon_core.event_handler.log_command:Invoking command in '/home/samsung/go2_ws/src/go2_simulation/build/unitree_go': CMAKE_PREFIX_PATH=${CMAKE_PREFIX_PATH}:/opt/ros/jazzy DEBUGINFOD_URLS=https://debuginfod.ubuntu.com /usr/bin/cmake --install /home/samsung/go2_ws/src/go2_simulation/build/unitree_go
[75.635s] Level 1:colcon.colcon_core.environment:create_environment_scripts_only(unitree_go)
[75.635s] Level 1:colcon.colcon_core.environment:checking '/home/samsung/go2_ws/src/go2_simulation/install/unitree_go' for CMake module files
[75.636s] DEBUG:colcon.colcon_core.event_handler.log_command:Invoked command in '/home/samsung/go2_ws/src/go2_simulation/build/unitree_go' returned '0': CMAKE_PREFIX_PATH=${CMAKE_PREFIX_PATH}:/opt/ros/jazzy DEBUGINFOD_URLS=https://debuginfod.ubuntu.com /usr/bin/cmake --install /home/samsung/go2_ws/src/go2_simulation/build/unitree_go
[75.637s] Level 1:colcon.colcon_core.environment:checking '/home/samsung/go2_ws/src/go2_simulation/install/unitree_go' for CMake config files
[75.639s] Level 1:colcon.colcon_core.shell:create_environment_hook('unitree_go', 'cmake_prefix_path')
[75.639s] INFO:colcon.colcon_core.shell:Creating environment hook '/home/samsung/go2_ws/src/go2_simulation/install/unitree_go/share/unitree_go/hook/cmake_prefix_path.ps1'
[75.640s] INFO:colcon.colcon_core.shell:Creating environment descriptor '/home/samsung/go2_ws/src/go2_simulation/install/unitree_go/share/unitree_go/hook/cmake_prefix_path.dsv'
[75.640s] INFO:colcon.colcon_core.shell:Creating environment hook '/home/samsung/go2_ws/src/go2_simulation/install/unitree_go/share/unitree_go/hook/cmake_prefix_path.sh'
[75.641s] Level 1:colcon.colcon_core.environment:checking '/home/samsung/go2_ws/src/go2_simulation/install/unitree_go/lib'
[75.642s] Level 1:colcon.colcon_core.shell:create_environment_hook('unitree_go', 'ld_library_path_lib')
[75.642s] INFO:colcon.colcon_core.shell:Creating environment hook '/home/samsung/go2_ws/src/go2_simulation/install/unitree_go/share/unitree_go/hook/ld_library_path_lib.ps1'
[75.642s] INFO:colcon.colcon_core.shell:Creating environment descriptor '/home/samsung/go2_ws/src/go2_simulation/install/unitree_go/share/unitree_go/hook/ld_library_path_lib.dsv'
[75.643s] INFO:colcon.colcon_core.shell:Creating environment hook '/home/samsung/go2_ws/src/go2_simulation/install/unitree_go/share/unitree_go/hook/ld_library_path_lib.sh'
[75.644s] Level 1:colcon.colcon_core.environment:checking '/home/samsung/go2_ws/src/go2_simulation/install/unitree_go/bin'
[75.644s] Level 1:colcon.colcon_core.environment:checking '/home/samsung/go2_ws/src/go2_simulation/install/unitree_go/lib/pkgconfig/unitree_go.pc'
[75.644s] Level 1:colcon.colcon_core.environment:checking '/home/samsung/go2_ws/src/go2_simulation/install/unitree_go/lib/python3.12/site-packages'
[75.645s] Level 1:colcon.colcon_core.shell:create_environment_hook('unitree_go', 'pythonpath')
[75.645s] INFO:colcon.colcon_core.shell:Creating environment hook '/home/samsung/go2_ws/src/go2_simulation/install/unitree_go/share/unitree_go/hook/pythonpath.ps1'
[75.645s] INFO:colcon.colcon_core.shell:Creating environment descriptor '/home/samsung/go2_ws/src/go2_simulation/install/unitree_go/share/unitree_go/hook/pythonpath.dsv'
[75.646s] INFO:colcon.colcon_core.shell:Creating environment hook '/home/samsung/go2_ws/src/go2_simulation/install/unitree_go/share/unitree_go/hook/pythonpath.sh'
[75.647s] Level 1:colcon.colcon_core.environment:checking '/home/samsung/go2_ws/src/go2_simulation/install/unitree_go/bin'
[75.647s] INFO:colcon.colcon_core.shell:Creating package script '/home/samsung/go2_ws/src/go2_simulation/install/unitree_go/share/unitree_go/package.ps1'
[75.648s] INFO:colcon.colcon_core.shell:Creating package descriptor '/home/samsung/go2_ws/src/go2_simulation/install/unitree_go/share/unitree_go/package.dsv'
[75.649s] INFO:colcon.colcon_core.shell:Creating package script '/home/samsung/go2_ws/src/go2_simulation/install/unitree_go/share/unitree_go/package.sh'
[75.650s] INFO:colcon.colcon_core.shell:Creating package script '/home/samsung/go2_ws/src/go2_simulation/install/unitree_go/share/unitree_go/package.bash'
[75.650s] INFO:colcon.colcon_core.shell:Creating package script '/home/samsung/go2_ws/src/go2_simulation/install/unitree_go/share/unitree_go/package.zsh'
[75.651s] Level 1:colcon.colcon_core.environment:create_file_with_runtime_dependencies(/home/samsung/go2_ws/src/go2_simulation/install/unitree_go/share/colcon-core/packages/unitree_go)
[75.652s] Level 1:colcon.colcon_core.environment:create_environment_scripts_only(unitree_go)
[75.652s] Level 1:colcon.colcon_core.environment:checking '/home/samsung/go2_ws/src/go2_simulation/install/unitree_go' for CMake module files
[75.653s] Level 1:colcon.colcon_core.environment:checking '/home/samsung/go2_ws/src/go2_simulation/install/unitree_go' for CMake config files
[75.655s] Level 1:colcon.colcon_core.shell:create_environment_hook('unitree_go', 'cmake_prefix_path')
[75.655s] INFO:colcon.colcon_core.shell:Creating environment hook '/home/samsung/go2_ws/src/go2_simulation/install/unitree_go/share/unitree_go/hook/cmake_prefix_path.ps1'
[75.656s] INFO:colcon.colcon_core.shell:Creating environment descriptor '/home/samsung/go2_ws/src/go2_simulation/install/unitree_go/share/unitree_go/hook/cmake_prefix_path.dsv'
[75.657s] INFO:colcon.colcon_core.shell:Creating environment hook '/home/samsung/go2_ws/src/go2_simulation/install/unitree_go/share/unitree_go/hook/cmake_prefix_path.sh'
[75.658s] Level 1:colcon.colcon_core.environment:checking '/home/samsung/go2_ws/src/go2_simulation/install/unitree_go/lib'
[75.658s] Level 1:colcon.colcon_core.shell:create_environment_hook('unitree_go', 'ld_library_path_lib')
[75.658s] INFO:colcon.colcon_core.shell:Creating environment hook '/home/samsung/go2_ws/src/go2_simulation/install/unitree_go/share/unitree_go/hook/ld_library_path_lib.ps1'
[75.659s] INFO:colcon.colcon_core.shell:Creating environment descriptor '/home/samsung/go2_ws/src/go2_simulation/install/unitree_go/share/unitree_go/hook/ld_library_path_lib.dsv'
[75.659s] INFO:colcon.colcon_core.shell:Creating environment hook '/home/samsung/go2_ws/src/go2_simulation/install/unitree_go/share/unitree_go/hook/ld_library_path_lib.sh'
[75.660s] Level 1:colcon.colcon_core.environment:checking '/home/samsung/go2_ws/src/go2_simulation/install/unitree_go/bin'
[75.660s] Level 1:colcon.colcon_core.environment:checking '/home/samsung/go2_ws/src/go2_simulation/install/unitree_go/lib/pkgconfig/unitree_go.pc'
[75.661s] Level 1:colcon.colcon_core.environment:checking '/home/samsung/go2_ws/src/go2_simulation/install/unitree_go/lib/python3.12/site-packages'
[75.661s] Level 1:colcon.colcon_core.shell:create_environment_hook('unitree_go', 'pythonpath')
[75.661s] INFO:colcon.colcon_core.shell:Creating environment hook '/home/samsung/go2_ws/src/go2_simulation/install/unitree_go/share/unitree_go/hook/pythonpath.ps1'
[75.662s] INFO:colcon.colcon_core.shell:Creating environment descriptor '/home/samsung/go2_ws/src/go2_simulation/install/unitree_go/share/unitree_go/hook/pythonpath.dsv'
[75.662s] INFO:colcon.colcon_core.shell:Creating environment hook '/home/samsung/go2_ws/src/go2_simulation/install/unitree_go/share/unitree_go/hook/pythonpath.sh'
[75.663s] Level 1:colcon.colcon_core.environment:checking '/home/samsung/go2_ws/src/go2_simulation/install/unitree_go/bin'
[75.664s] INFO:colcon.colcon_core.shell:Creating package script '/home/samsung/go2_ws/src/go2_simulation/install/unitree_go/share/unitree_go/package.ps1'
[75.665s] INFO:colcon.colcon_core.shell:Creating package descriptor '/home/samsung/go2_ws/src/go2_simulation/install/unitree_go/share/unitree_go/package.dsv'
[75.666s] INFO:colcon.colcon_core.shell:Creating package script '/home/samsung/go2_ws/src/go2_simulation/install/unitree_go/share/unitree_go/package.sh'
[75.667s] INFO:colcon.colcon_core.shell:Creating package script '/home/samsung/go2_ws/src/go2_simulation/install/unitree_go/share/unitree_go/package.bash'
[75.667s] INFO:colcon.colcon_core.shell:Creating package script '/home/samsung/go2_ws/src/go2_simulation/install/unitree_go/share/unitree_go/package.zsh'
[75.668s] Level 1:colcon.colcon_core.environment:create_file_with_runtime_dependencies(/home/samsung/go2_ws/src/go2_simulation/install/unitree_go/share/colcon-core/packages/unitree_go)
[75.669s] INFO:colcon.colcon_ros.task.ament_cmake.build:Building ROS package in '/home/samsung/go2_ws/src/go2_simulation/go2_remap' with build type 'ament_cmake'
[75.669s] INFO:colcon.colcon_cmake.task.cmake.build:Building CMake package in '/home/samsung/go2_ws/src/go2_simulation/go2_remap'
[75.669s] INFO:colcon.colcon_core.shell:Skip shell extension 'powershell' for command environment: Not usable outside of PowerShell
[75.669s] DEBUG:colcon.colcon_core.shell:Skip shell extension 'dsv' for command environment
[75.681s] INFO:colcon.colcon_ros.task.ament_cmake.build:Building ROS package in '/home/samsung/go2_ws/src/go2_simulation/go2_actuator' with build type 'ament_cmake'
[75.682s] INFO:colcon.colcon_cmake.task.cmake.build:Building CMake package in '/home/samsung/go2_ws/src/go2_simulation/go2_actuator'
[75.682s] INFO:colcon.colcon_core.shell:Skip shell extension 'powershell' for command environment: Not usable outside of PowerShell
[75.682s] DEBUG:colcon.colcon_core.shell:Skip shell extension 'dsv' for command environment
[75.694s] INFO:colcon.colcon_ros.task.ament_cmake.build:Building ROS package in '/home/samsung/go2_ws/src/go2_simulation/go2_ekf' with build type 'ament_cmake'
[75.694s] INFO:colcon.colcon_cmake.task.cmake.build:Building CMake package in '/home/samsung/go2_ws/src/go2_simulation/go2_ekf'
[75.695s] INFO:colcon.colcon_core.shell:Skip shell extension 'powershell' for command environment: Not usable outside of PowerShell
[75.695s] DEBUG:colcon.colcon_core.shell:Skip shell extension 'dsv' for command environment
[75.706s] INFO:colcon.colcon_ros.task.ament_cmake.build:Building ROS package in '/home/samsung/go2_ws/src/go2_simulation/go2_jointcontroller' with build type 'ament_cmake'
[75.706s] INFO:colcon.colcon_cmake.task.cmake.build:Building CMake package in '/home/samsung/go2_ws/src/go2_simulation/go2_jointcontroller'
[75.706s] INFO:colcon.colcon_core.shell:Skip shell extension 'powershell' for command environment: Not usable outside of PowerShell
[75.706s] DEBUG:colcon.colcon_core.shell:Skip shell extension 'dsv' for command environment
[75.717s] INFO:colcon.colcon_ros.task.ament_cmake.build:Building ROS package in '/home/samsung/go2_ws/src/go2_simulation/go2_lowstates' with build type 'ament_cmake'
[75.718s] INFO:colcon.colcon_cmake.task.cmake.build:Building CMake package in '/home/samsung/go2_ws/src/go2_simulation/go2_lowstates'
[75.718s] INFO:colcon.colcon_core.shell:Skip shell extension 'powershell' for command environment: Not usable outside of PowerShell
[75.718s] DEBUG:colcon.colcon_core.shell:Skip shell extension 'dsv' for command environment
[75.729s] INFO:colcon.colcon_ros.task.ament_cmake.build:Building ROS package in '/home/samsung/go2_ws/src/go2_simulation/go2_refs' with build type 'ament_cmake'
[75.730s] INFO:colcon.colcon_cmake.task.cmake.build:Building CMake package in '/home/samsung/go2_ws/src/go2_simulation/go2_refs'
[75.730s] INFO:colcon.colcon_core.shell:Skip shell extension 'powershell' for command environment: Not usable outside of PowerShell
[75.730s] DEBUG:colcon.colcon_core.shell:Skip shell extension 'dsv' for command environment
[75.740s] INFO:colcon.colcon_ros.task.ament_cmake.build:Building ROS package in '/home/samsung/go2_ws/src/go2_simulation/imu_to_odom' with build type 'ament_cmake'
[75.740s] INFO:colcon.colcon_cmake.task.cmake.build:Building CMake package in '/home/samsung/go2_ws/src/go2_simulation/imu_to_odom'
[75.741s] INFO:colcon.colcon_core.shell:Skip shell extension 'powershell' for command environment: Not usable outside of PowerShell
[75.741s] DEBUG:colcon.colcon_core.shell:Skip shell extension 'dsv' for command environment
[75.759s] DEBUG:colcon.colcon_core.event_handler.log_command:Invoking command in '/home/samsung/go2_ws/src/go2_simulation/build/go2_remap': AMENT_PREFIX_PATH=/home/samsung/go2_ws/src/go2_simulation/install/unitree_go:${AMENT_PREFIX_PATH} CMAKE_PREFIX_PATH=/home/samsung/go2_ws/src/go2_simulation/install/unitree_go:/home/samsung/go2_ws/install/imu_to_odom:/home/samsung/go2_ws/install/go2_real:/home/samsung/go2_ws/install/go2_gzsim:/home/samsung/go2_ws/install/go2_remap:/home/samsung/go2_ws/install/go2_refs:/home/samsung/go2_ws/install/go2_lowstates:/home/samsung/go2_ws/install/go2_jointcontroller:/home/samsung/go2_ws/install/go2_ekf:/home/samsung/go2_ws/install/go2_actuator:/home/samsung/go2_ws/install/unitree_go:/home/samsung/go2_ws/install/go2_rgc:/home/samsung/go2_ws/install/go2_interfaces:/home/samsung/go2_ws/install/go2_description:/opt/ros/jazzy/opt/gz_sim_vendor:/opt/ros/jazzy/opt/gz_sensors_vendor:/opt/ros/jazzy/opt/gz_physics_vendor:/opt/ros/jazzy/opt/sdformat_vendor:/opt/ros/jazzy/opt/gz_gui_vendor:/opt/ros/jazzy/opt/gz_transport_vendor:/opt/ros/jazzy/opt/gz_rendering_vendor:/opt/ros/jazzy/opt/gz_plugin_vendor:/opt/ros/jazzy/opt/gz_fuel_tools_vendor:/opt/ros/jazzy/opt/gz_msgs_vendor:/opt/ros/jazzy/opt/gz_common_vendor:/opt/ros/jazzy/opt/gz_math_vendor:/opt/ros/jazzy/opt/gz_utils_vendor:/opt/ros/jazzy/opt/gz_tools_vendor:/opt/ros/jazzy/opt/gz_ogre_next_vendor:/opt/ros/jazzy/opt/gz_dartsim_vendor:/opt/ros/jazzy/opt/gz_cmake_vendor:/opt/ros/jazzy DEBUGINFOD_URLS=https://debuginfod.ubuntu.com LD_LIBRARY_PATH=/home/samsung/go2_ws/src/go2_simulation/install/unitree_go/lib:${LD_LIBRARY_PATH} PYTHONPATH=/home/samsung/go2_ws/src/go2_simulation/install/unitree_go/lib/python3.12/site-packages:${PYTHONPATH} /usr/bin/cmake /home/samsung/go2_ws/src/go2_simulation/go2_remap -DCMAKE_INSTALL_PREFIX=/home/samsung/go2_ws/src/go2_simulation/install/go2_remap
[75.763s] DEBUG:colcon.colcon_core.event_handler.log_command:Invoking command in '/home/samsung/go2_ws/src/go2_simulation/build/go2_actuator': AMENT_PREFIX_PATH=/home/samsung/go2_ws/src/go2_simulation/install/unitree_go:${AMENT_PREFIX_PATH} CMAKE_PREFIX_PATH=/home/samsung/go2_ws/src/go2_simulation/install/unitree_go:/home/samsung/go2_ws/install/imu_to_odom:/home/samsung/go2_ws/install/go2_real:/home/samsung/go2_ws/install/go2_gzsim:/home/samsung/go2_ws/install/go2_remap:/home/samsung/go2_ws/install/go2_refs:/home/samsung/go2_ws/install/go2_lowstates:/home/samsung/go2_ws/install/go2_jointcontroller:/home/samsung/go2_ws/install/go2_ekf:/home/samsung/go2_ws/install/go2_actuator:/home/samsung/go2_ws/install/unitree_go:/home/samsung/go2_ws/install/go2_rgc:/home/samsung/go2_ws/install/go2_interfaces:/home/samsung/go2_ws/install/go2_description:/opt/ros/jazzy/opt/gz_sim_vendor:/opt/ros/jazzy/opt/gz_sensors_vendor:/opt/ros/jazzy/opt/gz_physics_vendor:/opt/ros/jazzy/opt/sdformat_vendor:/opt/ros/jazzy/opt/gz_gui_vendor:/opt/ros/jazzy/opt/gz_transport_vendor:/opt/ros/jazzy/opt/gz_rendering_vendor:/opt/ros/jazzy/opt/gz_plugin_vendor:/opt/ros/jazzy/opt/gz_fuel_tools_vendor:/opt/ros/jazzy/opt/gz_msgs_vendor:/opt/ros/jazzy/opt/gz_common_vendor:/opt/ros/jazzy/opt/gz_math_vendor:/opt/ros/jazzy/opt/gz_utils_vendor:/opt/ros/jazzy/opt/gz_tools_vendor:/opt/ros/jazzy/opt/gz_ogre_next_vendor:/opt/ros/jazzy/opt/gz_dartsim_vendor:/opt/ros/jazzy/opt/gz_cmake_vendor:/opt/ros/jazzy DEBUGINFOD_URLS=https://debuginfod.ubuntu.com LD_LIBRARY_PATH=/home/samsung/go2_ws/src/go2_simulation/install/unitree_go/lib:${LD_LIBRARY_PATH} PYTHONPATH=/home/samsung/go2_ws/src/go2_simulation/install/unitree_go/lib/python3.12/site-packages:${PYTHONPATH} /usr/bin/cmake /home/samsung/go2_ws/src/go2_simulation/go2_actuator -DCMAKE_INSTALL_PREFIX=/home/samsung/go2_ws/src/go2_simulation/install/go2_actuator
[75.768s] DEBUG:colcon.colcon_core.event_handler.log_command:Invoking command in '/home/samsung/go2_ws/src/go2_simulation/build/go2_ekf': AMENT_PREFIX_PATH=/home/samsung/go2_ws/src/go2_simulation/install/unitree_go:${AMENT_PREFIX_PATH} CMAKE_PREFIX_PATH=/home/samsung/go2_ws/src/go2_simulation/install/unitree_go:/home/samsung/go2_ws/install/imu_to_odom:/home/samsung/go2_ws/install/go2_real:/home/samsung/go2_ws/install/go2_gzsim:/home/samsung/go2_ws/install/go2_remap:/home/samsung/go2_ws/install/go2_refs:/home/samsung/go2_ws/install/go2_lowstates:/home/samsung/go2_ws/install/go2_jointcontroller:/home/samsung/go2_ws/install/go2_ekf:/home/samsung/go2_ws/install/go2_actuator:/home/samsung/go2_ws/install/unitree_go:/home/samsung/go2_ws/install/go2_rgc:/home/samsung/go2_ws/install/go2_interfaces:/home/samsung/go2_ws/install/go2_description:/opt/ros/jazzy/opt/gz_sim_vendor:/opt/ros/jazzy/opt/gz_sensors_vendor:/opt/ros/jazzy/opt/gz_physics_vendor:/opt/ros/jazzy/opt/sdformat_vendor:/opt/ros/jazzy/opt/gz_gui_vendor:/opt/ros/jazzy/opt/gz_transport_vendor:/opt/ros/jazzy/opt/gz_rendering_vendor:/opt/ros/jazzy/opt/gz_plugin_vendor:/opt/ros/jazzy/opt/gz_fuel_tools_vendor:/opt/ros/jazzy/opt/gz_msgs_vendor:/opt/ros/jazzy/opt/gz_common_vendor:/opt/ros/jazzy/opt/gz_math_vendor:/opt/ros/jazzy/opt/gz_utils_vendor:/opt/ros/jazzy/opt/gz_tools_vendor:/opt/ros/jazzy/opt/gz_ogre_next_vendor:/opt/ros/jazzy/opt/gz_dartsim_vendor:/opt/ros/jazzy/opt/gz_cmake_vendor:/opt/ros/jazzy DEBUGINFOD_URLS=https://debuginfod.ubuntu.com LD_LIBRARY_PATH=/home/samsung/go2_ws/src/go2_simulation/install/unitree_go/lib:${LD_LIBRARY_PATH} PYTHONPATH=/home/samsung/go2_ws/src/go2_simulation/install/unitree_go/lib/python3.12/site-packages:${PYTHONPATH} /usr/bin/cmake /home/samsung/go2_ws/src/go2_simulation/go2_ekf -DCMAKE_INSTALL_PREFIX=/home/samsung/go2_ws/src/go2_simulation/install/go2_ekf
[75.772s] DEBUG:colcon.colcon_core.event_handler.log_command:Invoking command in '/home/samsung/go2_ws/src/go2_simulation/build/go2_jointcontroller': AMENT_PREFIX_PATH=/home/samsung/go2_ws/src/go2_simulation/install/unitree_go:/home/samsung/go2_ws/src/go2_simulation/install/go2_interfaces:${AMENT_PREFIX_PATH} CMAKE_PREFIX_PATH=/home/samsung/go2_ws/src/go2_simulation/install/unitree_go:/home/samsung/go2_ws/src/go2_simulation/install/go2_interfaces:/home/samsung/go2_ws/install/imu_to_odom:/home/samsung/go2_ws/install/go2_real:/home/samsung/go2_ws/install/go2_gzsim:/home/samsung/go2_ws/install/go2_remap:/home/samsung/go2_ws/install/go2_refs:/home/samsung/go2_ws/install/go2_lowstates:/home/samsung/go2_ws/install/go2_jointcontroller:/home/samsung/go2_ws/install/go2_ekf:/home/samsung/go2_ws/install/go2_actuator:/home/samsung/go2_ws/install/unitree_go:/home/samsung/go2_ws/install/go2_rgc:/home/samsung/go2_ws/install/go2_interfaces:/home/samsung/go2_ws/install/go2_description:/opt/ros/jazzy/opt/gz_sim_vendor:/opt/ros/jazzy/opt/gz_sensors_vendor:/opt/ros/jazzy/opt/gz_physics_vendor:/opt/ros/jazzy/opt/sdformat_vendor:/opt/ros/jazzy/opt/gz_gui_vendor:/opt/ros/jazzy/opt/gz_transport_vendor:/opt/ros/jazzy/opt/gz_rendering_vendor:/opt/ros/jazzy/opt/gz_plugin_vendor:/opt/ros/jazzy/opt/gz_fuel_tools_vendor:/opt/ros/jazzy/opt/gz_msgs_vendor:/opt/ros/jazzy/opt/gz_common_vendor:/opt/ros/jazzy/opt/gz_math_vendor:/opt/ros/jazzy/opt/gz_utils_vendor:/opt/ros/jazzy/opt/gz_tools_vendor:/opt/ros/jazzy/opt/gz_ogre_next_vendor:/opt/ros/jazzy/opt/gz_dartsim_vendor:/opt/ros/jazzy/opt/gz_cmake_vendor:/opt/ros/jazzy DEBUGINFOD_URLS=https://debuginfod.ubuntu.com LD_LIBRARY_PATH=/home/samsung/go2_ws/src/go2_simulation/install/unitree_go/lib:/home/samsung/go2_ws/src/go2_simulation/install/go2_interfaces/lib:${LD_LIBRARY_PATH} PYTHONPATH=/home/samsung/go2_ws/src/go2_simulation/install/unitree_go/lib/python3.12/site-packages:/home/samsung/go2_ws/src/go2_simulation/install/go2_interfaces/lib/python3.12/site-packages:${PYTHONPATH} /usr/bin/cmake /home/samsung/go2_ws/src/go2_simulation/go2_jointcontroller -DCMAKE_INSTALL_PREFIX=/home/samsung/go2_ws/src/go2_simulation/install/go2_jointcontroller
[75.779s] DEBUG:colcon.colcon_core.event_handler.log_command:Invoking command in '/home/samsung/go2_ws/src/go2_simulation/build/go2_lowstates': AMENT_PREFIX_PATH=/home/samsung/go2_ws/src/go2_simulation/install/unitree_go:${AMENT_PREFIX_PATH} CMAKE_PREFIX_PATH=/home/samsung/go2_ws/src/go2_simulation/install/unitree_go:/home/samsung/go2_ws/install/imu_to_odom:/home/samsung/go2_ws/install/go2_real:/home/samsung/go2_ws/install/go2_gzsim:/home/samsung/go2_ws/install/go2_remap:/home/samsung/go2_ws/install/go2_refs:/home/samsung/go2_ws/install/go2_lowstates:/home/samsung/go2_ws/install/go2_jointcontroller:/home/samsung/go2_ws/install/go2_ekf:/home/samsung/go2_ws/install/go2_actuator:/home/samsung/go2_ws/install/unitree_go:/home/samsung/go2_ws/install/go2_rgc:/home/samsung/go2_ws/install/go2_interfaces:/home/samsung/go2_ws/install/go2_description:/opt/ros/jazzy/opt/gz_sim_vendor:/opt/ros/jazzy/opt/gz_sensors_vendor:/opt/ros/jazzy/opt/gz_physics_vendor:/opt/ros/jazzy/opt/sdformat_vendor:/opt/ros/jazzy/opt/gz_gui_vendor:/opt/ros/jazzy/opt/gz_transport_vendor:/opt/ros/jazzy/opt/gz_rendering_vendor:/opt/ros/jazzy/opt/gz_plugin_vendor:/opt/ros/jazzy/opt/gz_fuel_tools_vendor:/opt/ros/jazzy/opt/gz_msgs_vendor:/opt/ros/jazzy/opt/gz_common_vendor:/opt/ros/jazzy/opt/gz_math_vendor:/opt/ros/jazzy/opt/gz_utils_vendor:/opt/ros/jazzy/opt/gz_tools_vendor:/opt/ros/jazzy/opt/gz_ogre_next_vendor:/opt/ros/jazzy/opt/gz_dartsim_vendor:/opt/ros/jazzy/opt/gz_cmake_vendor:/opt/ros/jazzy DEBUGINFOD_URLS=https://debuginfod.ubuntu.com LD_LIBRARY_PATH=/home/samsung/go2_ws/src/go2_simulation/install/unitree_go/lib:${LD_LIBRARY_PATH} PYTHONPATH=/home/samsung/go2_ws/src/go2_simulation/install/unitree_go/lib/python3.12/site-packages:${PYTHONPATH} /usr/bin/cmake /home/samsung/go2_ws/src/go2_simulation/go2_lowstates -DCMAKE_INSTALL_PREFIX=/home/samsung/go2_ws/src/go2_simulation/install/go2_lowstates
[75.789s] DEBUG:colcon.colcon_core.event_handler.log_command:Invoking command in '/home/samsung/go2_ws/src/go2_simulation/build/go2_refs': AMENT_PREFIX_PATH=/home/samsung/go2_ws/src/go2_simulation/install/unitree_go:${AMENT_PREFIX_PATH} CMAKE_PREFIX_PATH=/home/samsung/go2_ws/src/go2_simulation/install/unitree_go:/home/samsung/go2_ws/install/imu_to_odom:/home/samsung/go2_ws/install/go2_real:/home/samsung/go2_ws/install/go2_gzsim:/home/samsung/go2_ws/install/go2_remap:/home/samsung/go2_ws/install/go2_refs:/home/samsung/go2_ws/install/go2_lowstates:/home/samsung/go2_ws/install/go2_jointcontroller:/home/samsung/go2_ws/install/go2_ekf:/home/samsung/go2_ws/install/go2_actuator:/home/samsung/go2_ws/install/unitree_go:/home/samsung/go2_ws/install/go2_rgc:/home/samsung/go2_ws/install/go2_interfaces:/home/samsung/go2_ws/install/go2_description:/opt/ros/jazzy/opt/gz_sim_vendor:/opt/ros/jazzy/opt/gz_sensors_vendor:/opt/ros/jazzy/opt/gz_physics_vendor:/opt/ros/jazzy/opt/sdformat_vendor:/opt/ros/jazzy/opt/gz_gui_vendor:/opt/ros/jazzy/opt/gz_transport_vendor:/opt/ros/jazzy/opt/gz_rendering_vendor:/opt/ros/jazzy/opt/gz_plugin_vendor:/opt/ros/jazzy/opt/gz_fuel_tools_vendor:/opt/ros/jazzy/opt/gz_msgs_vendor:/opt/ros/jazzy/opt/gz_common_vendor:/opt/ros/jazzy/opt/gz_math_vendor:/opt/ros/jazzy/opt/gz_utils_vendor:/opt/ros/jazzy/opt/gz_tools_vendor:/opt/ros/jazzy/opt/gz_ogre_next_vendor:/opt/ros/jazzy/opt/gz_dartsim_vendor:/opt/ros/jazzy/opt/gz_cmake_vendor:/opt/ros/jazzy DEBUGINFOD_URLS=https://debuginfod.ubuntu.com LD_LIBRARY_PATH=/home/samsung/go2_ws/src/go2_simulation/install/unitree_go/lib:${LD_LIBRARY_PATH} PYTHONPATH=/home/samsung/go2_ws/src/go2_simulation/install/unitree_go/lib/python3.12/site-packages:${PYTHONPATH} /usr/bin/cmake /home/samsung/go2_ws/src/go2_simulation/go2_refs -DCMAKE_INSTALL_PREFIX=/home/samsung/go2_ws/src/go2_simulation/install/go2_refs
[75.796s] DEBUG:colcon.colcon_core.event_handler.log_command:Invoking command in '/home/samsung/go2_ws/src/go2_simulation/build/imu_to_odom': AMENT_PREFIX_PATH=/home/samsung/go2_ws/src/go2_simulation/install/unitree_go:${AMENT_PREFIX_PATH} CMAKE_PREFIX_PATH=/home/samsung/go2_ws/src/go2_simulation/install/unitree_go:/home/samsung/go2_ws/install/imu_to_odom:/home/samsung/go2_ws/install/go2_real:/home/samsung/go2_ws/install/go2_gzsim:/home/samsung/go2_ws/install/go2_remap:/home/samsung/go2_ws/install/go2_refs:/home/samsung/go2_ws/install/go2_lowstates:/home/samsung/go2_ws/install/go2_jointcontroller:/home/samsung/go2_ws/install/go2_ekf:/home/samsung/go2_ws/install/go2_actuator:/home/samsung/go2_ws/install/unitree_go:/home/samsung/go2_ws/install/go2_rgc:/home/samsung/go2_ws/install/go2_interfaces:/home/samsung/go2_ws/install/go2_description:/opt/ros/jazzy/opt/gz_sim_vendor:/opt/ros/jazzy/opt/gz_sensors_vendor:/opt/ros/jazzy/opt/gz_physics_vendor:/opt/ros/jazzy/opt/sdformat_vendor:/opt/ros/jazzy/opt/gz_gui_vendor:/opt/ros/jazzy/opt/gz_transport_vendor:/opt/ros/jazzy/opt/gz_rendering_vendor:/opt/ros/jazzy/opt/gz_plugin_vendor:/opt/ros/jazzy/opt/gz_fuel_tools_vendor:/opt/ros/jazzy/opt/gz_msgs_vendor:/opt/ros/jazzy/opt/gz_common_vendor:/opt/ros/jazzy/opt/gz_math_vendor:/opt/ros/jazzy/opt/gz_utils_vendor:/opt/ros/jazzy/opt/gz_tools_vendor:/opt/ros/jazzy/opt/gz_ogre_next_vendor:/opt/ros/jazzy/opt/gz_dartsim_vendor:/opt/ros/jazzy/opt/gz_cmake_vendor:/opt/ros/jazzy DEBUGINFOD_URLS=https://debuginfod.ubuntu.com LD_LIBRARY_PATH=/home/samsung/go2_ws/src/go2_simulation/install/unitree_go/lib:${LD_LIBRARY_PATH} PYTHONPATH=/home/samsung/go2_ws/src/go2_simulation/install/unitree_go/lib/python3.12/site-packages:${PYTHONPATH} /usr/bin/cmake /home/samsung/go2_ws/src/go2_simulation/imu_to_odom -DCMAKE_INSTALL_PREFIX=/home/samsung/go2_ws/src/go2_simulation/install/imu_to_odom
[80.219s] DEBUG:colcon.colcon_core.event_handler.log_command:Invoked command in '/home/samsung/go2_ws/src/go2_simulation/build/go2_ekf' returned '0': AMENT_PREFIX_PATH=/home/samsung/go2_ws/src/go2_simulation/install/unitree_go:${AMENT_PREFIX_PATH} CMAKE_PREFIX_PATH=/home/samsung/go2_ws/src/go2_simulation/install/unitree_go:/home/samsung/go2_ws/install/imu_to_odom:/home/samsung/go2_ws/install/go2_real:/home/samsung/go2_ws/install/go2_gzsim:/home/samsung/go2_ws/install/go2_remap:/home/samsung/go2_ws/install/go2_refs:/home/samsung/go2_ws/install/go2_lowstates:/home/samsung/go2_ws/install/go2_jointcontroller:/home/samsung/go2_ws/install/go2_ekf:/home/samsung/go2_ws/install/go2_actuator:/home/samsung/go2_ws/install/unitree_go:/home/samsung/go2_ws/install/go2_rgc:/home/samsung/go2_ws/install/go2_interfaces:/home/samsung/go2_ws/install/go2_description:/opt/ros/jazzy/opt/gz_sim_vendor:/opt/ros/jazzy/opt/gz_sensors_vendor:/opt/ros/jazzy/opt/gz_physics_vendor:/opt/ros/jazzy/opt/sdformat_vendor:/opt/ros/jazzy/opt/gz_gui_vendor:/opt/ros/jazzy/opt/gz_transport_vendor:/opt/ros/jazzy/opt/gz_rendering_vendor:/opt/ros/jazzy/opt/gz_plugin_vendor:/opt/ros/jazzy/opt/gz_fuel_tools_vendor:/opt/ros/jazzy/opt/gz_msgs_vendor:/opt/ros/jazzy/opt/gz_common_vendor:/opt/ros/jazzy/opt/gz_math_vendor:/opt/ros/jazzy/opt/gz_utils_vendor:/opt/ros/jazzy/opt/gz_tools_vendor:/opt/ros/jazzy/opt/gz_ogre_next_vendor:/opt/ros/jazzy/opt/gz_dartsim_vendor:/opt/ros/jazzy/opt/gz_cmake_vendor:/opt/ros/jazzy DEBUGINFOD_URLS=https://debuginfod.ubuntu.com LD_LIBRARY_PATH=/home/samsung/go2_ws/src/go2_simulation/install/unitree_go/lib:${LD_LIBRARY_PATH} PYTHONPATH=/home/samsung/go2_ws/src/go2_simulation/install/unitree_go/lib/python3.12/site-packages:${PYTHONPATH} /usr/bin/cmake /home/samsung/go2_ws/src/go2_simulation/go2_ekf -DCMAKE_INSTALL_PREFIX=/home/samsung/go2_ws/src/go2_simulation/install/go2_ekf
[80.219s] DEBUG:colcon.colcon_core.event_handler.log_command:Invoking command in '/home/samsung/go2_ws/src/go2_simulation/build/go2_ekf': AMENT_PREFIX_PATH=/home/samsung/go2_ws/src/go2_simulation/install/unitree_go:${AMENT_PREFIX_PATH} CMAKE_PREFIX_PATH=/home/samsung/go2_ws/src/go2_simulation/install/unitree_go:/home/samsung/go2_ws/install/imu_to_odom:/home/samsung/go2_ws/install/go2_real:/home/samsung/go2_ws/install/go2_gzsim:/home/samsung/go2_ws/install/go2_remap:/home/samsung/go2_ws/install/go2_refs:/home/samsung/go2_ws/install/go2_lowstates:/home/samsung/go2_ws/install/go2_jointcontroller:/home/samsung/go2_ws/install/go2_ekf:/home/samsung/go2_ws/install/go2_actuator:/home/samsung/go2_ws/install/unitree_go:/home/samsung/go2_ws/install/go2_rgc:/home/samsung/go2_ws/install/go2_interfaces:/home/samsung/go2_ws/install/go2_description:/opt/ros/jazzy/opt/gz_sim_vendor:/opt/ros/jazzy/opt/gz_sensors_vendor:/opt/ros/jazzy/opt/gz_physics_vendor:/opt/ros/jazzy/opt/sdformat_vendor:/opt/ros/jazzy/opt/gz_gui_vendor:/opt/ros/jazzy/opt/gz_transport_vendor:/opt/ros/jazzy/opt/gz_rendering_vendor:/opt/ros/jazzy/opt/gz_plugin_vendor:/opt/ros/jazzy/opt/gz_fuel_tools_vendor:/opt/ros/jazzy/opt/gz_msgs_vendor:/opt/ros/jazzy/opt/gz_common_vendor:/opt/ros/jazzy/opt/gz_math_vendor:/opt/ros/jazzy/opt/gz_utils_vendor:/opt/ros/jazzy/opt/gz_tools_vendor:/opt/ros/jazzy/opt/gz_ogre_next_vendor:/opt/ros/jazzy/opt/gz_dartsim_vendor:/opt/ros/jazzy/opt/gz_cmake_vendor:/opt/ros/jazzy DEBUGINFOD_URLS=https://debuginfod.ubuntu.com LD_LIBRARY_PATH=/home/samsung/go2_ws/src/go2_simulation/install/unitree_go/lib:${LD_LIBRARY_PATH} PYTHONPATH=/home/samsung/go2_ws/src/go2_simulation/install/unitree_go/lib/python3.12/site-packages:${PYTHONPATH} /usr/bin/cmake --build /home/samsung/go2_ws/src/go2_simulation/build/go2_ekf -- -j8 -l8
[80.254s] DEBUG:colcon.colcon_core.event_handler.log_command:Invoked command in '/home/samsung/go2_ws/src/go2_simulation/build/go2_refs' returned '0': AMENT_PREFIX_PATH=/home/samsung/go2_ws/src/go2_simulation/install/unitree_go:${AMENT_PREFIX_PATH} CMAKE_PREFIX_PATH=/home/samsung/go2_ws/src/go2_simulation/install/unitree_go:/home/samsung/go2_ws/install/imu_to_odom:/home/samsung/go2_ws/install/go2_real:/home/samsung/go2_ws/install/go2_gzsim:/home/samsung/go2_ws/install/go2_remap:/home/samsung/go2_ws/install/go2_refs:/home/samsung/go2_ws/install/go2_lowstates:/home/samsung/go2_ws/install/go2_jointcontroller:/home/samsung/go2_ws/install/go2_ekf:/home/samsung/go2_ws/install/go2_actuator:/home/samsung/go2_ws/install/unitree_go:/home/samsung/go2_ws/install/go2_rgc:/home/samsung/go2_ws/install/go2_interfaces:/home/samsung/go2_ws/install/go2_description:/opt/ros/jazzy/opt/gz_sim_vendor:/opt/ros/jazzy/opt/gz_sensors_vendor:/opt/ros/jazzy/opt/gz_physics_vendor:/opt/ros/jazzy/opt/sdformat_vendor:/opt/ros/jazzy/opt/gz_gui_vendor:/opt/ros/jazzy/opt/gz_transport_vendor:/opt/ros/jazzy/opt/gz_rendering_vendor:/opt/ros/jazzy/opt/gz_plugin_vendor:/opt/ros/jazzy/opt/gz_fuel_tools_vendor:/opt/ros/jazzy/opt/gz_msgs_vendor:/opt/ros/jazzy/opt/gz_common_vendor:/opt/ros/jazzy/opt/gz_math_vendor:/opt/ros/jazzy/opt/gz_utils_vendor:/opt/ros/jazzy/opt/gz_tools_vendor:/opt/ros/jazzy/opt/gz_ogre_next_vendor:/opt/ros/jazzy/opt/gz_dartsim_vendor:/opt/ros/jazzy/opt/gz_cmake_vendor:/opt/ros/jazzy DEBUGINFOD_URLS=https://debuginfod.ubuntu.com LD_LIBRARY_PATH=/home/samsung/go2_ws/src/go2_simulation/install/unitree_go/lib:${LD_LIBRARY_PATH} PYTHONPATH=/home/samsung/go2_ws/src/go2_simulation/install/unitree_go/lib/python3.12/site-packages:${PYTHONPATH} /usr/bin/cmake /home/samsung/go2_ws/src/go2_simulation/go2_refs -DCMAKE_INSTALL_PREFIX=/home/samsung/go2_ws/src/go2_simulation/install/go2_refs
[80.261s] DEBUG:colcon.colcon_core.event_handler.log_command:Invoking command in '/home/samsung/go2_ws/src/go2_simulation/build/go2_refs': AMENT_PREFIX_PATH=/home/samsung/go2_ws/src/go2_simulation/install/unitree_go:${AMENT_PREFIX_PATH} CMAKE_PREFIX_PATH=/home/samsung/go2_ws/src/go2_simulation/install/unitree_go:/home/samsung/go2_ws/install/imu_to_odom:/home/samsung/go2_ws/install/go2_real:/home/samsung/go2_ws/install/go2_gzsim:/home/samsung/go2_ws/install/go2_remap:/home/samsung/go2_ws/install/go2_refs:/home/samsung/go2_ws/install/go2_lowstates:/home/samsung/go2_ws/install/go2_jointcontroller:/home/samsung/go2_ws/install/go2_ekf:/home/samsung/go2_ws/install/go2_actuator:/home/samsung/go2_ws/install/unitree_go:/home/samsung/go2_ws/install/go2_rgc:/home/samsung/go2_ws/install/go2_interfaces:/home/samsung/go2_ws/install/go2_description:/opt/ros/jazzy/opt/gz_sim_vendor:/opt/ros/jazzy/opt/gz_sensors_vendor:/opt/ros/jazzy/opt/gz_physics_vendor:/opt/ros/jazzy/opt/sdformat_vendor:/opt/ros/jazzy/opt/gz_gui_vendor:/opt/ros/jazzy/opt/gz_transport_vendor:/opt/ros/jazzy/opt/gz_rendering_vendor:/opt/ros/jazzy/opt/gz_plugin_vendor:/opt/ros/jazzy/opt/gz_fuel_tools_vendor:/opt/ros/jazzy/opt/gz_msgs_vendor:/opt/ros/jazzy/opt/gz_common_vendor:/opt/ros/jazzy/opt/gz_math_vendor:/opt/ros/jazzy/opt/gz_utils_vendor:/opt/ros/jazzy/opt/gz_tools_vendor:/opt/ros/jazzy/opt/gz_ogre_next_vendor:/opt/ros/jazzy/opt/gz_dartsim_vendor:/opt/ros/jazzy/opt/gz_cmake_vendor:/opt/ros/jazzy DEBUGINFOD_URLS=https://debuginfod.ubuntu.com LD_LIBRARY_PATH=/home/samsung/go2_ws/src/go2_simulation/install/unitree_go/lib:${LD_LIBRARY_PATH} PYTHONPATH=/home/samsung/go2_ws/src/go2_simulation/install/unitree_go/lib/python3.12/site-packages:${PYTHONPATH} /usr/bin/cmake --build /home/samsung/go2_ws/src/go2_simulation/build/go2_refs -- -j8 -l8
[80.873s] DEBUG:colcon.colcon_core.event_handler.log_command:Invoked command in '/home/samsung/go2_ws/src/go2_simulation/build/imu_to_odom' returned '0': AMENT_PREFIX_PATH=/home/samsung/go2_ws/src/go2_simulation/install/unitree_go:${AMENT_PREFIX_PATH} CMAKE_PREFIX_PATH=/home/samsung/go2_ws/src/go2_simulation/install/unitree_go:/home/samsung/go2_ws/install/imu_to_odom:/home/samsung/go2_ws/install/go2_real:/home/samsung/go2_ws/install/go2_gzsim:/home/samsung/go2_ws/install/go2_remap:/home/samsung/go2_ws/install/go2_refs:/home/samsung/go2_ws/install/go2_lowstates:/home/samsung/go2_ws/install/go2_jointcontroller:/home/samsung/go2_ws/install/go2_ekf:/home/samsung/go2_ws/install/go2_actuator:/home/samsung/go2_ws/install/unitree_go:/home/samsung/go2_ws/install/go2_rgc:/home/samsung/go2_ws/install/go2_interfaces:/home/samsung/go2_ws/install/go2_description:/opt/ros/jazzy/opt/gz_sim_vendor:/opt/ros/jazzy/opt/gz_sensors_vendor:/opt/ros/jazzy/opt/gz_physics_vendor:/opt/ros/jazzy/opt/sdformat_vendor:/opt/ros/jazzy/opt/gz_gui_vendor:/opt/ros/jazzy/opt/gz_transport_vendor:/opt/ros/jazzy/opt/gz_rendering_vendor:/opt/ros/jazzy/opt/gz_plugin_vendor:/opt/ros/jazzy/opt/gz_fuel_tools_vendor:/opt/ros/jazzy/opt/gz_msgs_vendor:/opt/ros/jazzy/opt/gz_common_vendor:/opt/ros/jazzy/opt/gz_math_vendor:/opt/ros/jazzy/opt/gz_utils_vendor:/opt/ros/jazzy/opt/gz_tools_vendor:/opt/ros/jazzy/opt/gz_ogre_next_vendor:/opt/ros/jazzy/opt/gz_dartsim_vendor:/opt/ros/jazzy/opt/gz_cmake_vendor:/opt/ros/jazzy DEBUGINFOD_URLS=https://debuginfod.ubuntu.com LD_LIBRARY_PATH=/home/samsung/go2_ws/src/go2_simulation/install/unitree_go/lib:${LD_LIBRARY_PATH} PYTHONPATH=/home/samsung/go2_ws/src/go2_simulation/install/unitree_go/lib/python3.12/site-packages:${PYTHONPATH} /usr/bin/cmake /home/samsung/go2_ws/src/go2_simulation/imu_to_odom -DCMAKE_INSTALL_PREFIX=/home/samsung/go2_ws/src/go2_simulation/install/imu_to_odom
[80.876s] DEBUG:colcon.colcon_core.event_handler.log_command:Invoking command in '/home/samsung/go2_ws/src/go2_simulation/build/imu_to_odom': AMENT_PREFIX_PATH=/home/samsung/go2_ws/src/go2_simulation/install/unitree_go:${AMENT_PREFIX_PATH} CMAKE_PREFIX_PATH=/home/samsung/go2_ws/src/go2_simulation/install/unitree_go:/home/samsung/go2_ws/install/imu_to_odom:/home/samsung/go2_ws/install/go2_real:/home/samsung/go2_ws/install/go2_gzsim:/home/samsung/go2_ws/install/go2_remap:/home/samsung/go2_ws/install/go2_refs:/home/samsung/go2_ws/install/go2_lowstates:/home/samsung/go2_ws/install/go2_jointcontroller:/home/samsung/go2_ws/install/go2_ekf:/home/samsung/go2_ws/install/go2_actuator:/home/samsung/go2_ws/install/unitree_go:/home/samsung/go2_ws/install/go2_rgc:/home/samsung/go2_ws/install/go2_interfaces:/home/samsung/go2_ws/install/go2_description:/opt/ros/jazzy/opt/gz_sim_vendor:/opt/ros/jazzy/opt/gz_sensors_vendor:/opt/ros/jazzy/opt/gz_physics_vendor:/opt/ros/jazzy/opt/sdformat_vendor:/opt/ros/jazzy/opt/gz_gui_vendor:/opt/ros/jazzy/opt/gz_transport_vendor:/opt/ros/jazzy/opt/gz_rendering_vendor:/opt/ros/jazzy/opt/gz_plugin_vendor:/opt/ros/jazzy/opt/gz_fuel_tools_vendor:/opt/ros/jazzy/opt/gz_msgs_vendor:/opt/ros/jazzy/opt/gz_common_vendor:/opt/ros/jazzy/opt/gz_math_vendor:/opt/ros/jazzy/opt/gz_utils_vendor:/opt/ros/jazzy/opt/gz_tools_vendor:/opt/ros/jazzy/opt/gz_ogre_next_vendor:/opt/ros/jazzy/opt/gz_dartsim_vendor:/opt/ros/jazzy/opt/gz_cmake_vendor:/opt/ros/jazzy DEBUGINFOD_URLS=https://debuginfod.ubuntu.com LD_LIBRARY_PATH=/home/samsung/go2_ws/src/go2_simulation/install/unitree_go/lib:${LD_LIBRARY_PATH} PYTHONPATH=/home/samsung/go2_ws/src/go2_simulation/install/unitree_go/lib/python3.12/site-packages:${PYTHONPATH} /usr/bin/cmake --build /home/samsung/go2_ws/src/go2_simulation/build/imu_to_odom -- -j8 -l8
[82.590s] DEBUG:colcon.colcon_core.event_handler.log_command:Invoked command in '/home/samsung/go2_ws/src/go2_simulation/build/go2_lowstates' returned '0': AMENT_PREFIX_PATH=/home/samsung/go2_ws/src/go2_simulation/install/unitree_go:${AMENT_PREFIX_PATH} CMAKE_PREFIX_PATH=/home/samsung/go2_ws/src/go2_simulation/install/unitree_go:/home/samsung/go2_ws/install/imu_to_odom:/home/samsung/go2_ws/install/go2_real:/home/samsung/go2_ws/install/go2_gzsim:/home/samsung/go2_ws/install/go2_remap:/home/samsung/go2_ws/install/go2_refs:/home/samsung/go2_ws/install/go2_lowstates:/home/samsung/go2_ws/install/go2_jointcontroller:/home/samsung/go2_ws/install/go2_ekf:/home/samsung/go2_ws/install/go2_actuator:/home/samsung/go2_ws/install/unitree_go:/home/samsung/go2_ws/install/go2_rgc:/home/samsung/go2_ws/install/go2_interfaces:/home/samsung/go2_ws/install/go2_description:/opt/ros/jazzy/opt/gz_sim_vendor:/opt/ros/jazzy/opt/gz_sensors_vendor:/opt/ros/jazzy/opt/gz_physics_vendor:/opt/ros/jazzy/opt/sdformat_vendor:/opt/ros/jazzy/opt/gz_gui_vendor:/opt/ros/jazzy/opt/gz_transport_vendor:/opt/ros/jazzy/opt/gz_rendering_vendor:/opt/ros/jazzy/opt/gz_plugin_vendor:/opt/ros/jazzy/opt/gz_fuel_tools_vendor:/opt/ros/jazzy/opt/gz_msgs_vendor:/opt/ros/jazzy/opt/gz_common_vendor:/opt/ros/jazzy/opt/gz_math_vendor:/opt/ros/jazzy/opt/gz_utils_vendor:/opt/ros/jazzy/opt/gz_tools_vendor:/opt/ros/jazzy/opt/gz_ogre_next_vendor:/opt/ros/jazzy/opt/gz_dartsim_vendor:/opt/ros/jazzy/opt/gz_cmake_vendor:/opt/ros/jazzy DEBUGINFOD_URLS=https://debuginfod.ubuntu.com LD_LIBRARY_PATH=/home/samsung/go2_ws/src/go2_simulation/install/unitree_go/lib:${LD_LIBRARY_PATH} PYTHONPATH=/home/samsung/go2_ws/src/go2_simulation/install/unitree_go/lib/python3.12/site-packages:${PYTHONPATH} /usr/bin/cmake /home/samsung/go2_ws/src/go2_simulation/go2_lowstates -DCMAKE_INSTALL_PREFIX=/home/samsung/go2_ws/src/go2_simulation/install/go2_lowstates
[82.602s] DEBUG:colcon.colcon_core.event_handler.log_command:Invoking command in '/home/samsung/go2_ws/src/go2_simulation/build/go2_lowstates': AMENT_PREFIX_PATH=/home/samsung/go2_ws/src/go2_simulation/install/unitree_go:${AMENT_PREFIX_PATH} CMAKE_PREFIX_PATH=/home/samsung/go2_ws/src/go2_simulation/install/unitree_go:/home/samsung/go2_ws/install/imu_to_odom:/home/samsung/go2_ws/install/go2_real:/home/samsung/go2_ws/install/go2_gzsim:/home/samsung/go2_ws/install/go2_remap:/home/samsung/go2_ws/install/go2_refs:/home/samsung/go2_ws/install/go2_lowstates:/home/samsung/go2_ws/install/go2_jointcontroller:/home/samsung/go2_ws/install/go2_ekf:/home/samsung/go2_ws/install/go2_actuator:/home/samsung/go2_ws/install/unitree_go:/home/samsung/go2_ws/install/go2_rgc:/home/samsung/go2_ws/install/go2_interfaces:/home/samsung/go2_ws/install/go2_description:/opt/ros/jazzy/opt/gz_sim_vendor:/opt/ros/jazzy/opt/gz_sensors_vendor:/opt/ros/jazzy/opt/gz_physics_vendor:/opt/ros/jazzy/opt/sdformat_vendor:/opt/ros/jazzy/opt/gz_gui_vendor:/opt/ros/jazzy/opt/gz_transport_vendor:/opt/ros/jazzy/opt/gz_rendering_vendor:/opt/ros/jazzy/opt/gz_plugin_vendor:/opt/ros/jazzy/opt/gz_fuel_tools_vendor:/opt/ros/jazzy/opt/gz_msgs_vendor:/opt/ros/jazzy/opt/gz_common_vendor:/opt/ros/jazzy/opt/gz_math_vendor:/opt/ros/jazzy/opt/gz_utils_vendor:/opt/ros/jazzy/opt/gz_tools_vendor:/opt/ros/jazzy/opt/gz_ogre_next_vendor:/opt/ros/jazzy/opt/gz_dartsim_vendor:/opt/ros/jazzy/opt/gz_cmake_vendor:/opt/ros/jazzy DEBUGINFOD_URLS=https://debuginfod.ubuntu.com LD_LIBRARY_PATH=/home/samsung/go2_ws/src/go2_simulation/install/unitree_go/lib:${LD_LIBRARY_PATH} PYTHONPATH=/home/samsung/go2_ws/src/go2_simulation/install/unitree_go/lib/python3.12/site-packages:${PYTHONPATH} /usr/bin/cmake --build /home/samsung/go2_ws/src/go2_simulation/build/go2_lowstates -- -j8 -l8
[88.531s] DEBUG:colcon.colcon_core.event_handler.log_command:Invoked command in '/home/samsung/go2_ws/src/go2_simulation/build/go2_actuator' returned '0': AMENT_PREFIX_PATH=/home/samsung/go2_ws/src/go2_simulation/install/unitree_go:${AMENT_PREFIX_PATH} CMAKE_PREFIX_PATH=/home/samsung/go2_ws/src/go2_simulation/install/unitree_go:/home/samsung/go2_ws/install/imu_to_odom:/home/samsung/go2_ws/install/go2_real:/home/samsung/go2_ws/install/go2_gzsim:/home/samsung/go2_ws/install/go2_remap:/home/samsung/go2_ws/install/go2_refs:/home/samsung/go2_ws/install/go2_lowstates:/home/samsung/go2_ws/install/go2_jointcontroller:/home/samsung/go2_ws/install/go2_ekf:/home/samsung/go2_ws/install/go2_actuator:/home/samsung/go2_ws/install/unitree_go:/home/samsung/go2_ws/install/go2_rgc:/home/samsung/go2_ws/install/go2_interfaces:/home/samsung/go2_ws/install/go2_description:/opt/ros/jazzy/opt/gz_sim_vendor:/opt/ros/jazzy/opt/gz_sensors_vendor:/opt/ros/jazzy/opt/gz_physics_vendor:/opt/ros/jazzy/opt/sdformat_vendor:/opt/ros/jazzy/opt/gz_gui_vendor:/opt/ros/jazzy/opt/gz_transport_vendor:/opt/ros/jazzy/opt/gz_rendering_vendor:/opt/ros/jazzy/opt/gz_plugin_vendor:/opt/ros/jazzy/opt/gz_fuel_tools_vendor:/opt/ros/jazzy/opt/gz_msgs_vendor:/opt/ros/jazzy/opt/gz_common_vendor:/opt/ros/jazzy/opt/gz_math_vendor:/opt/ros/jazzy/opt/gz_utils_vendor:/opt/ros/jazzy/opt/gz_tools_vendor:/opt/ros/jazzy/opt/gz_ogre_next_vendor:/opt/ros/jazzy/opt/gz_dartsim_vendor:/opt/ros/jazzy/opt/gz_cmake_vendor:/opt/ros/jazzy DEBUGINFOD_URLS=https://debuginfod.ubuntu.com LD_LIBRARY_PATH=/home/samsung/go2_ws/src/go2_simulation/install/unitree_go/lib:${LD_LIBRARY_PATH} PYTHONPATH=/home/samsung/go2_ws/src/go2_simulation/install/unitree_go/lib/python3.12/site-packages:${PYTHONPATH} /usr/bin/cmake /home/samsung/go2_ws/src/go2_simulation/go2_actuator -DCMAKE_INSTALL_PREFIX=/home/samsung/go2_ws/src/go2_simulation/install/go2_actuator
[88.533s] DEBUG:colcon.colcon_core.event_handler.log_command:Invoking command in '/home/samsung/go2_ws/src/go2_simulation/build/go2_actuator': AMENT_PREFIX_PATH=/home/samsung/go2_ws/src/go2_simulation/install/unitree_go:${AMENT_PREFIX_PATH} CMAKE_PREFIX_PATH=/home/samsung/go2_ws/src/go2_simulation/install/unitree_go:/home/samsung/go2_ws/install/imu_to_odom:/home/samsung/go2_ws/install/go2_real:/home/samsung/go2_ws/install/go2_gzsim:/home/samsung/go2_ws/install/go2_remap:/home/samsung/go2_ws/install/go2_refs:/home/samsung/go2_ws/install/go2_lowstates:/home/samsung/go2_ws/install/go2_jointcontroller:/home/samsung/go2_ws/install/go2_ekf:/home/samsung/go2_ws/install/go2_actuator:/home/samsung/go2_ws/install/unitree_go:/home/samsung/go2_ws/install/go2_rgc:/home/samsung/go2_ws/install/go2_interfaces:/home/samsung/go2_ws/install/go2_description:/opt/ros/jazzy/opt/gz_sim_vendor:/opt/ros/jazzy/opt/gz_sensors_vendor:/opt/ros/jazzy/opt/gz_physics_vendor:/opt/ros/jazzy/opt/sdformat_vendor:/opt/ros/jazzy/opt/gz_gui_vendor:/opt/ros/jazzy/opt/gz_transport_vendor:/opt/ros/jazzy/opt/gz_rendering_vendor:/opt/ros/jazzy/opt/gz_plugin_vendor:/opt/ros/jazzy/opt/gz_fuel_tools_vendor:/opt/ros/jazzy/opt/gz_msgs_vendor:/opt/ros/jazzy/opt/gz_common_vendor:/opt/ros/jazzy/opt/gz_math_vendor:/opt/ros/jazzy/opt/gz_utils_vendor:/opt/ros/jazzy/opt/gz_tools_vendor:/opt/ros/jazzy/opt/gz_ogre_next_vendor:/opt/ros/jazzy/opt/gz_dartsim_vendor:/opt/ros/jazzy/opt/gz_cmake_vendor:/opt/ros/jazzy DEBUGINFOD_URLS=https://debuginfod.ubuntu.com LD_LIBRARY_PATH=/home/samsung/go2_ws/src/go2_simulation/install/unitree_go/lib:${LD_LIBRARY_PATH} PYTHONPATH=/home/samsung/go2_ws/src/go2_simulation/install/unitree_go/lib/python3.12/site-packages:${PYTHONPATH} /usr/bin/cmake --build /home/samsung/go2_ws/src/go2_simulation/build/go2_actuator -- -j8 -l8
[88.713s] DEBUG:colcon.colcon_core.event_handler.log_command:Invoked command in '/home/samsung/go2_ws/src/go2_simulation/build/go2_jointcontroller' returned '0': AMENT_PREFIX_PATH=/home/samsung/go2_ws/src/go2_simulation/install/unitree_go:/home/samsung/go2_ws/src/go2_simulation/install/go2_interfaces:${AMENT_PREFIX_PATH} CMAKE_PREFIX_PATH=/home/samsung/go2_ws/src/go2_simulation/install/unitree_go:/home/samsung/go2_ws/src/go2_simulation/install/go2_interfaces:/home/samsung/go2_ws/install/imu_to_odom:/home/samsung/go2_ws/install/go2_real:/home/samsung/go2_ws/install/go2_gzsim:/home/samsung/go2_ws/install/go2_remap:/home/samsung/go2_ws/install/go2_refs:/home/samsung/go2_ws/install/go2_lowstates:/home/samsung/go2_ws/install/go2_jointcontroller:/home/samsung/go2_ws/install/go2_ekf:/home/samsung/go2_ws/install/go2_actuator:/home/samsung/go2_ws/install/unitree_go:/home/samsung/go2_ws/install/go2_rgc:/home/samsung/go2_ws/install/go2_interfaces:/home/samsung/go2_ws/install/go2_description:/opt/ros/jazzy/opt/gz_sim_vendor:/opt/ros/jazzy/opt/gz_sensors_vendor:/opt/ros/jazzy/opt/gz_physics_vendor:/opt/ros/jazzy/opt/sdformat_vendor:/opt/ros/jazzy/opt/gz_gui_vendor:/opt/ros/jazzy/opt/gz_transport_vendor:/opt/ros/jazzy/opt/gz_rendering_vendor:/opt/ros/jazzy/opt/gz_plugin_vendor:/opt/ros/jazzy/opt/gz_fuel_tools_vendor:/opt/ros/jazzy/opt/gz_msgs_vendor:/opt/ros/jazzy/opt/gz_common_vendor:/opt/ros/jazzy/opt/gz_math_vendor:/opt/ros/jazzy/opt/gz_utils_vendor:/opt/ros/jazzy/opt/gz_tools_vendor:/opt/ros/jazzy/opt/gz_ogre_next_vendor:/opt/ros/jazzy/opt/gz_dartsim_vendor:/opt/ros/jazzy/opt/gz_cmake_vendor:/opt/ros/jazzy DEBUGINFOD_URLS=https://debuginfod.ubuntu.com LD_LIBRARY_PATH=/home/samsung/go2_ws/src/go2_simulation/install/unitree_go/lib:/home/samsung/go2_ws/src/go2_simulation/install/go2_interfaces/lib:${LD_LIBRARY_PATH} PYTHONPATH=/home/samsung/go2_ws/src/go2_simulation/install/unitree_go/lib/python3.12/site-packages:/home/samsung/go2_ws/src/go2_simulation/install/go2_interfaces/lib/python3.12/site-packages:${PYTHONPATH} /usr/bin/cmake /home/samsung/go2_ws/src/go2_simulation/go2_jointcontroller -DCMAKE_INSTALL_PREFIX=/home/samsung/go2_ws/src/go2_simulation/install/go2_jointcontroller
[88.714s] DEBUG:colcon.colcon_core.event_handler.log_command:Invoking command in '/home/samsung/go2_ws/src/go2_simulation/build/go2_jointcontroller': AMENT_PREFIX_PATH=/home/samsung/go2_ws/src/go2_simulation/install/unitree_go:/home/samsung/go2_ws/src/go2_simulation/install/go2_interfaces:${AMENT_PREFIX_PATH} CMAKE_PREFIX_PATH=/home/samsung/go2_ws/src/go2_simulation/install/unitree_go:/home/samsung/go2_ws/src/go2_simulation/install/go2_interfaces:/home/samsung/go2_ws/install/imu_to_odom:/home/samsung/go2_ws/install/go2_real:/home/samsung/go2_ws/install/go2_gzsim:/home/samsung/go2_ws/install/go2_remap:/home/samsung/go2_ws/install/go2_refs:/home/samsung/go2_ws/install/go2_lowstates:/home/samsung/go2_ws/install/go2_jointcontroller:/home/samsung/go2_ws/install/go2_ekf:/home/samsung/go2_ws/install/go2_actuator:/home/samsung/go2_ws/install/unitree_go:/home/samsung/go2_ws/install/go2_rgc:/home/samsung/go2_ws/install/go2_interfaces:/home/samsung/go2_ws/install/go2_description:/opt/ros/jazzy/opt/gz_sim_vendor:/opt/ros/jazzy/opt/gz_sensors_vendor:/opt/ros/jazzy/opt/gz_physics_vendor:/opt/ros/jazzy/opt/sdformat_vendor:/opt/ros/jazzy/opt/gz_gui_vendor:/opt/ros/jazzy/opt/gz_transport_vendor:/opt/ros/jazzy/opt/gz_rendering_vendor:/opt/ros/jazzy/opt/gz_plugin_vendor:/opt/ros/jazzy/opt/gz_fuel_tools_vendor:/opt/ros/jazzy/opt/gz_msgs_vendor:/opt/ros/jazzy/opt/gz_common_vendor:/opt/ros/jazzy/opt/gz_math_vendor:/opt/ros/jazzy/opt/gz_utils_vendor:/opt/ros/jazzy/opt/gz_tools_vendor:/opt/ros/jazzy/opt/gz_ogre_next_vendor:/opt/ros/jazzy/opt/gz_dartsim_vendor:/opt/ros/jazzy/opt/gz_cmake_vendor:/opt/ros/jazzy DEBUGINFOD_URLS=https://debuginfod.ubuntu.com LD_LIBRARY_PATH=/home/samsung/go2_ws/src/go2_simulation/install/unitree_go/lib:/home/samsung/go2_ws/src/go2_simulation/install/go2_interfaces/lib:${LD_LIBRARY_PATH} PYTHONPATH=/home/samsung/go2_ws/src/go2_simulation/install/unitree_go/lib/python3.12/site-packages:/home/samsung/go2_ws/src/go2_simulation/install/go2_interfaces/lib/python3.12/site-packages:${PYTHONPATH} /usr/bin/cmake --build /home/samsung/go2_ws/src/go2_simulation/build/go2_jointcontroller -- -j8 -l8
[99.170s] DEBUG:colcon.colcon_core.event_handler.log_command:Invoked command in '/home/samsung/go2_ws/src/go2_simulation/build/go2_refs' returned '0': AMENT_PREFIX_PATH=/home/samsung/go2_ws/src/go2_simulation/install/unitree_go:${AMENT_PREFIX_PATH} CMAKE_PREFIX_PATH=/home/samsung/go2_ws/src/go2_simulation/install/unitree_go:/home/samsung/go2_ws/install/imu_to_odom:/home/samsung/go2_ws/install/go2_real:/home/samsung/go2_ws/install/go2_gzsim:/home/samsung/go2_ws/install/go2_remap:/home/samsung/go2_ws/install/go2_refs:/home/samsung/go2_ws/install/go2_lowstates:/home/samsung/go2_ws/install/go2_jointcontroller:/home/samsung/go2_ws/install/go2_ekf:/home/samsung/go2_ws/install/go2_actuator:/home/samsung/go2_ws/install/unitree_go:/home/samsung/go2_ws/install/go2_rgc:/home/samsung/go2_ws/install/go2_interfaces:/home/samsung/go2_ws/install/go2_description:/opt/ros/jazzy/opt/gz_sim_vendor:/opt/ros/jazzy/opt/gz_sensors_vendor:/opt/ros/jazzy/opt/gz_physics_vendor:/opt/ros/jazzy/opt/sdformat_vendor:/opt/ros/jazzy/opt/gz_gui_vendor:/opt/ros/jazzy/opt/gz_transport_vendor:/opt/ros/jazzy/opt/gz_rendering_vendor:/opt/ros/jazzy/opt/gz_plugin_vendor:/opt/ros/jazzy/opt/gz_fuel_tools_vendor:/opt/ros/jazzy/opt/gz_msgs_vendor:/opt/ros/jazzy/opt/gz_common_vendor:/opt/ros/jazzy/opt/gz_math_vendor:/opt/ros/jazzy/opt/gz_utils_vendor:/opt/ros/jazzy/opt/gz_tools_vendor:/opt/ros/jazzy/opt/gz_ogre_next_vendor:/opt/ros/jazzy/opt/gz_dartsim_vendor:/opt/ros/jazzy/opt/gz_cmake_vendor:/opt/ros/jazzy DEBUGINFOD_URLS=https://debuginfod.ubuntu.com LD_LIBRARY_PATH=/home/samsung/go2_ws/src/go2_simulation/install/unitree_go/lib:${LD_LIBRARY_PATH} PYTHONPATH=/home/samsung/go2_ws/src/go2_simulation/install/unitree_go/lib/python3.12/site-packages:${PYTHONPATH} /usr/bin/cmake --build /home/samsung/go2_ws/src/go2_simulation/build/go2_refs -- -j8 -l8
[99.192s] DEBUG:colcon.colcon_core.event_handler.log_command:Invoking command in '/home/samsung/go2_ws/src/go2_simulation/build/go2_refs': AMENT_PREFIX_PATH=/home/samsung/go2_ws/src/go2_simulation/install/unitree_go:${AMENT_PREFIX_PATH} CMAKE_PREFIX_PATH=/home/samsung/go2_ws/src/go2_simulation/install/unitree_go:/home/samsung/go2_ws/install/imu_to_odom:/home/samsung/go2_ws/install/go2_real:/home/samsung/go2_ws/install/go2_gzsim:/home/samsung/go2_ws/install/go2_remap:/home/samsung/go2_ws/install/go2_refs:/home/samsung/go2_ws/install/go2_lowstates:/home/samsung/go2_ws/install/go2_jointcontroller:/home/samsung/go2_ws/install/go2_ekf:/home/samsung/go2_ws/install/go2_actuator:/home/samsung/go2_ws/install/unitree_go:/home/samsung/go2_ws/install/go2_rgc:/home/samsung/go2_ws/install/go2_interfaces:/home/samsung/go2_ws/install/go2_description:/opt/ros/jazzy/opt/gz_sim_vendor:/opt/ros/jazzy/opt/gz_sensors_vendor:/opt/ros/jazzy/opt/gz_physics_vendor:/opt/ros/jazzy/opt/sdformat_vendor:/opt/ros/jazzy/opt/gz_gui_vendor:/opt/ros/jazzy/opt/gz_transport_vendor:/opt/ros/jazzy/opt/gz_rendering_vendor:/opt/ros/jazzy/opt/gz_plugin_vendor:/opt/ros/jazzy/opt/gz_fuel_tools_vendor:/opt/ros/jazzy/opt/gz_msgs_vendor:/opt/ros/jazzy/opt/gz_common_vendor:/opt/ros/jazzy/opt/gz_math_vendor:/opt/ros/jazzy/opt/gz_utils_vendor:/opt/ros/jazzy/opt/gz_tools_vendor:/opt/ros/jazzy/opt/gz_ogre_next_vendor:/opt/ros/jazzy/opt/gz_dartsim_vendor:/opt/ros/jazzy/opt/gz_cmake_vendor:/opt/ros/jazzy DEBUGINFOD_URLS=https://debuginfod.ubuntu.com LD_LIBRARY_PATH=/home/samsung/go2_ws/src/go2_simulation/install/unitree_go/lib:${LD_LIBRARY_PATH} PYTHONPATH=/home/samsung/go2_ws/src/go2_simulation/install/unitree_go/lib/python3.12/site-packages:${PYTHONPATH} /usr/bin/cmake --install /home/samsung/go2_ws/src/go2_simulation/build/go2_refs
[102.197s] DEBUG:colcon.colcon_core.event_handler.log_command:Invoked command in '/home/samsung/go2_ws/src/go2_simulation/build/go2_remap' returned '0': AMENT_PREFIX_PATH=/home/samsung/go2_ws/src/go2_simulation/install/unitree_go:${AMENT_PREFIX_PATH} CMAKE_PREFIX_PATH=/home/samsung/go2_ws/src/go2_simulation/install/unitree_go:/home/samsung/go2_ws/install/imu_to_odom:/home/samsung/go2_ws/install/go2_real:/home/samsung/go2_ws/install/go2_gzsim:/home/samsung/go2_ws/install/go2_remap:/home/samsung/go2_ws/install/go2_refs:/home/samsung/go2_ws/install/go2_lowstates:/home/samsung/go2_ws/install/go2_jointcontroller:/home/samsung/go2_ws/install/go2_ekf:/home/samsung/go2_ws/install/go2_actuator:/home/samsung/go2_ws/install/unitree_go:/home/samsung/go2_ws/install/go2_rgc:/home/samsung/go2_ws/install/go2_interfaces:/home/samsung/go2_ws/install/go2_description:/opt/ros/jazzy/opt/gz_sim_vendor:/opt/ros/jazzy/opt/gz_sensors_vendor:/opt/ros/jazzy/opt/gz_physics_vendor:/opt/ros/jazzy/opt/sdformat_vendor:/opt/ros/jazzy/opt/gz_gui_vendor:/opt/ros/jazzy/opt/gz_transport_vendor:/opt/ros/jazzy/opt/gz_rendering_vendor:/opt/ros/jazzy/opt/gz_plugin_vendor:/opt/ros/jazzy/opt/gz_fuel_tools_vendor:/opt/ros/jazzy/opt/gz_msgs_vendor:/opt/ros/jazzy/opt/gz_common_vendor:/opt/ros/jazzy/opt/gz_math_vendor:/opt/ros/jazzy/opt/gz_utils_vendor:/opt/ros/jazzy/opt/gz_tools_vendor:/opt/ros/jazzy/opt/gz_ogre_next_vendor:/opt/ros/jazzy/opt/gz_dartsim_vendor:/opt/ros/jazzy/opt/gz_cmake_vendor:/opt/ros/jazzy DEBUGINFOD_URLS=https://debuginfod.ubuntu.com LD_LIBRARY_PATH=/home/samsung/go2_ws/src/go2_simulation/install/unitree_go/lib:${LD_LIBRARY_PATH} PYTHONPATH=/home/samsung/go2_ws/src/go2_simulation/install/unitree_go/lib/python3.12/site-packages:${PYTHONPATH} /usr/bin/cmake /home/samsung/go2_ws/src/go2_simulation/go2_remap -DCMAKE_INSTALL_PREFIX=/home/samsung/go2_ws/src/go2_simulation/install/go2_remap
[102.205s] DEBUG:colcon.colcon_core.event_handler.log_command:Invoking command in '/home/samsung/go2_ws/src/go2_simulation/build/go2_remap': AMENT_PREFIX_PATH=/home/samsung/go2_ws/src/go2_simulation/install/unitree_go:${AMENT_PREFIX_PATH} CMAKE_PREFIX_PATH=/home/samsung/go2_ws/src/go2_simulation/install/unitree_go:/home/samsung/go2_ws/install/imu_to_odom:/home/samsung/go2_ws/install/go2_real:/home/samsung/go2_ws/install/go2_gzsim:/home/samsung/go2_ws/install/go2_remap:/home/samsung/go2_ws/install/go2_refs:/home/samsung/go2_ws/install/go2_lowstates:/home/samsung/go2_ws/install/go2_jointcontroller:/home/samsung/go2_ws/install/go2_ekf:/home/samsung/go2_ws/install/go2_actuator:/home/samsung/go2_ws/install/unitree_go:/home/samsung/go2_ws/install/go2_rgc:/home/samsung/go2_ws/install/go2_interfaces:/home/samsung/go2_ws/install/go2_description:/opt/ros/jazzy/opt/gz_sim_vendor:/opt/ros/jazzy/opt/gz_sensors_vendor:/opt/ros/jazzy/opt/gz_physics_vendor:/opt/ros/jazzy/opt/sdformat_vendor:/opt/ros/jazzy/opt/gz_gui_vendor:/opt/ros/jazzy/opt/gz_transport_vendor:/opt/ros/jazzy/opt/gz_rendering_vendor:/opt/ros/jazzy/opt/gz_plugin_vendor:/opt/ros/jazzy/opt/gz_fuel_tools_vendor:/opt/ros/jazzy/opt/gz_msgs_vendor:/opt/ros/jazzy/opt/gz_common_vendor:/opt/ros/jazzy/opt/gz_math_vendor:/opt/ros/jazzy/opt/gz_utils_vendor:/opt/ros/jazzy/opt/gz_tools_vendor:/opt/ros/jazzy/opt/gz_ogre_next_vendor:/opt/ros/jazzy/opt/gz_dartsim_vendor:/opt/ros/jazzy/opt/gz_cmake_vendor:/opt/ros/jazzy DEBUGINFOD_URLS=https://debuginfod.ubuntu.com LD_LIBRARY_PATH=/home/samsung/go2_ws/src/go2_simulation/install/unitree_go/lib:${LD_LIBRARY_PATH} PYTHONPATH=/home/samsung/go2_ws/src/go2_simulation/install/unitree_go/lib/python3.12/site-packages:${PYTHONPATH} /usr/bin/cmake --build /home/samsung/go2_ws/src/go2_simulation/build/go2_remap -- -j8 -l8
[113.578s] DEBUG:colcon.colcon_core.event_handler.log_command:Invoked command in '/home/samsung/go2_ws/src/go2_simulation/build/go2_ekf' returned '0': AMENT_PREFIX_PATH=/home/samsung/go2_ws/src/go2_simulation/install/unitree_go:${AMENT_PREFIX_PATH} CMAKE_PREFIX_PATH=/home/samsung/go2_ws/src/go2_simulation/install/unitree_go:/home/samsung/go2_ws/install/imu_to_odom:/home/samsung/go2_ws/install/go2_real:/home/samsung/go2_ws/install/go2_gzsim:/home/samsung/go2_ws/install/go2_remap:/home/samsung/go2_ws/install/go2_refs:/home/samsung/go2_ws/install/go2_lowstates:/home/samsung/go2_ws/install/go2_jointcontroller:/home/samsung/go2_ws/install/go2_ekf:/home/samsung/go2_ws/install/go2_actuator:/home/samsung/go2_ws/install/unitree_go:/home/samsung/go2_ws/install/go2_rgc:/home/samsung/go2_ws/install/go2_interfaces:/home/samsung/go2_ws/install/go2_description:/opt/ros/jazzy/opt/gz_sim_vendor:/opt/ros/jazzy/opt/gz_sensors_vendor:/opt/ros/jazzy/opt/gz_physics_vendor:/opt/ros/jazzy/opt/sdformat_vendor:/opt/ros/jazzy/opt/gz_gui_vendor:/opt/ros/jazzy/opt/gz_transport_vendor:/opt/ros/jazzy/opt/gz_rendering_vendor:/opt/ros/jazzy/opt/gz_plugin_vendor:/opt/ros/jazzy/opt/gz_fuel_tools_vendor:/opt/ros/jazzy/opt/gz_msgs_vendor:/opt/ros/jazzy/opt/gz_common_vendor:/opt/ros/jazzy/opt/gz_math_vendor:/opt/ros/jazzy/opt/gz_utils_vendor:/opt/ros/jazzy/opt/gz_tools_vendor:/opt/ros/jazzy/opt/gz_ogre_next_vendor:/opt/ros/jazzy/opt/gz_dartsim_vendor:/opt/ros/jazzy/opt/gz_cmake_vendor:/opt/ros/jazzy DEBUGINFOD_URLS=https://debuginfod.ubuntu.com LD_LIBRARY_PATH=/home/samsung/go2_ws/src/go2_simulation/install/unitree_go/lib:${LD_LIBRARY_PATH} PYTHONPATH=/home/samsung/go2_ws/src/go2_simulation/install/unitree_go/lib/python3.12/site-packages:${PYTHONPATH} /usr/bin/cmake --build /home/samsung/go2_ws/src/go2_simulation/build/go2_ekf -- -j8 -l8
[113.582s] DEBUG:colcon.colcon_core.event_handler.log_command:Invoking command in '/home/samsung/go2_ws/src/go2_simulation/build/go2_ekf': AMENT_PREFIX_PATH=/home/samsung/go2_ws/src/go2_simulation/install/unitree_go:${AMENT_PREFIX_PATH} CMAKE_PREFIX_PATH=/home/samsung/go2_ws/src/go2_simulation/install/unitree_go:/home/samsung/go2_ws/install/imu_to_odom:/home/samsung/go2_ws/install/go2_real:/home/samsung/go2_ws/install/go2_gzsim:/home/samsung/go2_ws/install/go2_remap:/home/samsung/go2_ws/install/go2_refs:/home/samsung/go2_ws/install/go2_lowstates:/home/samsung/go2_ws/install/go2_jointcontroller:/home/samsung/go2_ws/install/go2_ekf:/home/samsung/go2_ws/install/go2_actuator:/home/samsung/go2_ws/install/unitree_go:/home/samsung/go2_ws/install/go2_rgc:/home/samsung/go2_ws/install/go2_interfaces:/home/samsung/go2_ws/install/go2_description:/opt/ros/jazzy/opt/gz_sim_vendor:/opt/ros/jazzy/opt/gz_sensors_vendor:/opt/ros/jazzy/opt/gz_physics_vendor:/opt/ros/jazzy/opt/sdformat_vendor:/opt/ros/jazzy/opt/gz_gui_vendor:/opt/ros/jazzy/opt/gz_transport_vendor:/opt/ros/jazzy/opt/gz_rendering_vendor:/opt/ros/jazzy/opt/gz_plugin_vendor:/opt/ros/jazzy/opt/gz_fuel_tools_vendor:/opt/ros/jazzy/opt/gz_msgs_vendor:/opt/ros/jazzy/opt/gz_common_vendor:/opt/ros/jazzy/opt/gz_math_vendor:/opt/ros/jazzy/opt/gz_utils_vendor:/opt/ros/jazzy/opt/gz_tools_vendor:/opt/ros/jazzy/opt/gz_ogre_next_vendor:/opt/ros/jazzy/opt/gz_dartsim_vendor:/opt/ros/jazzy/opt/gz_cmake_vendor:/opt/ros/jazzy DEBUGINFOD_URLS=https://debuginfod.ubuntu.com LD_LIBRARY_PATH=/home/samsung/go2_ws/src/go2_simulation/install/unitree_go/lib:${LD_LIBRARY_PATH} PYTHONPATH=/home/samsung/go2_ws/src/go2_simulation/install/unitree_go/lib/python3.12/site-packages:${PYTHONPATH} /usr/bin/cmake --install /home/samsung/go2_ws/src/go2_simulation/build/go2_ekf
[113.584s] Level 1:colcon.colcon_core.environment:create_environment_scripts_only(go2_refs)
[113.596s] Level 1:colcon.colcon_core.environment:checking '/home/samsung/go2_ws/src/go2_simulation/install/go2_refs' for CMake module files
[113.597s] DEBUG:colcon.colcon_core.event_handler.log_command:Invoked command in '/home/samsung/go2_ws/src/go2_simulation/build/go2_refs' returned '0': AMENT_PREFIX_PATH=/home/samsung/go2_ws/src/go2_simulation/install/unitree_go:${AMENT_PREFIX_PATH} CMAKE_PREFIX_PATH=/home/samsung/go2_ws/src/go2_simulation/install/unitree_go:/home/samsung/go2_ws/install/imu_to_odom:/home/samsung/go2_ws/install/go2_real:/home/samsung/go2_ws/install/go2_gzsim:/home/samsung/go2_ws/install/go2_remap:/home/samsung/go2_ws/install/go2_refs:/home/samsung/go2_ws/install/go2_lowstates:/home/samsung/go2_ws/install/go2_jointcontroller:/home/samsung/go2_ws/install/go2_ekf:/home/samsung/go2_ws/install/go2_actuator:/home/samsung/go2_ws/install/unitree_go:/home/samsung/go2_ws/install/go2_rgc:/home/samsung/go2_ws/install/go2_interfaces:/home/samsung/go2_ws/install/go2_description:/opt/ros/jazzy/opt/gz_sim_vendor:/opt/ros/jazzy/opt/gz_sensors_vendor:/opt/ros/jazzy/opt/gz_physics_vendor:/opt/ros/jazzy/opt/sdformat_vendor:/opt/ros/jazzy/opt/gz_gui_vendor:/opt/ros/jazzy/opt/gz_transport_vendor:/opt/ros/jazzy/opt/gz_rendering_vendor:/opt/ros/jazzy/opt/gz_plugin_vendor:/opt/ros/jazzy/opt/gz_fuel_tools_vendor:/opt/ros/jazzy/opt/gz_msgs_vendor:/opt/ros/jazzy/opt/gz_common_vendor:/opt/ros/jazzy/opt/gz_math_vendor:/opt/ros/jazzy/opt/gz_utils_vendor:/opt/ros/jazzy/opt/gz_tools_vendor:/opt/ros/jazzy/opt/gz_ogre_next_vendor:/opt/ros/jazzy/opt/gz_dartsim_vendor:/opt/ros/jazzy/opt/gz_cmake_vendor:/opt/ros/jazzy DEBUGINFOD_URLS=https://debuginfod.ubuntu.com LD_LIBRARY_PATH=/home/samsung/go2_ws/src/go2_simulation/install/unitree_go/lib:${LD_LIBRARY_PATH} PYTHONPATH=/home/samsung/go2_ws/src/go2_simulation/install/unitree_go/lib/python3.12/site-packages:${PYTHONPATH} /usr/bin/cmake --install /home/samsung/go2_ws/src/go2_simulation/build/go2_refs
[113.601s] Level 1:colcon.colcon_core.environment:checking '/home/samsung/go2_ws/src/go2_simulation/install/go2_refs' for CMake config files
[113.602s] Level 1:colcon.colcon_core.shell:create_environment_hook('go2_refs', 'cmake_prefix_path')
[113.604s] INFO:colcon.colcon_core.shell:Creating environment hook '/home/samsung/go2_ws/src/go2_simulation/install/go2_refs/share/go2_refs/hook/cmake_prefix_path.ps1'
[113.622s] INFO:colcon.colcon_core.shell:Creating environment descriptor '/home/samsung/go2_ws/src/go2_simulation/install/go2_refs/share/go2_refs/hook/cmake_prefix_path.dsv'
[113.624s] INFO:colcon.colcon_core.shell:Creating environment hook '/home/samsung/go2_ws/src/go2_simulation/install/go2_refs/share/go2_refs/hook/cmake_prefix_path.sh'
[113.631s] Level 1:colcon.colcon_core.environment:checking '/home/samsung/go2_ws/src/go2_simulation/install/go2_refs/lib'
[113.632s] Level 1:colcon.colcon_core.environment:checking '/home/samsung/go2_ws/src/go2_simulation/install/go2_refs/bin'
[113.632s] Level 1:colcon.colcon_core.environment:checking '/home/samsung/go2_ws/src/go2_simulation/install/go2_refs/lib/pkgconfig/go2_refs.pc'
[113.641s] Level 1:colcon.colcon_core.environment:checking '/home/samsung/go2_ws/src/go2_simulation/install/go2_refs/lib/python3.12/site-packages'
[113.642s] Level 1:colcon.colcon_core.environment:checking '/home/samsung/go2_ws/src/go2_simulation/install/go2_refs/bin'
[113.644s] INFO:colcon.colcon_core.shell:Creating package script '/home/samsung/go2_ws/src/go2_simulation/install/go2_refs/share/go2_refs/package.ps1'
[113.648s] INFO:colcon.colcon_core.shell:Creating package descriptor '/home/samsung/go2_ws/src/go2_simulation/install/go2_refs/share/go2_refs/package.dsv'
[113.650s] INFO:colcon.colcon_core.shell:Creating package script '/home/samsung/go2_ws/src/go2_simulation/install/go2_refs/share/go2_refs/package.sh'
[113.652s] INFO:colcon.colcon_core.shell:Creating package script '/home/samsung/go2_ws/src/go2_simulation/install/go2_refs/share/go2_refs/package.bash'
[113.654s] INFO:colcon.colcon_core.shell:Creating package script '/home/samsung/go2_ws/src/go2_simulation/install/go2_refs/share/go2_refs/package.zsh'
[113.656s] Level 1:colcon.colcon_core.environment:create_file_with_runtime_dependencies(/home/samsung/go2_ws/src/go2_simulation/install/go2_refs/share/colcon-core/packages/go2_refs)
[113.660s] Level 1:colcon.colcon_core.environment:create_environment_scripts_only(go2_refs)
[113.660s] Level 1:colcon.colcon_core.environment:checking '/home/samsung/go2_ws/src/go2_simulation/install/go2_refs' for CMake module files
[113.662s] Level 1:colcon.colcon_core.environment:checking '/home/samsung/go2_ws/src/go2_simulation/install/go2_refs' for CMake config files
[113.663s] Level 1:colcon.colcon_core.shell:create_environment_hook('go2_refs', 'cmake_prefix_path')
[113.664s] INFO:colcon.colcon_core.shell:Creating environment hook '/home/samsung/go2_ws/src/go2_simulation/install/go2_refs/share/go2_refs/hook/cmake_prefix_path.ps1'
[113.666s] INFO:colcon.colcon_core.shell:Creating environment descriptor '/home/samsung/go2_ws/src/go2_simulation/install/go2_refs/share/go2_refs/hook/cmake_prefix_path.dsv'
[113.667s] INFO:colcon.colcon_core.shell:Creating environment hook '/home/samsung/go2_ws/src/go2_simulation/install/go2_refs/share/go2_refs/hook/cmake_prefix_path.sh'
[113.669s] Level 1:colcon.colcon_core.environment:checking '/home/samsung/go2_ws/src/go2_simulation/install/go2_refs/lib'
[113.669s] Level 1:colcon.colcon_core.environment:checking '/home/samsung/go2_ws/src/go2_simulation/install/go2_refs/bin'
[113.669s] Level 1:colcon.colcon_core.environment:checking '/home/samsung/go2_ws/src/go2_simulation/install/go2_refs/lib/pkgconfig/go2_refs.pc'
[113.670s] Level 1:colcon.colcon_core.environment:checking '/home/samsung/go2_ws/src/go2_simulation/install/go2_refs/lib/python3.12/site-packages'
[113.671s] Level 1:colcon.colcon_core.environment:checking '/home/samsung/go2_ws/src/go2_simulation/install/go2_refs/bin'
[113.672s] INFO:colcon.colcon_core.shell:Creating package script '/home/samsung/go2_ws/src/go2_simulation/install/go2_refs/share/go2_refs/package.ps1'
[113.674s] INFO:colcon.colcon_core.shell:Creating package descriptor '/home/samsung/go2_ws/src/go2_simulation/install/go2_refs/share/go2_refs/package.dsv'
[113.676s] INFO:colcon.colcon_core.shell:Creating package script '/home/samsung/go2_ws/src/go2_simulation/install/go2_refs/share/go2_refs/package.sh'
[113.677s] INFO:colcon.colcon_core.shell:Creating package script '/home/samsung/go2_ws/src/go2_simulation/install/go2_refs/share/go2_refs/package.bash'
[113.679s] INFO:colcon.colcon_core.shell:Creating package script '/home/samsung/go2_ws/src/go2_simulation/install/go2_refs/share/go2_refs/package.zsh'
[113.680s] Level 1:colcon.colcon_core.environment:create_file_with_runtime_dependencies(/home/samsung/go2_ws/src/go2_simulation/install/go2_refs/share/colcon-core/packages/go2_refs)
[122.257s] DEBUG:colcon.colcon_core.event_handler.log_command:Invoked command in '/home/samsung/go2_ws/src/go2_simulation/build/go2_lowstates' returned '0': AMENT_PREFIX_PATH=/home/samsung/go2_ws/src/go2_simulation/install/unitree_go:${AMENT_PREFIX_PATH} CMAKE_PREFIX_PATH=/home/samsung/go2_ws/src/go2_simulation/install/unitree_go:/home/samsung/go2_ws/install/imu_to_odom:/home/samsung/go2_ws/install/go2_real:/home/samsung/go2_ws/install/go2_gzsim:/home/samsung/go2_ws/install/go2_remap:/home/samsung/go2_ws/install/go2_refs:/home/samsung/go2_ws/install/go2_lowstates:/home/samsung/go2_ws/install/go2_jointcontroller:/home/samsung/go2_ws/install/go2_ekf:/home/samsung/go2_ws/install/go2_actuator:/home/samsung/go2_ws/install/unitree_go:/home/samsung/go2_ws/install/go2_rgc:/home/samsung/go2_ws/install/go2_interfaces:/home/samsung/go2_ws/install/go2_description:/opt/ros/jazzy/opt/gz_sim_vendor:/opt/ros/jazzy/opt/gz_sensors_vendor:/opt/ros/jazzy/opt/gz_physics_vendor:/opt/ros/jazzy/opt/sdformat_vendor:/opt/ros/jazzy/opt/gz_gui_vendor:/opt/ros/jazzy/opt/gz_transport_vendor:/opt/ros/jazzy/opt/gz_rendering_vendor:/opt/ros/jazzy/opt/gz_plugin_vendor:/opt/ros/jazzy/opt/gz_fuel_tools_vendor:/opt/ros/jazzy/opt/gz_msgs_vendor:/opt/ros/jazzy/opt/gz_common_vendor:/opt/ros/jazzy/opt/gz_math_vendor:/opt/ros/jazzy/opt/gz_utils_vendor:/opt/ros/jazzy/opt/gz_tools_vendor:/opt/ros/jazzy/opt/gz_ogre_next_vendor:/opt/ros/jazzy/opt/gz_dartsim_vendor:/opt/ros/jazzy/opt/gz_cmake_vendor:/opt/ros/jazzy DEBUGINFOD_URLS=https://debuginfod.ubuntu.com LD_LIBRARY_PATH=/home/samsung/go2_ws/src/go2_simulation/install/unitree_go/lib:${LD_LIBRARY_PATH} PYTHONPATH=/home/samsung/go2_ws/src/go2_simulation/install/unitree_go/lib/python3.12/site-packages:${PYTHONPATH} /usr/bin/cmake --build /home/samsung/go2_ws/src/go2_simulation/build/go2_lowstates -- -j8 -l8
[122.263s] Level 1:colcon.colcon_core.environment:create_environment_scripts_only(go2_ekf)
[122.264s] Level 1:colcon.colcon_core.environment:checking '/home/samsung/go2_ws/src/go2_simulation/install/go2_ekf' for CMake module files
[122.271s] DEBUG:colcon.colcon_core.event_handler.log_command:Invoking command in '/home/samsung/go2_ws/src/go2_simulation/build/go2_lowstates': AMENT_PREFIX_PATH=/home/samsung/go2_ws/src/go2_simulation/install/unitree_go:${AMENT_PREFIX_PATH} CMAKE_PREFIX_PATH=/home/samsung/go2_ws/src/go2_simulation/install/unitree_go:/home/samsung/go2_ws/install/imu_to_odom:/home/samsung/go2_ws/install/go2_real:/home/samsung/go2_ws/install/go2_gzsim:/home/samsung/go2_ws/install/go2_remap:/home/samsung/go2_ws/install/go2_refs:/home/samsung/go2_ws/install/go2_lowstates:/home/samsung/go2_ws/install/go2_jointcontroller:/home/samsung/go2_ws/install/go2_ekf:/home/samsung/go2_ws/install/go2_actuator:/home/samsung/go2_ws/install/unitree_go:/home/samsung/go2_ws/install/go2_rgc:/home/samsung/go2_ws/install/go2_interfaces:/home/samsung/go2_ws/install/go2_description:/opt/ros/jazzy/opt/gz_sim_vendor:/opt/ros/jazzy/opt/gz_sensors_vendor:/opt/ros/jazzy/opt/gz_physics_vendor:/opt/ros/jazzy/opt/sdformat_vendor:/opt/ros/jazzy/opt/gz_gui_vendor:/opt/ros/jazzy/opt/gz_transport_vendor:/opt/ros/jazzy/opt/gz_rendering_vendor:/opt/ros/jazzy/opt/gz_plugin_vendor:/opt/ros/jazzy/opt/gz_fuel_tools_vendor:/opt/ros/jazzy/opt/gz_msgs_vendor:/opt/ros/jazzy/opt/gz_common_vendor:/opt/ros/jazzy/opt/gz_math_vendor:/opt/ros/jazzy/opt/gz_utils_vendor:/opt/ros/jazzy/opt/gz_tools_vendor:/opt/ros/jazzy/opt/gz_ogre_next_vendor:/opt/ros/jazzy/opt/gz_dartsim_vendor:/opt/ros/jazzy/opt/gz_cmake_vendor:/opt/ros/jazzy DEBUGINFOD_URLS=https://debuginfod.ubuntu.com LD_LIBRARY_PATH=/home/samsung/go2_ws/src/go2_simulation/install/unitree_go/lib:${LD_LIBRARY_PATH} PYTHONPATH=/home/samsung/go2_ws/src/go2_simulation/install/unitree_go/lib/python3.12/site-packages:${PYTHONPATH} /usr/bin/cmake --install /home/samsung/go2_ws/src/go2_simulation/build/go2_lowstates
[122.272s] DEBUG:colcon.colcon_core.event_handler.log_command:Invoked command in '/home/samsung/go2_ws/src/go2_simulation/build/go2_ekf' returned '0': AMENT_PREFIX_PATH=/home/samsung/go2_ws/src/go2_simulation/install/unitree_go:${AMENT_PREFIX_PATH} CMAKE_PREFIX_PATH=/home/samsung/go2_ws/src/go2_simulation/install/unitree_go:/home/samsung/go2_ws/install/imu_to_odom:/home/samsung/go2_ws/install/go2_real:/home/samsung/go2_ws/install/go2_gzsim:/home/samsung/go2_ws/install/go2_remap:/home/samsung/go2_ws/install/go2_refs:/home/samsung/go2_ws/install/go2_lowstates:/home/samsung/go2_ws/install/go2_jointcontroller:/home/samsung/go2_ws/install/go2_ekf:/home/samsung/go2_ws/install/go2_actuator:/home/samsung/go2_ws/install/unitree_go:/home/samsung/go2_ws/install/go2_rgc:/home/samsung/go2_ws/install/go2_interfaces:/home/samsung/go2_ws/install/go2_description:/opt/ros/jazzy/opt/gz_sim_vendor:/opt/ros/jazzy/opt/gz_sensors_vendor:/opt/ros/jazzy/opt/gz_physics_vendor:/opt/ros/jazzy/opt/sdformat_vendor:/opt/ros/jazzy/opt/gz_gui_vendor:/opt/ros/jazzy/opt/gz_transport_vendor:/opt/ros/jazzy/opt/gz_rendering_vendor:/opt/ros/jazzy/opt/gz_plugin_vendor:/opt/ros/jazzy/opt/gz_fuel_tools_vendor:/opt/ros/jazzy/opt/gz_msgs_vendor:/opt/ros/jazzy/opt/gz_common_vendor:/opt/ros/jazzy/opt/gz_math_vendor:/opt/ros/jazzy/opt/gz_utils_vendor:/opt/ros/jazzy/opt/gz_tools_vendor:/opt/ros/jazzy/opt/gz_ogre_next_vendor:/opt/ros/jazzy/opt/gz_dartsim_vendor:/opt/ros/jazzy/opt/gz_cmake_vendor:/opt/ros/jazzy DEBUGINFOD_URLS=https://debuginfod.ubuntu.com LD_LIBRARY_PATH=/home/samsung/go2_ws/src/go2_simulation/install/unitree_go/lib:${LD_LIBRARY_PATH} PYTHONPATH=/home/samsung/go2_ws/src/go2_simulation/install/unitree_go/lib/python3.12/site-packages:${PYTHONPATH} /usr/bin/cmake --install /home/samsung/go2_ws/src/go2_simulation/build/go2_ekf
[122.273s] Level 1:colcon.colcon_core.environment:checking '/home/samsung/go2_ws/src/go2_simulation/install/go2_ekf' for CMake config files
[122.274s] Level 1:colcon.colcon_core.shell:create_environment_hook('go2_ekf', 'cmake_prefix_path')
[122.275s] INFO:colcon.colcon_core.shell:Creating environment hook '/home/samsung/go2_ws/src/go2_simulation/install/go2_ekf/share/go2_ekf/hook/cmake_prefix_path.ps1'
[122.276s] INFO:colcon.colcon_core.shell:Creating environment descriptor '/home/samsung/go2_ws/src/go2_simulation/install/go2_ekf/share/go2_ekf/hook/cmake_prefix_path.dsv'
[122.277s] INFO:colcon.colcon_core.shell:Creating environment hook '/home/samsung/go2_ws/src/go2_simulation/install/go2_ekf/share/go2_ekf/hook/cmake_prefix_path.sh'
[122.279s] Level 1:colcon.colcon_core.environment:checking '/home/samsung/go2_ws/src/go2_simulation/install/go2_ekf/lib'
[122.279s] Level 1:colcon.colcon_core.environment:checking '/home/samsung/go2_ws/src/go2_simulation/install/go2_ekf/bin'
[122.279s] Level 1:colcon.colcon_core.environment:checking '/home/samsung/go2_ws/src/go2_simulation/install/go2_ekf/lib/pkgconfig/go2_ekf.pc'
[122.280s] Level 1:colcon.colcon_core.environment:checking '/home/samsung/go2_ws/src/go2_simulation/install/go2_ekf/lib/python3.12/site-packages'
[122.281s] Level 1:colcon.colcon_core.environment:checking '/home/samsung/go2_ws/src/go2_simulation/install/go2_ekf/bin'
[122.282s] INFO:colcon.colcon_core.shell:Creating package script '/home/samsung/go2_ws/src/go2_simulation/install/go2_ekf/share/go2_ekf/package.ps1'
[122.285s] INFO:colcon.colcon_core.shell:Creating package descriptor '/home/samsung/go2_ws/src/go2_simulation/install/go2_ekf/share/go2_ekf/package.dsv'
[122.286s] INFO:colcon.colcon_core.shell:Creating package script '/home/samsung/go2_ws/src/go2_simulation/install/go2_ekf/share/go2_ekf/package.sh'
[122.287s] INFO:colcon.colcon_core.shell:Creating package script '/home/samsung/go2_ws/src/go2_simulation/install/go2_ekf/share/go2_ekf/package.bash'
[122.289s] INFO:colcon.colcon_core.shell:Creating package script '/home/samsung/go2_ws/src/go2_simulation/install/go2_ekf/share/go2_ekf/package.zsh'
[122.294s] Level 1:colcon.colcon_core.environment:create_file_with_runtime_dependencies(/home/samsung/go2_ws/src/go2_simulation/install/go2_ekf/share/colcon-core/packages/go2_ekf)
[122.299s] Level 1:colcon.colcon_core.environment:create_environment_scripts_only(go2_ekf)
[122.299s] Level 1:colcon.colcon_core.environment:checking '/home/samsung/go2_ws/src/go2_simulation/install/go2_ekf' for CMake module files
[122.300s] Level 1:colcon.colcon_core.environment:checking '/home/samsung/go2_ws/src/go2_simulation/install/go2_ekf' for CMake config files
[122.301s] Level 1:colcon.colcon_core.shell:create_environment_hook('go2_ekf', 'cmake_prefix_path')
[122.301s] INFO:colcon.colcon_core.shell:Creating environment hook '/home/samsung/go2_ws/src/go2_simulation/install/go2_ekf/share/go2_ekf/hook/cmake_prefix_path.ps1'
[122.302s] INFO:colcon.colcon_core.shell:Creating environment descriptor '/home/samsung/go2_ws/src/go2_simulation/install/go2_ekf/share/go2_ekf/hook/cmake_prefix_path.dsv'
[122.303s] INFO:colcon.colcon_core.shell:Creating environment hook '/home/samsung/go2_ws/src/go2_simulation/install/go2_ekf/share/go2_ekf/hook/cmake_prefix_path.sh'
[122.304s] Level 1:colcon.colcon_core.environment:checking '/home/samsung/go2_ws/src/go2_simulation/install/go2_ekf/lib'
[122.304s] Level 1:colcon.colcon_core.environment:checking '/home/samsung/go2_ws/src/go2_simulation/install/go2_ekf/bin'
[122.304s] Level 1:colcon.colcon_core.environment:checking '/home/samsung/go2_ws/src/go2_simulation/install/go2_ekf/lib/pkgconfig/go2_ekf.pc'
[122.305s] Level 1:colcon.colcon_core.environment:checking '/home/samsung/go2_ws/src/go2_simulation/install/go2_ekf/lib/python3.12/site-packages'
[122.305s] Level 1:colcon.colcon_core.environment:checking '/home/samsung/go2_ws/src/go2_simulation/install/go2_ekf/bin'
[122.306s] INFO:colcon.colcon_core.shell:Creating package script '/home/samsung/go2_ws/src/go2_simulation/install/go2_ekf/share/go2_ekf/package.ps1'
[122.308s] INFO:colcon.colcon_core.shell:Creating package descriptor '/home/samsung/go2_ws/src/go2_simulation/install/go2_ekf/share/go2_ekf/package.dsv'
[122.310s] INFO:colcon.colcon_core.shell:Creating package script '/home/samsung/go2_ws/src/go2_simulation/install/go2_ekf/share/go2_ekf/package.sh'
[122.312s] INFO:colcon.colcon_core.shell:Creating package script '/home/samsung/go2_ws/src/go2_simulation/install/go2_ekf/share/go2_ekf/package.bash'
[122.314s] INFO:colcon.colcon_core.shell:Creating package script '/home/samsung/go2_ws/src/go2_simulation/install/go2_ekf/share/go2_ekf/package.zsh'
[122.315s] Level 1:colcon.colcon_core.environment:create_file_with_runtime_dependencies(/home/samsung/go2_ws/src/go2_simulation/install/go2_ekf/share/colcon-core/packages/go2_ekf)
[122.317s] Level 1:colcon.colcon_core.environment:create_environment_scripts_only(go2_lowstates)
[122.317s] DEBUG:colcon.colcon_core.event_handler.log_command:Invoked command in '/home/samsung/go2_ws/src/go2_simulation/build/go2_lowstates' returned '0': AMENT_PREFIX_PATH=/home/samsung/go2_ws/src/go2_simulation/install/unitree_go:${AMENT_PREFIX_PATH} CMAKE_PREFIX_PATH=/home/samsung/go2_ws/src/go2_simulation/install/unitree_go:/home/samsung/go2_ws/install/imu_to_odom:/home/samsung/go2_ws/install/go2_real:/home/samsung/go2_ws/install/go2_gzsim:/home/samsung/go2_ws/install/go2_remap:/home/samsung/go2_ws/install/go2_refs:/home/samsung/go2_ws/install/go2_lowstates:/home/samsung/go2_ws/install/go2_jointcontroller:/home/samsung/go2_ws/install/go2_ekf:/home/samsung/go2_ws/install/go2_actuator:/home/samsung/go2_ws/install/unitree_go:/home/samsung/go2_ws/install/go2_rgc:/home/samsung/go2_ws/install/go2_interfaces:/home/samsung/go2_ws/install/go2_description:/opt/ros/jazzy/opt/gz_sim_vendor:/opt/ros/jazzy/opt/gz_sensors_vendor:/opt/ros/jazzy/opt/gz_physics_vendor:/opt/ros/jazzy/opt/sdformat_vendor:/opt/ros/jazzy/opt/gz_gui_vendor:/opt/ros/jazzy/opt/gz_transport_vendor:/opt/ros/jazzy/opt/gz_rendering_vendor:/opt/ros/jazzy/opt/gz_plugin_vendor:/opt/ros/jazzy/opt/gz_fuel_tools_vendor:/opt/ros/jazzy/opt/gz_msgs_vendor:/opt/ros/jazzy/opt/gz_common_vendor:/opt/ros/jazzy/opt/gz_math_vendor:/opt/ros/jazzy/opt/gz_utils_vendor:/opt/ros/jazzy/opt/gz_tools_vendor:/opt/ros/jazzy/opt/gz_ogre_next_vendor:/opt/ros/jazzy/opt/gz_dartsim_vendor:/opt/ros/jazzy/opt/gz_cmake_vendor:/opt/ros/jazzy DEBUGINFOD_URLS=https://debuginfod.ubuntu.com LD_LIBRARY_PATH=/home/samsung/go2_ws/src/go2_simulation/install/unitree_go/lib:${LD_LIBRARY_PATH} PYTHONPATH=/home/samsung/go2_ws/src/go2_simulation/install/unitree_go/lib/python3.12/site-packages:${PYTHONPATH} /usr/bin/cmake --install /home/samsung/go2_ws/src/go2_simulation/build/go2_lowstates
[122.318s] Level 1:colcon.colcon_core.environment:checking '/home/samsung/go2_ws/src/go2_simulation/install/go2_lowstates' for CMake module files
[122.319s] Level 1:colcon.colcon_core.environment:checking '/home/samsung/go2_ws/src/go2_simulation/install/go2_lowstates' for CMake config files
[122.320s] Level 1:colcon.colcon_core.shell:create_environment_hook('go2_lowstates', 'cmake_prefix_path')
[122.320s] INFO:colcon.colcon_core.shell:Creating environment hook '/home/samsung/go2_ws/src/go2_simulation/install/go2_lowstates/share/go2_lowstates/hook/cmake_prefix_path.ps1'
[122.321s] INFO:colcon.colcon_core.shell:Creating environment descriptor '/home/samsung/go2_ws/src/go2_simulation/install/go2_lowstates/share/go2_lowstates/hook/cmake_prefix_path.dsv'
[122.321s] INFO:colcon.colcon_core.shell:Creating environment hook '/home/samsung/go2_ws/src/go2_simulation/install/go2_lowstates/share/go2_lowstates/hook/cmake_prefix_path.sh'
[122.323s] Level 1:colcon.colcon_core.environment:checking '/home/samsung/go2_ws/src/go2_simulation/install/go2_lowstates/lib'
[122.323s] Level 1:colcon.colcon_core.shell:create_environment_hook('go2_lowstates', 'ld_library_path_lib')
[122.324s] INFO:colcon.colcon_core.shell:Creating environment hook '/home/samsung/go2_ws/src/go2_simulation/install/go2_lowstates/share/go2_lowstates/hook/ld_library_path_lib.ps1'
[122.324s] INFO:colcon.colcon_core.shell:Creating environment descriptor '/home/samsung/go2_ws/src/go2_simulation/install/go2_lowstates/share/go2_lowstates/hook/ld_library_path_lib.dsv'
[122.325s] INFO:colcon.colcon_core.shell:Creating environment hook '/home/samsung/go2_ws/src/go2_simulation/install/go2_lowstates/share/go2_lowstates/hook/ld_library_path_lib.sh'
[122.326s] Level 1:colcon.colcon_core.environment:checking '/home/samsung/go2_ws/src/go2_simulation/install/go2_lowstates/bin'
[122.326s] Level 1:colcon.colcon_core.environment:checking '/home/samsung/go2_ws/src/go2_simulation/install/go2_lowstates/lib/pkgconfig/go2_lowstates.pc'
[122.327s] Level 1:colcon.colcon_core.environment:checking '/home/samsung/go2_ws/src/go2_simulation/install/go2_lowstates/lib/python3.12/site-packages'
[122.327s] Level 1:colcon.colcon_core.environment:checking '/home/samsung/go2_ws/src/go2_simulation/install/go2_lowstates/bin'
[122.328s] INFO:colcon.colcon_core.shell:Creating package script '/home/samsung/go2_ws/src/go2_simulation/install/go2_lowstates/share/go2_lowstates/package.ps1'
[122.329s] INFO:colcon.colcon_core.shell:Creating package descriptor '/home/samsung/go2_ws/src/go2_simulation/install/go2_lowstates/share/go2_lowstates/package.dsv'
[122.330s] INFO:colcon.colcon_core.shell:Creating package script '/home/samsung/go2_ws/src/go2_simulation/install/go2_lowstates/share/go2_lowstates/package.sh'
[122.331s] INFO:colcon.colcon_core.shell:Creating package script '/home/samsung/go2_ws/src/go2_simulation/install/go2_lowstates/share/go2_lowstates/package.bash'
[122.333s] INFO:colcon.colcon_core.shell:Creating package script '/home/samsung/go2_ws/src/go2_simulation/install/go2_lowstates/share/go2_lowstates/package.zsh'
[122.334s] Level 1:colcon.colcon_core.environment:create_file_with_runtime_dependencies(/home/samsung/go2_ws/src/go2_simulation/install/go2_lowstates/share/colcon-core/packages/go2_lowstates)
[122.336s] Level 1:colcon.colcon_core.environment:create_environment_scripts_only(go2_lowstates)
[122.336s] Level 1:colcon.colcon_core.environment:checking '/home/samsung/go2_ws/src/go2_simulation/install/go2_lowstates' for CMake module files
[122.337s] Level 1:colcon.colcon_core.environment:checking '/home/samsung/go2_ws/src/go2_simulation/install/go2_lowstates' for CMake config files
[122.338s] Level 1:colcon.colcon_core.shell:create_environment_hook('go2_lowstates', 'cmake_prefix_path')
[122.339s] INFO:colcon.colcon_core.shell:Creating environment hook '/home/samsung/go2_ws/src/go2_simulation/install/go2_lowstates/share/go2_lowstates/hook/cmake_prefix_path.ps1'
[122.340s] INFO:colcon.colcon_core.shell:Creating environment descriptor '/home/samsung/go2_ws/src/go2_simulation/install/go2_lowstates/share/go2_lowstates/hook/cmake_prefix_path.dsv'
[122.340s] INFO:colcon.colcon_core.shell:Creating environment hook '/home/samsung/go2_ws/src/go2_simulation/install/go2_lowstates/share/go2_lowstates/hook/cmake_prefix_path.sh'
[122.342s] Level 1:colcon.colcon_core.environment:checking '/home/samsung/go2_ws/src/go2_simulation/install/go2_lowstates/lib'
[122.343s] Level 1:colcon.colcon_core.shell:create_environment_hook('go2_lowstates', 'ld_library_path_lib')
[122.343s] INFO:colcon.colcon_core.shell:Creating environment hook '/home/samsung/go2_ws/src/go2_simulation/install/go2_lowstates/share/go2_lowstates/hook/ld_library_path_lib.ps1'
[122.345s] INFO:colcon.colcon_core.shell:Creating environment descriptor '/home/samsung/go2_ws/src/go2_simulation/install/go2_lowstates/share/go2_lowstates/hook/ld_library_path_lib.dsv'
[122.346s] INFO:colcon.colcon_core.shell:Creating environment hook '/home/samsung/go2_ws/src/go2_simulation/install/go2_lowstates/share/go2_lowstates/hook/ld_library_path_lib.sh'
[122.347s] Level 1:colcon.colcon_core.environment:checking '/home/samsung/go2_ws/src/go2_simulation/install/go2_lowstates/bin'
[122.348s] Level 1:colcon.colcon_core.environment:checking '/home/samsung/go2_ws/src/go2_simulation/install/go2_lowstates/lib/pkgconfig/go2_lowstates.pc'
[122.348s] Level 1:colcon.colcon_core.environment:checking '/home/samsung/go2_ws/src/go2_simulation/install/go2_lowstates/lib/python3.12/site-packages'
[122.349s] Level 1:colcon.colcon_core.environment:checking '/home/samsung/go2_ws/src/go2_simulation/install/go2_lowstates/bin'
[122.350s] INFO:colcon.colcon_core.shell:Creating package script '/home/samsung/go2_ws/src/go2_simulation/install/go2_lowstates/share/go2_lowstates/package.ps1'
[122.352s] INFO:colcon.colcon_core.shell:Creating package descriptor '/home/samsung/go2_ws/src/go2_simulation/install/go2_lowstates/share/go2_lowstates/package.dsv'
[122.354s] INFO:colcon.colcon_core.shell:Creating package script '/home/samsung/go2_ws/src/go2_simulation/install/go2_lowstates/share/go2_lowstates/package.sh'
[122.355s] INFO:colcon.colcon_core.shell:Creating package script '/home/samsung/go2_ws/src/go2_simulation/install/go2_lowstates/share/go2_lowstates/package.bash'
[122.370s] INFO:colcon.colcon_core.shell:Creating package script '/home/samsung/go2_ws/src/go2_simulation/install/go2_lowstates/share/go2_lowstates/package.zsh'
[122.371s] Level 1:colcon.colcon_core.environment:create_file_with_runtime_dependencies(/home/samsung/go2_ws/src/go2_simulation/install/go2_lowstates/share/colcon-core/packages/go2_lowstates)
[122.405s] DEBUG:colcon.colcon_core.event_handler.log_command:Invoked command in '/home/samsung/go2_ws/src/go2_simulation/build/go2_rgc' returned '0': CMAKE_PREFIX_PATH=${CMAKE_PREFIX_PATH}:/opt/ros/jazzy DEBUGINFOD_URLS=https://debuginfod.ubuntu.com /usr/bin/cmake --build /home/samsung/go2_ws/src/go2_simulation/build/go2_rgc -- -j8 -l8
[122.408s] DEBUG:colcon.colcon_core.event_handler.log_command:Invoking command in '/home/samsung/go2_ws/src/go2_simulation/build/go2_rgc': CMAKE_PREFIX_PATH=${CMAKE_PREFIX_PATH}:/opt/ros/jazzy DEBUGINFOD_URLS=https://debuginfod.ubuntu.com /usr/bin/cmake --install /home/samsung/go2_ws/src/go2_simulation/build/go2_rgc
[122.451s] Level 1:colcon.colcon_core.environment:create_environment_scripts_only(go2_rgc)
[122.452s] DEBUG:colcon.colcon_core.event_handler.log_command:Invoked command in '/home/samsung/go2_ws/src/go2_simulation/build/go2_rgc' returned '0': CMAKE_PREFIX_PATH=${CMAKE_PREFIX_PATH}:/opt/ros/jazzy DEBUGINFOD_URLS=https://debuginfod.ubuntu.com /usr/bin/cmake --install /home/samsung/go2_ws/src/go2_simulation/build/go2_rgc
[122.453s] Level 1:colcon.colcon_core.environment:checking '/home/samsung/go2_ws/src/go2_simulation/install/go2_rgc' for CMake module files
[122.455s] Level 1:colcon.colcon_core.environment:checking '/home/samsung/go2_ws/src/go2_simulation/install/go2_rgc' for CMake config files
[122.456s] Level 1:colcon.colcon_core.shell:create_environment_hook('go2_rgc', 'cmake_prefix_path')
[122.456s] INFO:colcon.colcon_core.shell:Creating environment hook '/home/samsung/go2_ws/src/go2_simulation/install/go2_rgc/share/go2_rgc/hook/cmake_prefix_path.ps1'
[122.457s] INFO:colcon.colcon_core.shell:Creating environment descriptor '/home/samsung/go2_ws/src/go2_simulation/install/go2_rgc/share/go2_rgc/hook/cmake_prefix_path.dsv'
[122.458s] INFO:colcon.colcon_core.shell:Creating environment hook '/home/samsung/go2_ws/src/go2_simulation/install/go2_rgc/share/go2_rgc/hook/cmake_prefix_path.sh'
[122.460s] Level 1:colcon.colcon_core.environment:checking '/home/samsung/go2_ws/src/go2_simulation/install/go2_rgc/lib'
[122.460s] Level 1:colcon.colcon_core.shell:create_environment_hook('go2_rgc', 'ld_library_path_lib')
[122.461s] INFO:colcon.colcon_core.shell:Creating environment hook '/home/samsung/go2_ws/src/go2_simulation/install/go2_rgc/share/go2_rgc/hook/ld_library_path_lib.ps1'
[122.462s] INFO:colcon.colcon_core.shell:Creating environment descriptor '/home/samsung/go2_ws/src/go2_simulation/install/go2_rgc/share/go2_rgc/hook/ld_library_path_lib.dsv'
[122.462s] INFO:colcon.colcon_core.shell:Creating environment hook '/home/samsung/go2_ws/src/go2_simulation/install/go2_rgc/share/go2_rgc/hook/ld_library_path_lib.sh'
[122.463s] Level 1:colcon.colcon_core.environment:checking '/home/samsung/go2_ws/src/go2_simulation/install/go2_rgc/bin'
[122.464s] Level 1:colcon.colcon_core.environment:checking '/home/samsung/go2_ws/src/go2_simulation/install/go2_rgc/lib/pkgconfig/go2_rgc.pc'
[122.465s] Level 1:colcon.colcon_core.environment:checking '/home/samsung/go2_ws/src/go2_simulation/install/go2_rgc/lib/python3.12/site-packages'
[122.465s] Level 1:colcon.colcon_core.environment:checking '/home/samsung/go2_ws/src/go2_simulation/install/go2_rgc/bin'
[122.466s] INFO:colcon.colcon_core.shell:Creating package script '/home/samsung/go2_ws/src/go2_simulation/install/go2_rgc/share/go2_rgc/package.ps1'
[122.468s] INFO:colcon.colcon_core.shell:Creating package descriptor '/home/samsung/go2_ws/src/go2_simulation/install/go2_rgc/share/go2_rgc/package.dsv'
[122.469s] INFO:colcon.colcon_core.shell:Creating package script '/home/samsung/go2_ws/src/go2_simulation/install/go2_rgc/share/go2_rgc/package.sh'
[122.470s] INFO:colcon.colcon_core.shell:Creating package script '/home/samsung/go2_ws/src/go2_simulation/install/go2_rgc/share/go2_rgc/package.bash'
[122.471s] INFO:colcon.colcon_core.shell:Creating package script '/home/samsung/go2_ws/src/go2_simulation/install/go2_rgc/share/go2_rgc/package.zsh'
[122.472s] Level 1:colcon.colcon_core.environment:create_file_with_runtime_dependencies(/home/samsung/go2_ws/src/go2_simulation/install/go2_rgc/share/colcon-core/packages/go2_rgc)
[122.473s] Level 1:colcon.colcon_core.environment:create_environment_scripts_only(go2_rgc)
[122.474s] Level 1:colcon.colcon_core.environment:checking '/home/samsung/go2_ws/src/go2_simulation/install/go2_rgc' for CMake module files
[122.476s] Level 1:colcon.colcon_core.environment:checking '/home/samsung/go2_ws/src/go2_simulation/install/go2_rgc' for CMake config files
[122.477s] Level 1:colcon.colcon_core.shell:create_environment_hook('go2_rgc', 'cmake_prefix_path')
[122.477s] INFO:colcon.colcon_core.shell:Creating environment hook '/home/samsung/go2_ws/src/go2_simulation/install/go2_rgc/share/go2_rgc/hook/cmake_prefix_path.ps1'
[122.478s] INFO:colcon.colcon_core.shell:Creating environment descriptor '/home/samsung/go2_ws/src/go2_simulation/install/go2_rgc/share/go2_rgc/hook/cmake_prefix_path.dsv'
[122.479s] INFO:colcon.colcon_core.shell:Creating environment hook '/home/samsung/go2_ws/src/go2_simulation/install/go2_rgc/share/go2_rgc/hook/cmake_prefix_path.sh'
[122.480s] Level 1:colcon.colcon_core.environment:checking '/home/samsung/go2_ws/src/go2_simulation/install/go2_rgc/lib'
[122.480s] Level 1:colcon.colcon_core.shell:create_environment_hook('go2_rgc', 'ld_library_path_lib')
[122.480s] INFO:colcon.colcon_core.shell:Creating environment hook '/home/samsung/go2_ws/src/go2_simulation/install/go2_rgc/share/go2_rgc/hook/ld_library_path_lib.ps1'
[122.481s] INFO:colcon.colcon_core.shell:Creating environment descriptor '/home/samsung/go2_ws/src/go2_simulation/install/go2_rgc/share/go2_rgc/hook/ld_library_path_lib.dsv'
[122.482s] INFO:colcon.colcon_core.shell:Creating environment hook '/home/samsung/go2_ws/src/go2_simulation/install/go2_rgc/share/go2_rgc/hook/ld_library_path_lib.sh'
[122.482s] Level 1:colcon.colcon_core.environment:checking '/home/samsung/go2_ws/src/go2_simulation/install/go2_rgc/bin'
[122.483s] Level 1:colcon.colcon_core.environment:checking '/home/samsung/go2_ws/src/go2_simulation/install/go2_rgc/lib/pkgconfig/go2_rgc.pc'
[122.483s] Level 1:colcon.colcon_core.environment:checking '/home/samsung/go2_ws/src/go2_simulation/install/go2_rgc/lib/python3.12/site-packages'
[122.483s] Level 1:colcon.colcon_core.environment:checking '/home/samsung/go2_ws/src/go2_simulation/install/go2_rgc/bin'
[122.484s] INFO:colcon.colcon_core.shell:Creating package script '/home/samsung/go2_ws/src/go2_simulation/install/go2_rgc/share/go2_rgc/package.ps1'
[122.485s] INFO:colcon.colcon_core.shell:Creating package descriptor '/home/samsung/go2_ws/src/go2_simulation/install/go2_rgc/share/go2_rgc/package.dsv'
[122.486s] INFO:colcon.colcon_core.shell:Creating package script '/home/samsung/go2_ws/src/go2_simulation/install/go2_rgc/share/go2_rgc/package.sh'
[122.487s] INFO:colcon.colcon_core.shell:Creating package script '/home/samsung/go2_ws/src/go2_simulation/install/go2_rgc/share/go2_rgc/package.bash'
[122.488s] INFO:colcon.colcon_core.shell:Creating package script '/home/samsung/go2_ws/src/go2_simulation/install/go2_rgc/share/go2_rgc/package.zsh'
[122.488s] Level 1:colcon.colcon_core.environment:create_file_with_runtime_dependencies(/home/samsung/go2_ws/src/go2_simulation/install/go2_rgc/share/colcon-core/packages/go2_rgc)
[130.418s] DEBUG:colcon.colcon_core.event_handler.log_command:Invoked command in '/home/samsung/go2_ws/src/go2_simulation/build/imu_to_odom' returned '0': AMENT_PREFIX_PATH=/home/samsung/go2_ws/src/go2_simulation/install/unitree_go:${AMENT_PREFIX_PATH} CMAKE_PREFIX_PATH=/home/samsung/go2_ws/src/go2_simulation/install/unitree_go:/home/samsung/go2_ws/install/imu_to_odom:/home/samsung/go2_ws/install/go2_real:/home/samsung/go2_ws/install/go2_gzsim:/home/samsung/go2_ws/install/go2_remap:/home/samsung/go2_ws/install/go2_refs:/home/samsung/go2_ws/install/go2_lowstates:/home/samsung/go2_ws/install/go2_jointcontroller:/home/samsung/go2_ws/install/go2_ekf:/home/samsung/go2_ws/install/go2_actuator:/home/samsung/go2_ws/install/unitree_go:/home/samsung/go2_ws/install/go2_rgc:/home/samsung/go2_ws/install/go2_interfaces:/home/samsung/go2_ws/install/go2_description:/opt/ros/jazzy/opt/gz_sim_vendor:/opt/ros/jazzy/opt/gz_sensors_vendor:/opt/ros/jazzy/opt/gz_physics_vendor:/opt/ros/jazzy/opt/sdformat_vendor:/opt/ros/jazzy/opt/gz_gui_vendor:/opt/ros/jazzy/opt/gz_transport_vendor:/opt/ros/jazzy/opt/gz_rendering_vendor:/opt/ros/jazzy/opt/gz_plugin_vendor:/opt/ros/jazzy/opt/gz_fuel_tools_vendor:/opt/ros/jazzy/opt/gz_msgs_vendor:/opt/ros/jazzy/opt/gz_common_vendor:/opt/ros/jazzy/opt/gz_math_vendor:/opt/ros/jazzy/opt/gz_utils_vendor:/opt/ros/jazzy/opt/gz_tools_vendor:/opt/ros/jazzy/opt/gz_ogre_next_vendor:/opt/ros/jazzy/opt/gz_dartsim_vendor:/opt/ros/jazzy/opt/gz_cmake_vendor:/opt/ros/jazzy DEBUGINFOD_URLS=https://debuginfod.ubuntu.com LD_LIBRARY_PATH=/home/samsung/go2_ws/src/go2_simulation/install/unitree_go/lib:${LD_LIBRARY_PATH} PYTHONPATH=/home/samsung/go2_ws/src/go2_simulation/install/unitree_go/lib/python3.12/site-packages:${PYTHONPATH} /usr/bin/cmake --build /home/samsung/go2_ws/src/go2_simulation/build/imu_to_odom -- -j8 -l8
[130.421s] DEBUG:colcon.colcon_core.event_handler.log_command:Invoking command in '/home/samsung/go2_ws/src/go2_simulation/build/imu_to_odom': AMENT_PREFIX_PATH=/home/samsung/go2_ws/src/go2_simulation/install/unitree_go:${AMENT_PREFIX_PATH} CMAKE_PREFIX_PATH=/home/samsung/go2_ws/src/go2_simulation/install/unitree_go:/home/samsung/go2_ws/install/imu_to_odom:/home/samsung/go2_ws/install/go2_real:/home/samsung/go2_ws/install/go2_gzsim:/home/samsung/go2_ws/install/go2_remap:/home/samsung/go2_ws/install/go2_refs:/home/samsung/go2_ws/install/go2_lowstates:/home/samsung/go2_ws/install/go2_jointcontroller:/home/samsung/go2_ws/install/go2_ekf:/home/samsung/go2_ws/install/go2_actuator:/home/samsung/go2_ws/install/unitree_go:/home/samsung/go2_ws/install/go2_rgc:/home/samsung/go2_ws/install/go2_interfaces:/home/samsung/go2_ws/install/go2_description:/opt/ros/jazzy/opt/gz_sim_vendor:/opt/ros/jazzy/opt/gz_sensors_vendor:/opt/ros/jazzy/opt/gz_physics_vendor:/opt/ros/jazzy/opt/sdformat_vendor:/opt/ros/jazzy/opt/gz_gui_vendor:/opt/ros/jazzy/opt/gz_transport_vendor:/opt/ros/jazzy/opt/gz_rendering_vendor:/opt/ros/jazzy/opt/gz_plugin_vendor:/opt/ros/jazzy/opt/gz_fuel_tools_vendor:/opt/ros/jazzy/opt/gz_msgs_vendor:/opt/ros/jazzy/opt/gz_common_vendor:/opt/ros/jazzy/opt/gz_math_vendor:/opt/ros/jazzy/opt/gz_utils_vendor:/opt/ros/jazzy/opt/gz_tools_vendor:/opt/ros/jazzy/opt/gz_ogre_next_vendor:/opt/ros/jazzy/opt/gz_dartsim_vendor:/opt/ros/jazzy/opt/gz_cmake_vendor:/opt/ros/jazzy DEBUGINFOD_URLS=https://debuginfod.ubuntu.com LD_LIBRARY_PATH=/home/samsung/go2_ws/src/go2_simulation/install/unitree_go/lib:${LD_LIBRARY_PATH} PYTHONPATH=/home/samsung/go2_ws/src/go2_simulation/install/unitree_go/lib/python3.12/site-packages:${PYTHONPATH} /usr/bin/cmake --install /home/samsung/go2_ws/src/go2_simulation/build/imu_to_odom
[130.452s] Level 1:colcon.colcon_core.environment:create_environment_scripts_only(imu_to_odom)
[130.452s] Level 1:colcon.colcon_core.environment:checking '/home/samsung/go2_ws/src/go2_simulation/install/imu_to_odom' for CMake module files
[130.454s] DEBUG:colcon.colcon_core.event_handler.log_command:Invoked command in '/home/samsung/go2_ws/src/go2_simulation/build/imu_to_odom' returned '0': AMENT_PREFIX_PATH=/home/samsung/go2_ws/src/go2_simulation/install/unitree_go:${AMENT_PREFIX_PATH} CMAKE_PREFIX_PATH=/home/samsung/go2_ws/src/go2_simulation/install/unitree_go:/home/samsung/go2_ws/install/imu_to_odom:/home/samsung/go2_ws/install/go2_real:/home/samsung/go2_ws/install/go2_gzsim:/home/samsung/go2_ws/install/go2_remap:/home/samsung/go2_ws/install/go2_refs:/home/samsung/go2_ws/install/go2_lowstates:/home/samsung/go2_ws/install/go2_jointcontroller:/home/samsung/go2_ws/install/go2_ekf:/home/samsung/go2_ws/install/go2_actuator:/home/samsung/go2_ws/install/unitree_go:/home/samsung/go2_ws/install/go2_rgc:/home/samsung/go2_ws/install/go2_interfaces:/home/samsung/go2_ws/install/go2_description:/opt/ros/jazzy/opt/gz_sim_vendor:/opt/ros/jazzy/opt/gz_sensors_vendor:/opt/ros/jazzy/opt/gz_physics_vendor:/opt/ros/jazzy/opt/sdformat_vendor:/opt/ros/jazzy/opt/gz_gui_vendor:/opt/ros/jazzy/opt/gz_transport_vendor:/opt/ros/jazzy/opt/gz_rendering_vendor:/opt/ros/jazzy/opt/gz_plugin_vendor:/opt/ros/jazzy/opt/gz_fuel_tools_vendor:/opt/ros/jazzy/opt/gz_msgs_vendor:/opt/ros/jazzy/opt/gz_common_vendor:/opt/ros/jazzy/opt/gz_math_vendor:/opt/ros/jazzy/opt/gz_utils_vendor:/opt/ros/jazzy/opt/gz_tools_vendor:/opt/ros/jazzy/opt/gz_ogre_next_vendor:/opt/ros/jazzy/opt/gz_dartsim_vendor:/opt/ros/jazzy/opt/gz_cmake_vendor:/opt/ros/jazzy DEBUGINFOD_URLS=https://debuginfod.ubuntu.com LD_LIBRARY_PATH=/home/samsung/go2_ws/src/go2_simulation/install/unitree_go/lib:${LD_LIBRARY_PATH} PYTHONPATH=/home/samsung/go2_ws/src/go2_simulation/install/unitree_go/lib/python3.12/site-packages:${PYTHONPATH} /usr/bin/cmake --install /home/samsung/go2_ws/src/go2_simulation/build/imu_to_odom
[130.455s] Level 1:colcon.colcon_core.environment:checking '/home/samsung/go2_ws/src/go2_simulation/install/imu_to_odom' for CMake config files
[130.455s] Level 1:colcon.colcon_core.shell:create_environment_hook('imu_to_odom', 'cmake_prefix_path')
[130.456s] INFO:colcon.colcon_core.shell:Creating environment hook '/home/samsung/go2_ws/src/go2_simulation/install/imu_to_odom/share/imu_to_odom/hook/cmake_prefix_path.ps1'
[130.456s] INFO:colcon.colcon_core.shell:Creating environment descriptor '/home/samsung/go2_ws/src/go2_simulation/install/imu_to_odom/share/imu_to_odom/hook/cmake_prefix_path.dsv'
[130.457s] INFO:colcon.colcon_core.shell:Creating environment hook '/home/samsung/go2_ws/src/go2_simulation/install/imu_to_odom/share/imu_to_odom/hook/cmake_prefix_path.sh'
[130.460s] Level 1:colcon.colcon_core.environment:checking '/home/samsung/go2_ws/src/go2_simulation/install/imu_to_odom/lib'
[130.460s] Level 1:colcon.colcon_core.environment:checking '/home/samsung/go2_ws/src/go2_simulation/install/imu_to_odom/bin'
[130.460s] Level 1:colcon.colcon_core.environment:checking '/home/samsung/go2_ws/src/go2_simulation/install/imu_to_odom/lib/pkgconfig/imu_to_odom.pc'
[130.461s] Level 1:colcon.colcon_core.environment:checking '/home/samsung/go2_ws/src/go2_simulation/install/imu_to_odom/lib/python3.12/site-packages'
[130.461s] Level 1:colcon.colcon_core.environment:checking '/home/samsung/go2_ws/src/go2_simulation/install/imu_to_odom/bin'
[130.461s] INFO:colcon.colcon_core.shell:Creating package script '/home/samsung/go2_ws/src/go2_simulation/install/imu_to_odom/share/imu_to_odom/package.ps1'
[130.462s] INFO:colcon.colcon_core.shell:Creating package descriptor '/home/samsung/go2_ws/src/go2_simulation/install/imu_to_odom/share/imu_to_odom/package.dsv'
[130.463s] INFO:colcon.colcon_core.shell:Creating package script '/home/samsung/go2_ws/src/go2_simulation/install/imu_to_odom/share/imu_to_odom/package.sh'
[130.464s] INFO:colcon.colcon_core.shell:Creating package script '/home/samsung/go2_ws/src/go2_simulation/install/imu_to_odom/share/imu_to_odom/package.bash'
[130.464s] INFO:colcon.colcon_core.shell:Creating package script '/home/samsung/go2_ws/src/go2_simulation/install/imu_to_odom/share/imu_to_odom/package.zsh'
[130.465s] Level 1:colcon.colcon_core.environment:create_file_with_runtime_dependencies(/home/samsung/go2_ws/src/go2_simulation/install/imu_to_odom/share/colcon-core/packages/imu_to_odom)
[130.467s] Level 1:colcon.colcon_core.environment:create_environment_scripts_only(imu_to_odom)
[130.467s] Level 1:colcon.colcon_core.environment:checking '/home/samsung/go2_ws/src/go2_simulation/install/imu_to_odom' for CMake module files
[130.468s] Level 1:colcon.colcon_core.environment:checking '/home/samsung/go2_ws/src/go2_simulation/install/imu_to_odom' for CMake config files
[130.469s] Level 1:colcon.colcon_core.shell:create_environment_hook('imu_to_odom', 'cmake_prefix_path')
[130.469s] INFO:colcon.colcon_core.shell:Creating environment hook '/home/samsung/go2_ws/src/go2_simulation/install/imu_to_odom/share/imu_to_odom/hook/cmake_prefix_path.ps1'
[130.470s] INFO:colcon.colcon_core.shell:Creating environment descriptor '/home/samsung/go2_ws/src/go2_simulation/install/imu_to_odom/share/imu_to_odom/hook/cmake_prefix_path.dsv'
[130.471s] INFO:colcon.colcon_core.shell:Creating environment hook '/home/samsung/go2_ws/src/go2_simulation/install/imu_to_odom/share/imu_to_odom/hook/cmake_prefix_path.sh'
[130.472s] Level 1:colcon.colcon_core.environment:checking '/home/samsung/go2_ws/src/go2_simulation/install/imu_to_odom/lib'
[130.472s] Level 1:colcon.colcon_core.environment:checking '/home/samsung/go2_ws/src/go2_simulation/install/imu_to_odom/bin'
[130.472s] Level 1:colcon.colcon_core.environment:checking '/home/samsung/go2_ws/src/go2_simulation/install/imu_to_odom/lib/pkgconfig/imu_to_odom.pc'
[130.473s] Level 1:colcon.colcon_core.environment:checking '/home/samsung/go2_ws/src/go2_simulation/install/imu_to_odom/lib/python3.12/site-packages'
[130.473s] Level 1:colcon.colcon_core.environment:checking '/home/samsung/go2_ws/src/go2_simulation/install/imu_to_odom/bin'
[130.474s] INFO:colcon.colcon_core.shell:Creating package script '/home/samsung/go2_ws/src/go2_simulation/install/imu_to_odom/share/imu_to_odom/package.ps1'
[130.475s] INFO:colcon.colcon_core.shell:Creating package descriptor '/home/samsung/go2_ws/src/go2_simulation/install/imu_to_odom/share/imu_to_odom/package.dsv'
[130.476s] INFO:colcon.colcon_core.shell:Creating package script '/home/samsung/go2_ws/src/go2_simulation/install/imu_to_odom/share/imu_to_odom/package.sh'
[130.477s] INFO:colcon.colcon_core.shell:Creating package script '/home/samsung/go2_ws/src/go2_simulation/install/imu_to_odom/share/imu_to_odom/package.bash'
[130.477s] INFO:colcon.colcon_core.shell:Creating package script '/home/samsung/go2_ws/src/go2_simulation/install/imu_to_odom/share/imu_to_odom/package.zsh'
[130.478s] Level 1:colcon.colcon_core.environment:create_file_with_runtime_dependencies(/home/samsung/go2_ws/src/go2_simulation/install/imu_to_odom/share/colcon-core/packages/imu_to_odom)
[139.370s] DEBUG:colcon.colcon_core.event_handler.log_command:Invoked command in '/home/samsung/go2_ws/src/go2_simulation/build/go2_actuator' returned '0': AMENT_PREFIX_PATH=/home/samsung/go2_ws/src/go2_simulation/install/unitree_go:${AMENT_PREFIX_PATH} CMAKE_PREFIX_PATH=/home/samsung/go2_ws/src/go2_simulation/install/unitree_go:/home/samsung/go2_ws/install/imu_to_odom:/home/samsung/go2_ws/install/go2_real:/home/samsung/go2_ws/install/go2_gzsim:/home/samsung/go2_ws/install/go2_remap:/home/samsung/go2_ws/install/go2_refs:/home/samsung/go2_ws/install/go2_lowstates:/home/samsung/go2_ws/install/go2_jointcontroller:/home/samsung/go2_ws/install/go2_ekf:/home/samsung/go2_ws/install/go2_actuator:/home/samsung/go2_ws/install/unitree_go:/home/samsung/go2_ws/install/go2_rgc:/home/samsung/go2_ws/install/go2_interfaces:/home/samsung/go2_ws/install/go2_description:/opt/ros/jazzy/opt/gz_sim_vendor:/opt/ros/jazzy/opt/gz_sensors_vendor:/opt/ros/jazzy/opt/gz_physics_vendor:/opt/ros/jazzy/opt/sdformat_vendor:/opt/ros/jazzy/opt/gz_gui_vendor:/opt/ros/jazzy/opt/gz_transport_vendor:/opt/ros/jazzy/opt/gz_rendering_vendor:/opt/ros/jazzy/opt/gz_plugin_vendor:/opt/ros/jazzy/opt/gz_fuel_tools_vendor:/opt/ros/jazzy/opt/gz_msgs_vendor:/opt/ros/jazzy/opt/gz_common_vendor:/opt/ros/jazzy/opt/gz_math_vendor:/opt/ros/jazzy/opt/gz_utils_vendor:/opt/ros/jazzy/opt/gz_tools_vendor:/opt/ros/jazzy/opt/gz_ogre_next_vendor:/opt/ros/jazzy/opt/gz_dartsim_vendor:/opt/ros/jazzy/opt/gz_cmake_vendor:/opt/ros/jazzy DEBUGINFOD_URLS=https://debuginfod.ubuntu.com LD_LIBRARY_PATH=/home/samsung/go2_ws/src/go2_simulation/install/unitree_go/lib:${LD_LIBRARY_PATH} PYTHONPATH=/home/samsung/go2_ws/src/go2_simulation/install/unitree_go/lib/python3.12/site-packages:${PYTHONPATH} /usr/bin/cmake --build /home/samsung/go2_ws/src/go2_simulation/build/go2_actuator -- -j8 -l8
[139.373s] DEBUG:colcon.colcon_core.event_handler.log_command:Invoking command in '/home/samsung/go2_ws/src/go2_simulation/build/go2_actuator': AMENT_PREFIX_PATH=/home/samsung/go2_ws/src/go2_simulation/install/unitree_go:${AMENT_PREFIX_PATH} CMAKE_PREFIX_PATH=/home/samsung/go2_ws/src/go2_simulation/install/unitree_go:/home/samsung/go2_ws/install/imu_to_odom:/home/samsung/go2_ws/install/go2_real:/home/samsung/go2_ws/install/go2_gzsim:/home/samsung/go2_ws/install/go2_remap:/home/samsung/go2_ws/install/go2_refs:/home/samsung/go2_ws/install/go2_lowstates:/home/samsung/go2_ws/install/go2_jointcontroller:/home/samsung/go2_ws/install/go2_ekf:/home/samsung/go2_ws/install/go2_actuator:/home/samsung/go2_ws/install/unitree_go:/home/samsung/go2_ws/install/go2_rgc:/home/samsung/go2_ws/install/go2_interfaces:/home/samsung/go2_ws/install/go2_description:/opt/ros/jazzy/opt/gz_sim_vendor:/opt/ros/jazzy/opt/gz_sensors_vendor:/opt/ros/jazzy/opt/gz_physics_vendor:/opt/ros/jazzy/opt/sdformat_vendor:/opt/ros/jazzy/opt/gz_gui_vendor:/opt/ros/jazzy/opt/gz_transport_vendor:/opt/ros/jazzy/opt/gz_rendering_vendor:/opt/ros/jazzy/opt/gz_plugin_vendor:/opt/ros/jazzy/opt/gz_fuel_tools_vendor:/opt/ros/jazzy/opt/gz_msgs_vendor:/opt/ros/jazzy/opt/gz_common_vendor:/opt/ros/jazzy/opt/gz_math_vendor:/opt/ros/jazzy/opt/gz_utils_vendor:/opt/ros/jazzy/opt/gz_tools_vendor:/opt/ros/jazzy/opt/gz_ogre_next_vendor:/opt/ros/jazzy/opt/gz_dartsim_vendor:/opt/ros/jazzy/opt/gz_cmake_vendor:/opt/ros/jazzy DEBUGINFOD_URLS=https://debuginfod.ubuntu.com LD_LIBRARY_PATH=/home/samsung/go2_ws/src/go2_simulation/install/unitree_go/lib:${LD_LIBRARY_PATH} PYTHONPATH=/home/samsung/go2_ws/src/go2_simulation/install/unitree_go/lib/python3.12/site-packages:${PYTHONPATH} /usr/bin/cmake --install /home/samsung/go2_ws/src/go2_simulation/build/go2_actuator
[139.401s] Level 1:colcon.colcon_core.environment:create_environment_scripts_only(go2_actuator)
[139.401s] DEBUG:colcon.colcon_core.event_handler.log_command:Invoked command in '/home/samsung/go2_ws/src/go2_simulation/build/go2_actuator' returned '0': AMENT_PREFIX_PATH=/home/samsung/go2_ws/src/go2_simulation/install/unitree_go:${AMENT_PREFIX_PATH} CMAKE_PREFIX_PATH=/home/samsung/go2_ws/src/go2_simulation/install/unitree_go:/home/samsung/go2_ws/install/imu_to_odom:/home/samsung/go2_ws/install/go2_real:/home/samsung/go2_ws/install/go2_gzsim:/home/samsung/go2_ws/install/go2_remap:/home/samsung/go2_ws/install/go2_refs:/home/samsung/go2_ws/install/go2_lowstates:/home/samsung/go2_ws/install/go2_jointcontroller:/home/samsung/go2_ws/install/go2_ekf:/home/samsung/go2_ws/install/go2_actuator:/home/samsung/go2_ws/install/unitree_go:/home/samsung/go2_ws/install/go2_rgc:/home/samsung/go2_ws/install/go2_interfaces:/home/samsung/go2_ws/install/go2_description:/opt/ros/jazzy/opt/gz_sim_vendor:/opt/ros/jazzy/opt/gz_sensors_vendor:/opt/ros/jazzy/opt/gz_physics_vendor:/opt/ros/jazzy/opt/sdformat_vendor:/opt/ros/jazzy/opt/gz_gui_vendor:/opt/ros/jazzy/opt/gz_transport_vendor:/opt/ros/jazzy/opt/gz_rendering_vendor:/opt/ros/jazzy/opt/gz_plugin_vendor:/opt/ros/jazzy/opt/gz_fuel_tools_vendor:/opt/ros/jazzy/opt/gz_msgs_vendor:/opt/ros/jazzy/opt/gz_common_vendor:/opt/ros/jazzy/opt/gz_math_vendor:/opt/ros/jazzy/opt/gz_utils_vendor:/opt/ros/jazzy/opt/gz_tools_vendor:/opt/ros/jazzy/opt/gz_ogre_next_vendor:/opt/ros/jazzy/opt/gz_dartsim_vendor:/opt/ros/jazzy/opt/gz_cmake_vendor:/opt/ros/jazzy DEBUGINFOD_URLS=https://debuginfod.ubuntu.com LD_LIBRARY_PATH=/home/samsung/go2_ws/src/go2_simulation/install/unitree_go/lib:${LD_LIBRARY_PATH} PYTHONPATH=/home/samsung/go2_ws/src/go2_simulation/install/unitree_go/lib/python3.12/site-packages:${PYTHONPATH} /usr/bin/cmake --install /home/samsung/go2_ws/src/go2_simulation/build/go2_actuator
[139.402s] Level 1:colcon.colcon_core.environment:checking '/home/samsung/go2_ws/src/go2_simulation/install/go2_actuator' for CMake module files
[139.404s] Level 1:colcon.colcon_core.environment:checking '/home/samsung/go2_ws/src/go2_simulation/install/go2_actuator' for CMake config files
[139.404s] Level 1:colcon.colcon_core.shell:create_environment_hook('go2_actuator', 'cmake_prefix_path')
[139.405s] INFO:colcon.colcon_core.shell:Creating environment hook '/home/samsung/go2_ws/src/go2_simulation/install/go2_actuator/share/go2_actuator/hook/cmake_prefix_path.ps1'
[139.407s] INFO:colcon.colcon_core.shell:Creating environment descriptor '/home/samsung/go2_ws/src/go2_simulation/install/go2_actuator/share/go2_actuator/hook/cmake_prefix_path.dsv'
[139.408s] INFO:colcon.colcon_core.shell:Creating environment hook '/home/samsung/go2_ws/src/go2_simulation/install/go2_actuator/share/go2_actuator/hook/cmake_prefix_path.sh'
[139.409s] Level 1:colcon.colcon_core.environment:checking '/home/samsung/go2_ws/src/go2_simulation/install/go2_actuator/lib'
[139.410s] Level 1:colcon.colcon_core.shell:create_environment_hook('go2_actuator', 'ld_library_path_lib')
[139.410s] INFO:colcon.colcon_core.shell:Creating environment hook '/home/samsung/go2_ws/src/go2_simulation/install/go2_actuator/share/go2_actuator/hook/ld_library_path_lib.ps1'
[139.411s] INFO:colcon.colcon_core.shell:Creating environment descriptor '/home/samsung/go2_ws/src/go2_simulation/install/go2_actuator/share/go2_actuator/hook/ld_library_path_lib.dsv'
[139.412s] INFO:colcon.colcon_core.shell:Creating environment hook '/home/samsung/go2_ws/src/go2_simulation/install/go2_actuator/share/go2_actuator/hook/ld_library_path_lib.sh'
[139.413s] Level 1:colcon.colcon_core.environment:checking '/home/samsung/go2_ws/src/go2_simulation/install/go2_actuator/bin'
[139.413s] Level 1:colcon.colcon_core.environment:checking '/home/samsung/go2_ws/src/go2_simulation/install/go2_actuator/lib/pkgconfig/go2_actuator.pc'
[139.414s] Level 1:colcon.colcon_core.environment:checking '/home/samsung/go2_ws/src/go2_simulation/install/go2_actuator/lib/python3.12/site-packages'
[139.415s] Level 1:colcon.colcon_core.environment:checking '/home/samsung/go2_ws/src/go2_simulation/install/go2_actuator/bin'
[139.415s] INFO:colcon.colcon_core.shell:Creating package script '/home/samsung/go2_ws/src/go2_simulation/install/go2_actuator/share/go2_actuator/package.ps1'
[139.417s] INFO:colcon.colcon_core.shell:Creating package descriptor '/home/samsung/go2_ws/src/go2_simulation/install/go2_actuator/share/go2_actuator/package.dsv'
[139.418s] INFO:colcon.colcon_core.shell:Creating package script '/home/samsung/go2_ws/src/go2_simulation/install/go2_actuator/share/go2_actuator/package.sh'
[139.419s] INFO:colcon.colcon_core.shell:Creating package script '/home/samsung/go2_ws/src/go2_simulation/install/go2_actuator/share/go2_actuator/package.bash'
[139.420s] INFO:colcon.colcon_core.shell:Creating package script '/home/samsung/go2_ws/src/go2_simulation/install/go2_actuator/share/go2_actuator/package.zsh'
[139.421s] Level 1:colcon.colcon_core.environment:create_file_with_runtime_dependencies(/home/samsung/go2_ws/src/go2_simulation/install/go2_actuator/share/colcon-core/packages/go2_actuator)
[139.422s] Level 1:colcon.colcon_core.environment:create_environment_scripts_only(go2_actuator)
[139.423s] Level 1:colcon.colcon_core.environment:checking '/home/samsung/go2_ws/src/go2_simulation/install/go2_actuator' for CMake module files
[139.425s] Level 1:colcon.colcon_core.environment:checking '/home/samsung/go2_ws/src/go2_simulation/install/go2_actuator' for CMake config files
[139.425s] Level 1:colcon.colcon_core.shell:create_environment_hook('go2_actuator', 'cmake_prefix_path')
[139.426s] INFO:colcon.colcon_core.shell:Creating environment hook '/home/samsung/go2_ws/src/go2_simulation/install/go2_actuator/share/go2_actuator/hook/cmake_prefix_path.ps1'
[139.427s] INFO:colcon.colcon_core.shell:Creating environment descriptor '/home/samsung/go2_ws/src/go2_simulation/install/go2_actuator/share/go2_actuator/hook/cmake_prefix_path.dsv'
[139.427s] INFO:colcon.colcon_core.shell:Creating environment hook '/home/samsung/go2_ws/src/go2_simulation/install/go2_actuator/share/go2_actuator/hook/cmake_prefix_path.sh'
[139.429s] Level 1:colcon.colcon_core.environment:checking '/home/samsung/go2_ws/src/go2_simulation/install/go2_actuator/lib'
[139.429s] Level 1:colcon.colcon_core.shell:create_environment_hook('go2_actuator', 'ld_library_path_lib')
[139.429s] INFO:colcon.colcon_core.shell:Creating environment hook '/home/samsung/go2_ws/src/go2_simulation/install/go2_actuator/share/go2_actuator/hook/ld_library_path_lib.ps1'
[139.430s] INFO:colcon.colcon_core.shell:Creating environment descriptor '/home/samsung/go2_ws/src/go2_simulation/install/go2_actuator/share/go2_actuator/hook/ld_library_path_lib.dsv'
[139.431s] INFO:colcon.colcon_core.shell:Creating environment hook '/home/samsung/go2_ws/src/go2_simulation/install/go2_actuator/share/go2_actuator/hook/ld_library_path_lib.sh'
[139.432s] Level 1:colcon.colcon_core.environment:checking '/home/samsung/go2_ws/src/go2_simulation/install/go2_actuator/bin'
[139.432s] Level 1:colcon.colcon_core.environment:checking '/home/samsung/go2_ws/src/go2_simulation/install/go2_actuator/lib/pkgconfig/go2_actuator.pc'
[139.432s] Level 1:colcon.colcon_core.environment:checking '/home/samsung/go2_ws/src/go2_simulation/install/go2_actuator/lib/python3.12/site-packages'
[139.433s] Level 1:colcon.colcon_core.environment:checking '/home/samsung/go2_ws/src/go2_simulation/install/go2_actuator/bin'
[139.433s] INFO:colcon.colcon_core.shell:Creating package script '/home/samsung/go2_ws/src/go2_simulation/install/go2_actuator/share/go2_actuator/package.ps1'
[139.434s] INFO:colcon.colcon_core.shell:Creating package descriptor '/home/samsung/go2_ws/src/go2_simulation/install/go2_actuator/share/go2_actuator/package.dsv'
[139.435s] INFO:colcon.colcon_core.shell:Creating package script '/home/samsung/go2_ws/src/go2_simulation/install/go2_actuator/share/go2_actuator/package.sh'
[139.436s] INFO:colcon.colcon_core.shell:Creating package script '/home/samsung/go2_ws/src/go2_simulation/install/go2_actuator/share/go2_actuator/package.bash'
[139.437s] INFO:colcon.colcon_core.shell:Creating package script '/home/samsung/go2_ws/src/go2_simulation/install/go2_actuator/share/go2_actuator/package.zsh'
[139.438s] Level 1:colcon.colcon_core.environment:create_file_with_runtime_dependencies(/home/samsung/go2_ws/src/go2_simulation/install/go2_actuator/share/colcon-core/packages/go2_actuator)
[159.315s] DEBUG:colcon.colcon_core.event_handler.log_command:Invoked command in '/home/samsung/go2_ws/src/go2_simulation/build/go2_remap' returned '0': AMENT_PREFIX_PATH=/home/samsung/go2_ws/src/go2_simulation/install/unitree_go:${AMENT_PREFIX_PATH} CMAKE_PREFIX_PATH=/home/samsung/go2_ws/src/go2_simulation/install/unitree_go:/home/samsung/go2_ws/install/imu_to_odom:/home/samsung/go2_ws/install/go2_real:/home/samsung/go2_ws/install/go2_gzsim:/home/samsung/go2_ws/install/go2_remap:/home/samsung/go2_ws/install/go2_refs:/home/samsung/go2_ws/install/go2_lowstates:/home/samsung/go2_ws/install/go2_jointcontroller:/home/samsung/go2_ws/install/go2_ekf:/home/samsung/go2_ws/install/go2_actuator:/home/samsung/go2_ws/install/unitree_go:/home/samsung/go2_ws/install/go2_rgc:/home/samsung/go2_ws/install/go2_interfaces:/home/samsung/go2_ws/install/go2_description:/opt/ros/jazzy/opt/gz_sim_vendor:/opt/ros/jazzy/opt/gz_sensors_vendor:/opt/ros/jazzy/opt/gz_physics_vendor:/opt/ros/jazzy/opt/sdformat_vendor:/opt/ros/jazzy/opt/gz_gui_vendor:/opt/ros/jazzy/opt/gz_transport_vendor:/opt/ros/jazzy/opt/gz_rendering_vendor:/opt/ros/jazzy/opt/gz_plugin_vendor:/opt/ros/jazzy/opt/gz_fuel_tools_vendor:/opt/ros/jazzy/opt/gz_msgs_vendor:/opt/ros/jazzy/opt/gz_common_vendor:/opt/ros/jazzy/opt/gz_math_vendor:/opt/ros/jazzy/opt/gz_utils_vendor:/opt/ros/jazzy/opt/gz_tools_vendor:/opt/ros/jazzy/opt/gz_ogre_next_vendor:/opt/ros/jazzy/opt/gz_dartsim_vendor:/opt/ros/jazzy/opt/gz_cmake_vendor:/opt/ros/jazzy DEBUGINFOD_URLS=https://debuginfod.ubuntu.com LD_LIBRARY_PATH=/home/samsung/go2_ws/src/go2_simulation/install/unitree_go/lib:${LD_LIBRARY_PATH} PYTHONPATH=/home/samsung/go2_ws/src/go2_simulation/install/unitree_go/lib/python3.12/site-packages:${PYTHONPATH} /usr/bin/cmake --build /home/samsung/go2_ws/src/go2_simulation/build/go2_remap -- -j8 -l8
[159.318s] DEBUG:colcon.colcon_core.event_handler.log_command:Invoking command in '/home/samsung/go2_ws/src/go2_simulation/build/go2_remap': AMENT_PREFIX_PATH=/home/samsung/go2_ws/src/go2_simulation/install/unitree_go:${AMENT_PREFIX_PATH} CMAKE_PREFIX_PATH=/home/samsung/go2_ws/src/go2_simulation/install/unitree_go:/home/samsung/go2_ws/install/imu_to_odom:/home/samsung/go2_ws/install/go2_real:/home/samsung/go2_ws/install/go2_gzsim:/home/samsung/go2_ws/install/go2_remap:/home/samsung/go2_ws/install/go2_refs:/home/samsung/go2_ws/install/go2_lowstates:/home/samsung/go2_ws/install/go2_jointcontroller:/home/samsung/go2_ws/install/go2_ekf:/home/samsung/go2_ws/install/go2_actuator:/home/samsung/go2_ws/install/unitree_go:/home/samsung/go2_ws/install/go2_rgc:/home/samsung/go2_ws/install/go2_interfaces:/home/samsung/go2_ws/install/go2_description:/opt/ros/jazzy/opt/gz_sim_vendor:/opt/ros/jazzy/opt/gz_sensors_vendor:/opt/ros/jazzy/opt/gz_physics_vendor:/opt/ros/jazzy/opt/sdformat_vendor:/opt/ros/jazzy/opt/gz_gui_vendor:/opt/ros/jazzy/opt/gz_transport_vendor:/opt/ros/jazzy/opt/gz_rendering_vendor:/opt/ros/jazzy/opt/gz_plugin_vendor:/opt/ros/jazzy/opt/gz_fuel_tools_vendor:/opt/ros/jazzy/opt/gz_msgs_vendor:/opt/ros/jazzy/opt/gz_common_vendor:/opt/ros/jazzy/opt/gz_math_vendor:/opt/ros/jazzy/opt/gz_utils_vendor:/opt/ros/jazzy/opt/gz_tools_vendor:/opt/ros/jazzy/opt/gz_ogre_next_vendor:/opt/ros/jazzy/opt/gz_dartsim_vendor:/opt/ros/jazzy/opt/gz_cmake_vendor:/opt/ros/jazzy DEBUGINFOD_URLS=https://debuginfod.ubuntu.com LD_LIBRARY_PATH=/home/samsung/go2_ws/src/go2_simulation/install/unitree_go/lib:${LD_LIBRARY_PATH} PYTHONPATH=/home/samsung/go2_ws/src/go2_simulation/install/unitree_go/lib/python3.12/site-packages:${PYTHONPATH} /usr/bin/cmake --install /home/samsung/go2_ws/src/go2_simulation/build/go2_remap
[159.359s] Level 1:colcon.colcon_core.environment:create_environment_scripts_only(go2_remap)
[159.359s] Level 1:colcon.colcon_core.environment:checking '/home/samsung/go2_ws/src/go2_simulation/install/go2_remap' for CMake module files
[159.360s] DEBUG:colcon.colcon_core.event_handler.log_command:Invoked command in '/home/samsung/go2_ws/src/go2_simulation/build/go2_remap' returned '0': AMENT_PREFIX_PATH=/home/samsung/go2_ws/src/go2_simulation/install/unitree_go:${AMENT_PREFIX_PATH} CMAKE_PREFIX_PATH=/home/samsung/go2_ws/src/go2_simulation/install/unitree_go:/home/samsung/go2_ws/install/imu_to_odom:/home/samsung/go2_ws/install/go2_real:/home/samsung/go2_ws/install/go2_gzsim:/home/samsung/go2_ws/install/go2_remap:/home/samsung/go2_ws/install/go2_refs:/home/samsung/go2_ws/install/go2_lowstates:/home/samsung/go2_ws/install/go2_jointcontroller:/home/samsung/go2_ws/install/go2_ekf:/home/samsung/go2_ws/install/go2_actuator:/home/samsung/go2_ws/install/unitree_go:/home/samsung/go2_ws/install/go2_rgc:/home/samsung/go2_ws/install/go2_interfaces:/home/samsung/go2_ws/install/go2_description:/opt/ros/jazzy/opt/gz_sim_vendor:/opt/ros/jazzy/opt/gz_sensors_vendor:/opt/ros/jazzy/opt/gz_physics_vendor:/opt/ros/jazzy/opt/sdformat_vendor:/opt/ros/jazzy/opt/gz_gui_vendor:/opt/ros/jazzy/opt/gz_transport_vendor:/opt/ros/jazzy/opt/gz_rendering_vendor:/opt/ros/jazzy/opt/gz_plugin_vendor:/opt/ros/jazzy/opt/gz_fuel_tools_vendor:/opt/ros/jazzy/opt/gz_msgs_vendor:/opt/ros/jazzy/opt/gz_common_vendor:/opt/ros/jazzy/opt/gz_math_vendor:/opt/ros/jazzy/opt/gz_utils_vendor:/opt/ros/jazzy/opt/gz_tools_vendor:/opt/ros/jazzy/opt/gz_ogre_next_vendor:/opt/ros/jazzy/opt/gz_dartsim_vendor:/opt/ros/jazzy/opt/gz_cmake_vendor:/opt/ros/jazzy DEBUGINFOD_URLS=https://debuginfod.ubuntu.com LD_LIBRARY_PATH=/home/samsung/go2_ws/src/go2_simulation/install/unitree_go/lib:${LD_LIBRARY_PATH} PYTHONPATH=/home/samsung/go2_ws/src/go2_simulation/install/unitree_go/lib/python3.12/site-packages:${PYTHONPATH} /usr/bin/cmake --install /home/samsung/go2_ws/src/go2_simulation/build/go2_remap
[159.361s] Level 1:colcon.colcon_core.environment:checking '/home/samsung/go2_ws/src/go2_simulation/install/go2_remap' for CMake config files
[159.361s] Level 1:colcon.colcon_core.shell:create_environment_hook('go2_remap', 'cmake_prefix_path')
[159.361s] INFO:colcon.colcon_core.shell:Creating environment hook '/home/samsung/go2_ws/src/go2_simulation/install/go2_remap/share/go2_remap/hook/cmake_prefix_path.ps1'
[159.362s] INFO:colcon.colcon_core.shell:Creating environment descriptor '/home/samsung/go2_ws/src/go2_simulation/install/go2_remap/share/go2_remap/hook/cmake_prefix_path.dsv'
[159.363s] INFO:colcon.colcon_core.shell:Creating environment hook '/home/samsung/go2_ws/src/go2_simulation/install/go2_remap/share/go2_remap/hook/cmake_prefix_path.sh'
[159.364s] Level 1:colcon.colcon_core.environment:checking '/home/samsung/go2_ws/src/go2_simulation/install/go2_remap/lib'
[159.364s] Level 1:colcon.colcon_core.environment:checking '/home/samsung/go2_ws/src/go2_simulation/install/go2_remap/bin'
[159.365s] Level 1:colcon.colcon_core.environment:checking '/home/samsung/go2_ws/src/go2_simulation/install/go2_remap/lib/pkgconfig/go2_remap.pc'
[159.365s] Level 1:colcon.colcon_core.environment:checking '/home/samsung/go2_ws/src/go2_simulation/install/go2_remap/lib/python3.12/site-packages'
[159.365s] Level 1:colcon.colcon_core.environment:checking '/home/samsung/go2_ws/src/go2_simulation/install/go2_remap/bin'
[159.366s] INFO:colcon.colcon_core.shell:Creating package script '/home/samsung/go2_ws/src/go2_simulation/install/go2_remap/share/go2_remap/package.ps1'
[159.366s] INFO:colcon.colcon_core.shell:Creating package descriptor '/home/samsung/go2_ws/src/go2_simulation/install/go2_remap/share/go2_remap/package.dsv'
[159.367s] INFO:colcon.colcon_core.shell:Creating package script '/home/samsung/go2_ws/src/go2_simulation/install/go2_remap/share/go2_remap/package.sh'
[159.368s] INFO:colcon.colcon_core.shell:Creating package script '/home/samsung/go2_ws/src/go2_simulation/install/go2_remap/share/go2_remap/package.bash'
[159.368s] INFO:colcon.colcon_core.shell:Creating package script '/home/samsung/go2_ws/src/go2_simulation/install/go2_remap/share/go2_remap/package.zsh'
[159.369s] Level 1:colcon.colcon_core.environment:create_file_with_runtime_dependencies(/home/samsung/go2_ws/src/go2_simulation/install/go2_remap/share/colcon-core/packages/go2_remap)
[159.370s] Level 1:colcon.colcon_core.environment:create_environment_scripts_only(go2_remap)
[159.370s] Level 1:colcon.colcon_core.environment:checking '/home/samsung/go2_ws/src/go2_simulation/install/go2_remap' for CMake module files
[159.371s] Level 1:colcon.colcon_core.environment:checking '/home/samsung/go2_ws/src/go2_simulation/install/go2_remap' for CMake config files
[159.372s] Level 1:colcon.colcon_core.shell:create_environment_hook('go2_remap', 'cmake_prefix_path')
[159.372s] INFO:colcon.colcon_core.shell:Creating environment hook '/home/samsung/go2_ws/src/go2_simulation/install/go2_remap/share/go2_remap/hook/cmake_prefix_path.ps1'
[159.373s] INFO:colcon.colcon_core.shell:Creating environment descriptor '/home/samsung/go2_ws/src/go2_simulation/install/go2_remap/share/go2_remap/hook/cmake_prefix_path.dsv'
[159.373s] INFO:colcon.colcon_core.shell:Creating environment hook '/home/samsung/go2_ws/src/go2_simulation/install/go2_remap/share/go2_remap/hook/cmake_prefix_path.sh'
[159.374s] Level 1:colcon.colcon_core.environment:checking '/home/samsung/go2_ws/src/go2_simulation/install/go2_remap/lib'
[159.374s] Level 1:colcon.colcon_core.environment:checking '/home/samsung/go2_ws/src/go2_simulation/install/go2_remap/bin'
[159.375s] Level 1:colcon.colcon_core.environment:checking '/home/samsung/go2_ws/src/go2_simulation/install/go2_remap/lib/pkgconfig/go2_remap.pc'
[159.375s] Level 1:colcon.colcon_core.environment:checking '/home/samsung/go2_ws/src/go2_simulation/install/go2_remap/lib/python3.12/site-packages'
[159.375s] Level 1:colcon.colcon_core.environment:checking '/home/samsung/go2_ws/src/go2_simulation/install/go2_remap/bin'
[159.376s] INFO:colcon.colcon_core.shell:Creating package script '/home/samsung/go2_ws/src/go2_simulation/install/go2_remap/share/go2_remap/package.ps1'
[159.377s] INFO:colcon.colcon_core.shell:Creating package descriptor '/home/samsung/go2_ws/src/go2_simulation/install/go2_remap/share/go2_remap/package.dsv'
[159.377s] INFO:colcon.colcon_core.shell:Creating package script '/home/samsung/go2_ws/src/go2_simulation/install/go2_remap/share/go2_remap/package.sh'
[159.378s] INFO:colcon.colcon_core.shell:Creating package script '/home/samsung/go2_ws/src/go2_simulation/install/go2_remap/share/go2_remap/package.bash'
[159.379s] INFO:colcon.colcon_core.shell:Creating package script '/home/samsung/go2_ws/src/go2_simulation/install/go2_remap/share/go2_remap/package.zsh'
[159.380s] Level 1:colcon.colcon_core.environment:create_file_with_runtime_dependencies(/home/samsung/go2_ws/src/go2_simulation/install/go2_remap/share/colcon-core/packages/go2_remap)
[159.381s] INFO:colcon.colcon_ros.task.ament_cmake.build:Building ROS package in '/home/samsung/go2_ws/src/go2_simulation/go2_gzsim' with build type 'ament_cmake'
[159.382s] INFO:colcon.colcon_cmake.task.cmake.build:Building CMake package in '/home/samsung/go2_ws/src/go2_simulation/go2_gzsim'
[159.382s] INFO:colcon.colcon_core.shell:Skip shell extension 'powershell' for command environment: Not usable outside of PowerShell
[159.382s] DEBUG:colcon.colcon_core.shell:Skip shell extension 'dsv' for command environment
[159.397s] INFO:colcon.colcon_ros.task.ament_cmake.build:Building ROS package in '/home/samsung/go2_ws/src/go2_simulation/go2_real' with build type 'ament_cmake'
[159.397s] INFO:colcon.colcon_cmake.task.cmake.build:Building CMake package in '/home/samsung/go2_ws/src/go2_simulation/go2_real'
[159.539s] INFO:colcon.colcon_core.shell:Skip shell extension 'powershell' for command environment: Not usable outside of PowerShell
[159.539s] DEBUG:colcon.colcon_core.shell:Skip shell extension 'dsv' for command environment
[159.553s] DEBUG:colcon.colcon_core.event_handler.log_command:Invoked command in '/home/samsung/go2_ws/src/go2_simulation/build/go2_jointcontroller' returned '0': AMENT_PREFIX_PATH=/home/samsung/go2_ws/src/go2_simulation/install/unitree_go:/home/samsung/go2_ws/src/go2_simulation/install/go2_interfaces:${AMENT_PREFIX_PATH} CMAKE_PREFIX_PATH=/home/samsung/go2_ws/src/go2_simulation/install/unitree_go:/home/samsung/go2_ws/src/go2_simulation/install/go2_interfaces:/home/samsung/go2_ws/install/imu_to_odom:/home/samsung/go2_ws/install/go2_real:/home/samsung/go2_ws/install/go2_gzsim:/home/samsung/go2_ws/install/go2_remap:/home/samsung/go2_ws/install/go2_refs:/home/samsung/go2_ws/install/go2_lowstates:/home/samsung/go2_ws/install/go2_jointcontroller:/home/samsung/go2_ws/install/go2_ekf:/home/samsung/go2_ws/install/go2_actuator:/home/samsung/go2_ws/install/unitree_go:/home/samsung/go2_ws/install/go2_rgc:/home/samsung/go2_ws/install/go2_interfaces:/home/samsung/go2_ws/install/go2_description:/opt/ros/jazzy/opt/gz_sim_vendor:/opt/ros/jazzy/opt/gz_sensors_vendor:/opt/ros/jazzy/opt/gz_physics_vendor:/opt/ros/jazzy/opt/sdformat_vendor:/opt/ros/jazzy/opt/gz_gui_vendor:/opt/ros/jazzy/opt/gz_transport_vendor:/opt/ros/jazzy/opt/gz_rendering_vendor:/opt/ros/jazzy/opt/gz_plugin_vendor:/opt/ros/jazzy/opt/gz_fuel_tools_vendor:/opt/ros/jazzy/opt/gz_msgs_vendor:/opt/ros/jazzy/opt/gz_common_vendor:/opt/ros/jazzy/opt/gz_math_vendor:/opt/ros/jazzy/opt/gz_utils_vendor:/opt/ros/jazzy/opt/gz_tools_vendor:/opt/ros/jazzy/opt/gz_ogre_next_vendor:/opt/ros/jazzy/opt/gz_dartsim_vendor:/opt/ros/jazzy/opt/gz_cmake_vendor:/opt/ros/jazzy DEBUGINFOD_URLS=https://debuginfod.ubuntu.com LD_LIBRARY_PATH=/home/samsung/go2_ws/src/go2_simulation/install/unitree_go/lib:/home/samsung/go2_ws/src/go2_simulation/install/go2_interfaces/lib:${LD_LIBRARY_PATH} PYTHONPATH=/home/samsung/go2_ws/src/go2_simulation/install/unitree_go/lib/python3.12/site-packages:/home/samsung/go2_ws/src/go2_simulation/install/go2_interfaces/lib/python3.12/site-packages:${PYTHONPATH} /usr/bin/cmake --build /home/samsung/go2_ws/src/go2_simulation/build/go2_jointcontroller -- -j8 -l8
[159.555s] DEBUG:colcon.colcon_core.event_handler.log_command:Invoking command in '/home/samsung/go2_ws/src/go2_simulation/build/go2_jointcontroller': AMENT_PREFIX_PATH=/home/samsung/go2_ws/src/go2_simulation/install/unitree_go:/home/samsung/go2_ws/src/go2_simulation/install/go2_interfaces:${AMENT_PREFIX_PATH} CMAKE_PREFIX_PATH=/home/samsung/go2_ws/src/go2_simulation/install/unitree_go:/home/samsung/go2_ws/src/go2_simulation/install/go2_interfaces:/home/samsung/go2_ws/install/imu_to_odom:/home/samsung/go2_ws/install/go2_real:/home/samsung/go2_ws/install/go2_gzsim:/home/samsung/go2_ws/install/go2_remap:/home/samsung/go2_ws/install/go2_refs:/home/samsung/go2_ws/install/go2_lowstates:/home/samsung/go2_ws/install/go2_jointcontroller:/home/samsung/go2_ws/install/go2_ekf:/home/samsung/go2_ws/install/go2_actuator:/home/samsung/go2_ws/install/unitree_go:/home/samsung/go2_ws/install/go2_rgc:/home/samsung/go2_ws/install/go2_interfaces:/home/samsung/go2_ws/install/go2_description:/opt/ros/jazzy/opt/gz_sim_vendor:/opt/ros/jazzy/opt/gz_sensors_vendor:/opt/ros/jazzy/opt/gz_physics_vendor:/opt/ros/jazzy/opt/sdformat_vendor:/opt/ros/jazzy/opt/gz_gui_vendor:/opt/ros/jazzy/opt/gz_transport_vendor:/opt/ros/jazzy/opt/gz_rendering_vendor:/opt/ros/jazzy/opt/gz_plugin_vendor:/opt/ros/jazzy/opt/gz_fuel_tools_vendor:/opt/ros/jazzy/opt/gz_msgs_vendor:/opt/ros/jazzy/opt/gz_common_vendor:/opt/ros/jazzy/opt/gz_math_vendor:/opt/ros/jazzy/opt/gz_utils_vendor:/opt/ros/jazzy/opt/gz_tools_vendor:/opt/ros/jazzy/opt/gz_ogre_next_vendor:/opt/ros/jazzy/opt/gz_dartsim_vendor:/opt/ros/jazzy/opt/gz_cmake_vendor:/opt/ros/jazzy DEBUGINFOD_URLS=https://debuginfod.ubuntu.com LD_LIBRARY_PATH=/home/samsung/go2_ws/src/go2_simulation/install/unitree_go/lib:/home/samsung/go2_ws/src/go2_simulation/install/go2_interfaces/lib:${LD_LIBRARY_PATH} PYTHONPATH=/home/samsung/go2_ws/src/go2_simulation/install/unitree_go/lib/python3.12/site-packages:/home/samsung/go2_ws/src/go2_simulation/install/go2_interfaces/lib/python3.12/site-packages:${PYTHONPATH} /usr/bin/cmake --install /home/samsung/go2_ws/src/go2_simulation/build/go2_jointcontroller
[159.559s] DEBUG:colcon.colcon_core.event_handler.log_command:Invoking command in '/home/samsung/go2_ws/src/go2_simulation/build/go2_gzsim': AMENT_PREFIX_PATH=/home/samsung/go2_ws/src/go2_simulation/install/go2_remap:/home/samsung/go2_ws/src/go2_simulation/install/unitree_go:/home/samsung/go2_ws/src/go2_simulation/install/go2_description:${AMENT_PREFIX_PATH} CMAKE_PREFIX_PATH=/home/samsung/go2_ws/src/go2_simulation/install/go2_remap:/home/samsung/go2_ws/src/go2_simulation/install/unitree_go:/home/samsung/go2_ws/src/go2_simulation/install/go2_description:/home/samsung/go2_ws/install/imu_to_odom:/home/samsung/go2_ws/install/go2_real:/home/samsung/go2_ws/install/go2_gzsim:/home/samsung/go2_ws/install/go2_remap:/home/samsung/go2_ws/install/go2_refs:/home/samsung/go2_ws/install/go2_lowstates:/home/samsung/go2_ws/install/go2_jointcontroller:/home/samsung/go2_ws/install/go2_ekf:/home/samsung/go2_ws/install/go2_actuator:/home/samsung/go2_ws/install/unitree_go:/home/samsung/go2_ws/install/go2_rgc:/home/samsung/go2_ws/install/go2_interfaces:/home/samsung/go2_ws/install/go2_description:/opt/ros/jazzy/opt/gz_sim_vendor:/opt/ros/jazzy/opt/gz_sensors_vendor:/opt/ros/jazzy/opt/gz_physics_vendor:/opt/ros/jazzy/opt/sdformat_vendor:/opt/ros/jazzy/opt/gz_gui_vendor:/opt/ros/jazzy/opt/gz_transport_vendor:/opt/ros/jazzy/opt/gz_rendering_vendor:/opt/ros/jazzy/opt/gz_plugin_vendor:/opt/ros/jazzy/opt/gz_fuel_tools_vendor:/opt/ros/jazzy/opt/gz_msgs_vendor:/opt/ros/jazzy/opt/gz_common_vendor:/opt/ros/jazzy/opt/gz_math_vendor:/opt/ros/jazzy/opt/gz_utils_vendor:/opt/ros/jazzy/opt/gz_tools_vendor:/opt/ros/jazzy/opt/gz_ogre_next_vendor:/opt/ros/jazzy/opt/gz_dartsim_vendor:/opt/ros/jazzy/opt/gz_cmake_vendor:/opt/ros/jazzy DEBUGINFOD_URLS=https://debuginfod.ubuntu.com LD_LIBRARY_PATH=/home/samsung/go2_ws/src/go2_simulation/install/unitree_go/lib:${LD_LIBRARY_PATH} PYTHONPATH=/home/samsung/go2_ws/src/go2_simulation/install/unitree_go/lib/python3.12/site-packages:${PYTHONPATH} /usr/bin/cmake /home/samsung/go2_ws/src/go2_simulation/go2_gzsim -DCMAKE_INSTALL_PREFIX=/home/samsung/go2_ws/src/go2_simulation/install/go2_gzsim
[159.564s] DEBUG:colcon.colcon_core.event_handler.log_command:Invoking command in '/home/samsung/go2_ws/src/go2_simulation/build/go2_real': AMENT_PREFIX_PATH=/home/samsung/go2_ws/src/go2_simulation/install/go2_remap:/home/samsung/go2_ws/src/go2_simulation/install/unitree_go:/home/samsung/go2_ws/src/go2_simulation/install/go2_description:${AMENT_PREFIX_PATH} CMAKE_PREFIX_PATH=/home/samsung/go2_ws/src/go2_simulation/install/go2_remap:/home/samsung/go2_ws/src/go2_simulation/install/unitree_go:/home/samsung/go2_ws/src/go2_simulation/install/go2_description:/home/samsung/go2_ws/install/imu_to_odom:/home/samsung/go2_ws/install/go2_real:/home/samsung/go2_ws/install/go2_gzsim:/home/samsung/go2_ws/install/go2_remap:/home/samsung/go2_ws/install/go2_refs:/home/samsung/go2_ws/install/go2_lowstates:/home/samsung/go2_ws/install/go2_jointcontroller:/home/samsung/go2_ws/install/go2_ekf:/home/samsung/go2_ws/install/go2_actuator:/home/samsung/go2_ws/install/unitree_go:/home/samsung/go2_ws/install/go2_rgc:/home/samsung/go2_ws/install/go2_interfaces:/home/samsung/go2_ws/install/go2_description:/opt/ros/jazzy/opt/gz_sim_vendor:/opt/ros/jazzy/opt/gz_sensors_vendor:/opt/ros/jazzy/opt/gz_physics_vendor:/opt/ros/jazzy/opt/sdformat_vendor:/opt/ros/jazzy/opt/gz_gui_vendor:/opt/ros/jazzy/opt/gz_transport_vendor:/opt/ros/jazzy/opt/gz_rendering_vendor:/opt/ros/jazzy/opt/gz_plugin_vendor:/opt/ros/jazzy/opt/gz_fuel_tools_vendor:/opt/ros/jazzy/opt/gz_msgs_vendor:/opt/ros/jazzy/opt/gz_common_vendor:/opt/ros/jazzy/opt/gz_math_vendor:/opt/ros/jazzy/opt/gz_utils_vendor:/opt/ros/jazzy/opt/gz_tools_vendor:/opt/ros/jazzy/opt/gz_ogre_next_vendor:/opt/ros/jazzy/opt/gz_dartsim_vendor:/opt/ros/jazzy/opt/gz_cmake_vendor:/opt/ros/jazzy DEBUGINFOD_URLS=https://debuginfod.ubuntu.com LD_LIBRARY_PATH=/home/samsung/go2_ws/src/go2_simulation/install/unitree_go/lib:${LD_LIBRARY_PATH} PYTHONPATH=/home/samsung/go2_ws/src/go2_simulation/install/unitree_go/lib/python3.12/site-packages:${PYTHONPATH} /usr/bin/cmake /home/samsung/go2_ws/src/go2_simulation/go2_real -DCMAKE_INSTALL_PREFIX=/home/samsung/go2_ws/src/go2_simulation/install/go2_real
[159.876s] Level 1:colcon.colcon_core.environment:create_environment_scripts_only(go2_jointcontroller)
[159.876s] Level 1:colcon.colcon_core.environment:checking '/home/samsung/go2_ws/src/go2_simulation/install/go2_jointcontroller' for CMake module files
[159.877s] DEBUG:colcon.colcon_core.event_handler.log_command:Invoked command in '/home/samsung/go2_ws/src/go2_simulation/build/go2_jointcontroller' returned '0': AMENT_PREFIX_PATH=/home/samsung/go2_ws/src/go2_simulation/install/unitree_go:/home/samsung/go2_ws/src/go2_simulation/install/go2_interfaces:${AMENT_PREFIX_PATH} CMAKE_PREFIX_PATH=/home/samsung/go2_ws/src/go2_simulation/install/unitree_go:/home/samsung/go2_ws/src/go2_simulation/install/go2_interfaces:/home/samsung/go2_ws/install/imu_to_odom:/home/samsung/go2_ws/install/go2_real:/home/samsung/go2_ws/install/go2_gzsim:/home/samsung/go2_ws/install/go2_remap:/home/samsung/go2_ws/install/go2_refs:/home/samsung/go2_ws/install/go2_lowstates:/home/samsung/go2_ws/install/go2_jointcontroller:/home/samsung/go2_ws/install/go2_ekf:/home/samsung/go2_ws/install/go2_actuator:/home/samsung/go2_ws/install/unitree_go:/home/samsung/go2_ws/install/go2_rgc:/home/samsung/go2_ws/install/go2_interfaces:/home/samsung/go2_ws/install/go2_description:/opt/ros/jazzy/opt/gz_sim_vendor:/opt/ros/jazzy/opt/gz_sensors_vendor:/opt/ros/jazzy/opt/gz_physics_vendor:/opt/ros/jazzy/opt/sdformat_vendor:/opt/ros/jazzy/opt/gz_gui_vendor:/opt/ros/jazzy/opt/gz_transport_vendor:/opt/ros/jazzy/opt/gz_rendering_vendor:/opt/ros/jazzy/opt/gz_plugin_vendor:/opt/ros/jazzy/opt/gz_fuel_tools_vendor:/opt/ros/jazzy/opt/gz_msgs_vendor:/opt/ros/jazzy/opt/gz_common_vendor:/opt/ros/jazzy/opt/gz_math_vendor:/opt/ros/jazzy/opt/gz_utils_vendor:/opt/ros/jazzy/opt/gz_tools_vendor:/opt/ros/jazzy/opt/gz_ogre_next_vendor:/opt/ros/jazzy/opt/gz_dartsim_vendor:/opt/ros/jazzy/opt/gz_cmake_vendor:/opt/ros/jazzy DEBUGINFOD_URLS=https://debuginfod.ubuntu.com LD_LIBRARY_PATH=/home/samsung/go2_ws/src/go2_simulation/install/unitree_go/lib:/home/samsung/go2_ws/src/go2_simulation/install/go2_interfaces/lib:${LD_LIBRARY_PATH} PYTHONPATH=/home/samsung/go2_ws/src/go2_simulation/install/unitree_go/lib/python3.12/site-packages:/home/samsung/go2_ws/src/go2_simulation/install/go2_interfaces/lib/python3.12/site-packages:${PYTHONPATH} /usr/bin/cmake --install /home/samsung/go2_ws/src/go2_simulation/build/go2_jointcontroller
[159.878s] Level 1:colcon.colcon_core.environment:checking '/home/samsung/go2_ws/src/go2_simulation/install/go2_jointcontroller' for CMake config files
[159.882s] Level 1:colcon.colcon_core.shell:create_environment_hook('go2_jointcontroller', 'cmake_prefix_path')
[159.882s] INFO:colcon.colcon_core.shell:Creating environment hook '/home/samsung/go2_ws/src/go2_simulation/install/go2_jointcontroller/share/go2_jointcontroller/hook/cmake_prefix_path.ps1'
[159.883s] INFO:colcon.colcon_core.shell:Creating environment descriptor '/home/samsung/go2_ws/src/go2_simulation/install/go2_jointcontroller/share/go2_jointcontroller/hook/cmake_prefix_path.dsv'
[159.884s] INFO:colcon.colcon_core.shell:Creating environment hook '/home/samsung/go2_ws/src/go2_simulation/install/go2_jointcontroller/share/go2_jointcontroller/hook/cmake_prefix_path.sh'
[159.885s] Level 1:colcon.colcon_core.environment:checking '/home/samsung/go2_ws/src/go2_simulation/install/go2_jointcontroller/lib'
[159.885s] Level 1:colcon.colcon_core.shell:create_environment_hook('go2_jointcontroller', 'ld_library_path_lib')
[159.885s] INFO:colcon.colcon_core.shell:Creating environment hook '/home/samsung/go2_ws/src/go2_simulation/install/go2_jointcontroller/share/go2_jointcontroller/hook/ld_library_path_lib.ps1'
[159.886s] INFO:colcon.colcon_core.shell:Creating environment descriptor '/home/samsung/go2_ws/src/go2_simulation/install/go2_jointcontroller/share/go2_jointcontroller/hook/ld_library_path_lib.dsv'
[159.886s] INFO:colcon.colcon_core.shell:Creating environment hook '/home/samsung/go2_ws/src/go2_simulation/install/go2_jointcontroller/share/go2_jointcontroller/hook/ld_library_path_lib.sh'
[159.887s] Level 1:colcon.colcon_core.environment:checking '/home/samsung/go2_ws/src/go2_simulation/install/go2_jointcontroller/bin'
[159.887s] Level 1:colcon.colcon_core.environment:checking '/home/samsung/go2_ws/src/go2_simulation/install/go2_jointcontroller/lib/pkgconfig/go2_jointcontroller.pc'
[159.887s] Level 1:colcon.colcon_core.environment:checking '/home/samsung/go2_ws/src/go2_simulation/install/go2_jointcontroller/lib/python3.12/site-packages'
[159.888s] Level 1:colcon.colcon_core.environment:checking '/home/samsung/go2_ws/src/go2_simulation/install/go2_jointcontroller/bin'
[159.888s] INFO:colcon.colcon_core.shell:Creating package script '/home/samsung/go2_ws/src/go2_simulation/install/go2_jointcontroller/share/go2_jointcontroller/package.ps1'
[159.889s] INFO:colcon.colcon_core.shell:Creating package descriptor '/home/samsung/go2_ws/src/go2_simulation/install/go2_jointcontroller/share/go2_jointcontroller/package.dsv'
[159.890s] INFO:colcon.colcon_core.shell:Creating package script '/home/samsung/go2_ws/src/go2_simulation/install/go2_jointcontroller/share/go2_jointcontroller/package.sh'
[159.891s] INFO:colcon.colcon_core.shell:Creating package script '/home/samsung/go2_ws/src/go2_simulation/install/go2_jointcontroller/share/go2_jointcontroller/package.bash'
[159.891s] INFO:colcon.colcon_core.shell:Creating package script '/home/samsung/go2_ws/src/go2_simulation/install/go2_jointcontroller/share/go2_jointcontroller/package.zsh'
[159.892s] Level 1:colcon.colcon_core.environment:create_file_with_runtime_dependencies(/home/samsung/go2_ws/src/go2_simulation/install/go2_jointcontroller/share/colcon-core/packages/go2_jointcontroller)
[159.893s] Level 1:colcon.colcon_core.environment:create_environment_scripts_only(go2_jointcontroller)
[159.893s] Level 1:colcon.colcon_core.environment:checking '/home/samsung/go2_ws/src/go2_simulation/install/go2_jointcontroller' for CMake module files
[159.894s] Level 1:colcon.colcon_core.environment:checking '/home/samsung/go2_ws/src/go2_simulation/install/go2_jointcontroller' for CMake config files
[159.897s] Level 1:colcon.colcon_core.shell:create_environment_hook('go2_jointcontroller', 'cmake_prefix_path')
[159.898s] INFO:colcon.colcon_core.shell:Creating environment hook '/home/samsung/go2_ws/src/go2_simulation/install/go2_jointcontroller/share/go2_jointcontroller/hook/cmake_prefix_path.ps1'
[159.898s] INFO:colcon.colcon_core.shell:Creating environment descriptor '/home/samsung/go2_ws/src/go2_simulation/install/go2_jointcontroller/share/go2_jointcontroller/hook/cmake_prefix_path.dsv'
[159.899s] INFO:colcon.colcon_core.shell:Creating environment hook '/home/samsung/go2_ws/src/go2_simulation/install/go2_jointcontroller/share/go2_jointcontroller/hook/cmake_prefix_path.sh'
[159.900s] Level 1:colcon.colcon_core.environment:checking '/home/samsung/go2_ws/src/go2_simulation/install/go2_jointcontroller/lib'
[159.900s] Level 1:colcon.colcon_core.shell:create_environment_hook('go2_jointcontroller', 'ld_library_path_lib')
[159.901s] INFO:colcon.colcon_core.shell:Creating environment hook '/home/samsung/go2_ws/src/go2_simulation/install/go2_jointcontroller/share/go2_jointcontroller/hook/ld_library_path_lib.ps1'
[159.901s] INFO:colcon.colcon_core.shell:Creating environment descriptor '/home/samsung/go2_ws/src/go2_simulation/install/go2_jointcontroller/share/go2_jointcontroller/hook/ld_library_path_lib.dsv'
[159.902s] INFO:colcon.colcon_core.shell:Creating environment hook '/home/samsung/go2_ws/src/go2_simulation/install/go2_jointcontroller/share/go2_jointcontroller/hook/ld_library_path_lib.sh'
[159.902s] Level 1:colcon.colcon_core.environment:checking '/home/samsung/go2_ws/src/go2_simulation/install/go2_jointcontroller/bin'
[159.903s] Level 1:colcon.colcon_core.environment:checking '/home/samsung/go2_ws/src/go2_simulation/install/go2_jointcontroller/lib/pkgconfig/go2_jointcontroller.pc'
[159.903s] Level 1:colcon.colcon_core.environment:checking '/home/samsung/go2_ws/src/go2_simulation/install/go2_jointcontroller/lib/python3.12/site-packages'
[159.904s] Level 1:colcon.colcon_core.environment:checking '/home/samsung/go2_ws/src/go2_simulation/install/go2_jointcontroller/bin'
[159.904s] INFO:colcon.colcon_core.shell:Creating package script '/home/samsung/go2_ws/src/go2_simulation/install/go2_jointcontroller/share/go2_jointcontroller/package.ps1'
[159.905s] INFO:colcon.colcon_core.shell:Creating package descriptor '/home/samsung/go2_ws/src/go2_simulation/install/go2_jointcontroller/share/go2_jointcontroller/package.dsv'
[159.906s] INFO:colcon.colcon_core.shell:Creating package script '/home/samsung/go2_ws/src/go2_simulation/install/go2_jointcontroller/share/go2_jointcontroller/package.sh'
[159.907s] INFO:colcon.colcon_core.shell:Creating package script '/home/samsung/go2_ws/src/go2_simulation/install/go2_jointcontroller/share/go2_jointcontroller/package.bash'
[159.908s] INFO:colcon.colcon_core.shell:Creating package script '/home/samsung/go2_ws/src/go2_simulation/install/go2_jointcontroller/share/go2_jointcontroller/package.zsh'
[159.908s] Level 1:colcon.colcon_core.environment:create_file_with_runtime_dependencies(/home/samsung/go2_ws/src/go2_simulation/install/go2_jointcontroller/share/colcon-core/packages/go2_jointcontroller)
[162.758s] DEBUG:colcon.colcon_core.event_handler.log_command:Invoked command in '/home/samsung/go2_ws/src/go2_simulation/build/go2_gzsim' returned '0': AMENT_PREFIX_PATH=/home/samsung/go2_ws/src/go2_simulation/install/go2_remap:/home/samsung/go2_ws/src/go2_simulation/install/unitree_go:/home/samsung/go2_ws/src/go2_simulation/install/go2_description:${AMENT_PREFIX_PATH} CMAKE_PREFIX_PATH=/home/samsung/go2_ws/src/go2_simulation/install/go2_remap:/home/samsung/go2_ws/src/go2_simulation/install/unitree_go:/home/samsung/go2_ws/src/go2_simulation/install/go2_description:/home/samsung/go2_ws/install/imu_to_odom:/home/samsung/go2_ws/install/go2_real:/home/samsung/go2_ws/install/go2_gzsim:/home/samsung/go2_ws/install/go2_remap:/home/samsung/go2_ws/install/go2_refs:/home/samsung/go2_ws/install/go2_lowstates:/home/samsung/go2_ws/install/go2_jointcontroller:/home/samsung/go2_ws/install/go2_ekf:/home/samsung/go2_ws/install/go2_actuator:/home/samsung/go2_ws/install/unitree_go:/home/samsung/go2_ws/install/go2_rgc:/home/samsung/go2_ws/install/go2_interfaces:/home/samsung/go2_ws/install/go2_description:/opt/ros/jazzy/opt/gz_sim_vendor:/opt/ros/jazzy/opt/gz_sensors_vendor:/opt/ros/jazzy/opt/gz_physics_vendor:/opt/ros/jazzy/opt/sdformat_vendor:/opt/ros/jazzy/opt/gz_gui_vendor:/opt/ros/jazzy/opt/gz_transport_vendor:/opt/ros/jazzy/opt/gz_rendering_vendor:/opt/ros/jazzy/opt/gz_plugin_vendor:/opt/ros/jazzy/opt/gz_fuel_tools_vendor:/opt/ros/jazzy/opt/gz_msgs_vendor:/opt/ros/jazzy/opt/gz_common_vendor:/opt/ros/jazzy/opt/gz_math_vendor:/opt/ros/jazzy/opt/gz_utils_vendor:/opt/ros/jazzy/opt/gz_tools_vendor:/opt/ros/jazzy/opt/gz_ogre_next_vendor:/opt/ros/jazzy/opt/gz_dartsim_vendor:/opt/ros/jazzy/opt/gz_cmake_vendor:/opt/ros/jazzy DEBUGINFOD_URLS=https://debuginfod.ubuntu.com LD_LIBRARY_PATH=/home/samsung/go2_ws/src/go2_simulation/install/unitree_go/lib:${LD_LIBRARY_PATH} PYTHONPATH=/home/samsung/go2_ws/src/go2_simulation/install/unitree_go/lib/python3.12/site-packages:${PYTHONPATH} /usr/bin/cmake /home/samsung/go2_ws/src/go2_simulation/go2_gzsim -DCMAKE_INSTALL_PREFIX=/home/samsung/go2_ws/src/go2_simulation/install/go2_gzsim
[162.760s] DEBUG:colcon.colcon_core.event_handler.log_command:Invoking command in '/home/samsung/go2_ws/src/go2_simulation/build/go2_gzsim': AMENT_PREFIX_PATH=/home/samsung/go2_ws/src/go2_simulation/install/go2_remap:/home/samsung/go2_ws/src/go2_simulation/install/unitree_go:/home/samsung/go2_ws/src/go2_simulation/install/go2_description:${AMENT_PREFIX_PATH} CMAKE_PREFIX_PATH=/home/samsung/go2_ws/src/go2_simulation/install/go2_remap:/home/samsung/go2_ws/src/go2_simulation/install/unitree_go:/home/samsung/go2_ws/src/go2_simulation/install/go2_description:/home/samsung/go2_ws/install/imu_to_odom:/home/samsung/go2_ws/install/go2_real:/home/samsung/go2_ws/install/go2_gzsim:/home/samsung/go2_ws/install/go2_remap:/home/samsung/go2_ws/install/go2_refs:/home/samsung/go2_ws/install/go2_lowstates:/home/samsung/go2_ws/install/go2_jointcontroller:/home/samsung/go2_ws/install/go2_ekf:/home/samsung/go2_ws/install/go2_actuator:/home/samsung/go2_ws/install/unitree_go:/home/samsung/go2_ws/install/go2_rgc:/home/samsung/go2_ws/install/go2_interfaces:/home/samsung/go2_ws/install/go2_description:/opt/ros/jazzy/opt/gz_sim_vendor:/opt/ros/jazzy/opt/gz_sensors_vendor:/opt/ros/jazzy/opt/gz_physics_vendor:/opt/ros/jazzy/opt/sdformat_vendor:/opt/ros/jazzy/opt/gz_gui_vendor:/opt/ros/jazzy/opt/gz_transport_vendor:/opt/ros/jazzy/opt/gz_rendering_vendor:/opt/ros/jazzy/opt/gz_plugin_vendor:/opt/ros/jazzy/opt/gz_fuel_tools_vendor:/opt/ros/jazzy/opt/gz_msgs_vendor:/opt/ros/jazzy/opt/gz_common_vendor:/opt/ros/jazzy/opt/gz_math_vendor:/opt/ros/jazzy/opt/gz_utils_vendor:/opt/ros/jazzy/opt/gz_tools_vendor:/opt/ros/jazzy/opt/gz_ogre_next_vendor:/opt/ros/jazzy/opt/gz_dartsim_vendor:/opt/ros/jazzy/opt/gz_cmake_vendor:/opt/ros/jazzy DEBUGINFOD_URLS=https://debuginfod.ubuntu.com LD_LIBRARY_PATH=/home/samsung/go2_ws/src/go2_simulation/install/unitree_go/lib:${LD_LIBRARY_PATH} PYTHONPATH=/home/samsung/go2_ws/src/go2_simulation/install/unitree_go/lib/python3.12/site-packages:${PYTHONPATH} /usr/bin/cmake --build /home/samsung/go2_ws/src/go2_simulation/build/go2_gzsim -- -j8 -l8
[162.762s] DEBUG:colcon.colcon_core.event_handler.log_command:Invoked command in '/home/samsung/go2_ws/src/go2_simulation/build/go2_real' returned '0': AMENT_PREFIX_PATH=/home/samsung/go2_ws/src/go2_simulation/install/go2_remap:/home/samsung/go2_ws/src/go2_simulation/install/unitree_go:/home/samsung/go2_ws/src/go2_simulation/install/go2_description:${AMENT_PREFIX_PATH} CMAKE_PREFIX_PATH=/home/samsung/go2_ws/src/go2_simulation/install/go2_remap:/home/samsung/go2_ws/src/go2_simulation/install/unitree_go:/home/samsung/go2_ws/src/go2_simulation/install/go2_description:/home/samsung/go2_ws/install/imu_to_odom:/home/samsung/go2_ws/install/go2_real:/home/samsung/go2_ws/install/go2_gzsim:/home/samsung/go2_ws/install/go2_remap:/home/samsung/go2_ws/install/go2_refs:/home/samsung/go2_ws/install/go2_lowstates:/home/samsung/go2_ws/install/go2_jointcontroller:/home/samsung/go2_ws/install/go2_ekf:/home/samsung/go2_ws/install/go2_actuator:/home/samsung/go2_ws/install/unitree_go:/home/samsung/go2_ws/install/go2_rgc:/home/samsung/go2_ws/install/go2_interfaces:/home/samsung/go2_ws/install/go2_description:/opt/ros/jazzy/opt/gz_sim_vendor:/opt/ros/jazzy/opt/gz_sensors_vendor:/opt/ros/jazzy/opt/gz_physics_vendor:/opt/ros/jazzy/opt/sdformat_vendor:/opt/ros/jazzy/opt/gz_gui_vendor:/opt/ros/jazzy/opt/gz_transport_vendor:/opt/ros/jazzy/opt/gz_rendering_vendor:/opt/ros/jazzy/opt/gz_plugin_vendor:/opt/ros/jazzy/opt/gz_fuel_tools_vendor:/opt/ros/jazzy/opt/gz_msgs_vendor:/opt/ros/jazzy/opt/gz_common_vendor:/opt/ros/jazzy/opt/gz_math_vendor:/opt/ros/jazzy/opt/gz_utils_vendor:/opt/ros/jazzy/opt/gz_tools_vendor:/opt/ros/jazzy/opt/gz_ogre_next_vendor:/opt/ros/jazzy/opt/gz_dartsim_vendor:/opt/ros/jazzy/opt/gz_cmake_vendor:/opt/ros/jazzy DEBUGINFOD_URLS=https://debuginfod.ubuntu.com LD_LIBRARY_PATH=/home/samsung/go2_ws/src/go2_simulation/install/unitree_go/lib:${LD_LIBRARY_PATH} PYTHONPATH=/home/samsung/go2_ws/src/go2_simulation/install/unitree_go/lib/python3.12/site-packages:${PYTHONPATH} /usr/bin/cmake /home/samsung/go2_ws/src/go2_simulation/go2_real -DCMAKE_INSTALL_PREFIX=/home/samsung/go2_ws/src/go2_simulation/install/go2_real
[162.763s] DEBUG:colcon.colcon_core.event_handler.log_command:Invoking command in '/home/samsung/go2_ws/src/go2_simulation/build/go2_real': AMENT_PREFIX_PATH=/home/samsung/go2_ws/src/go2_simulation/install/go2_remap:/home/samsung/go2_ws/src/go2_simulation/install/unitree_go:/home/samsung/go2_ws/src/go2_simulation/install/go2_description:${AMENT_PREFIX_PATH} CMAKE_PREFIX_PATH=/home/samsung/go2_ws/src/go2_simulation/install/go2_remap:/home/samsung/go2_ws/src/go2_simulation/install/unitree_go:/home/samsung/go2_ws/src/go2_simulation/install/go2_description:/home/samsung/go2_ws/install/imu_to_odom:/home/samsung/go2_ws/install/go2_real:/home/samsung/go2_ws/install/go2_gzsim:/home/samsung/go2_ws/install/go2_remap:/home/samsung/go2_ws/install/go2_refs:/home/samsung/go2_ws/install/go2_lowstates:/home/samsung/go2_ws/install/go2_jointcontroller:/home/samsung/go2_ws/install/go2_ekf:/home/samsung/go2_ws/install/go2_actuator:/home/samsung/go2_ws/install/unitree_go:/home/samsung/go2_ws/install/go2_rgc:/home/samsung/go2_ws/install/go2_interfaces:/home/samsung/go2_ws/install/go2_description:/opt/ros/jazzy/opt/gz_sim_vendor:/opt/ros/jazzy/opt/gz_sensors_vendor:/opt/ros/jazzy/opt/gz_physics_vendor:/opt/ros/jazzy/opt/sdformat_vendor:/opt/ros/jazzy/opt/gz_gui_vendor:/opt/ros/jazzy/opt/gz_transport_vendor:/opt/ros/jazzy/opt/gz_rendering_vendor:/opt/ros/jazzy/opt/gz_plugin_vendor:/opt/ros/jazzy/opt/gz_fuel_tools_vendor:/opt/ros/jazzy/opt/gz_msgs_vendor:/opt/ros/jazzy/opt/gz_common_vendor:/opt/ros/jazzy/opt/gz_math_vendor:/opt/ros/jazzy/opt/gz_utils_vendor:/opt/ros/jazzy/opt/gz_tools_vendor:/opt/ros/jazzy/opt/gz_ogre_next_vendor:/opt/ros/jazzy/opt/gz_dartsim_vendor:/opt/ros/jazzy/opt/gz_cmake_vendor:/opt/ros/jazzy DEBUGINFOD_URLS=https://debuginfod.ubuntu.com LD_LIBRARY_PATH=/home/samsung/go2_ws/src/go2_simulation/install/unitree_go/lib:${LD_LIBRARY_PATH} PYTHONPATH=/home/samsung/go2_ws/src/go2_simulation/install/unitree_go/lib/python3.12/site-packages:${PYTHONPATH} /usr/bin/cmake --build /home/samsung/go2_ws/src/go2_simulation/build/go2_real -- -j8 -l8
[162.837s] DEBUG:colcon.colcon_core.event_handler.log_command:Invoked command in '/home/samsung/go2_ws/src/go2_simulation/build/go2_real' returned '0': AMENT_PREFIX_PATH=/home/samsung/go2_ws/src/go2_simulation/install/go2_remap:/home/samsung/go2_ws/src/go2_simulation/install/unitree_go:/home/samsung/go2_ws/src/go2_simulation/install/go2_description:${AMENT_PREFIX_PATH} CMAKE_PREFIX_PATH=/home/samsung/go2_ws/src/go2_simulation/install/go2_remap:/home/samsung/go2_ws/src/go2_simulation/install/unitree_go:/home/samsung/go2_ws/src/go2_simulation/install/go2_description:/home/samsung/go2_ws/install/imu_to_odom:/home/samsung/go2_ws/install/go2_real:/home/samsung/go2_ws/install/go2_gzsim:/home/samsung/go2_ws/install/go2_remap:/home/samsung/go2_ws/install/go2_refs:/home/samsung/go2_ws/install/go2_lowstates:/home/samsung/go2_ws/install/go2_jointcontroller:/home/samsung/go2_ws/install/go2_ekf:/home/samsung/go2_ws/install/go2_actuator:/home/samsung/go2_ws/install/unitree_go:/home/samsung/go2_ws/install/go2_rgc:/home/samsung/go2_ws/install/go2_interfaces:/home/samsung/go2_ws/install/go2_description:/opt/ros/jazzy/opt/gz_sim_vendor:/opt/ros/jazzy/opt/gz_sensors_vendor:/opt/ros/jazzy/opt/gz_physics_vendor:/opt/ros/jazzy/opt/sdformat_vendor:/opt/ros/jazzy/opt/gz_gui_vendor:/opt/ros/jazzy/opt/gz_transport_vendor:/opt/ros/jazzy/opt/gz_rendering_vendor:/opt/ros/jazzy/opt/gz_plugin_vendor:/opt/ros/jazzy/opt/gz_fuel_tools_vendor:/opt/ros/jazzy/opt/gz_msgs_vendor:/opt/ros/jazzy/opt/gz_common_vendor:/opt/ros/jazzy/opt/gz_math_vendor:/opt/ros/jazzy/opt/gz_utils_vendor:/opt/ros/jazzy/opt/gz_tools_vendor:/opt/ros/jazzy/opt/gz_ogre_next_vendor:/opt/ros/jazzy/opt/gz_dartsim_vendor:/opt/ros/jazzy/opt/gz_cmake_vendor:/opt/ros/jazzy DEBUGINFOD_URLS=https://debuginfod.ubuntu.com LD_LIBRARY_PATH=/home/samsung/go2_ws/src/go2_simulation/install/unitree_go/lib:${LD_LIBRARY_PATH} PYTHONPATH=/home/samsung/go2_ws/src/go2_simulation/install/unitree_go/lib/python3.12/site-packages:${PYTHONPATH} /usr/bin/cmake --build /home/samsung/go2_ws/src/go2_simulation/build/go2_real -- -j8 -l8
[162.841s] DEBUG:colcon.colcon_core.event_handler.log_command:Invoking command in '/home/samsung/go2_ws/src/go2_simulation/build/go2_real': AMENT_PREFIX_PATH=/home/samsung/go2_ws/src/go2_simulation/install/go2_remap:/home/samsung/go2_ws/src/go2_simulation/install/unitree_go:/home/samsung/go2_ws/src/go2_simulation/install/go2_description:${AMENT_PREFIX_PATH} CMAKE_PREFIX_PATH=/home/samsung/go2_ws/src/go2_simulation/install/go2_remap:/home/samsung/go2_ws/src/go2_simulation/install/unitree_go:/home/samsung/go2_ws/src/go2_simulation/install/go2_description:/home/samsung/go2_ws/install/imu_to_odom:/home/samsung/go2_ws/install/go2_real:/home/samsung/go2_ws/install/go2_gzsim:/home/samsung/go2_ws/install/go2_remap:/home/samsung/go2_ws/install/go2_refs:/home/samsung/go2_ws/install/go2_lowstates:/home/samsung/go2_ws/install/go2_jointcontroller:/home/samsung/go2_ws/install/go2_ekf:/home/samsung/go2_ws/install/go2_actuator:/home/samsung/go2_ws/install/unitree_go:/home/samsung/go2_ws/install/go2_rgc:/home/samsung/go2_ws/install/go2_interfaces:/home/samsung/go2_ws/install/go2_description:/opt/ros/jazzy/opt/gz_sim_vendor:/opt/ros/jazzy/opt/gz_sensors_vendor:/opt/ros/jazzy/opt/gz_physics_vendor:/opt/ros/jazzy/opt/sdformat_vendor:/opt/ros/jazzy/opt/gz_gui_vendor:/opt/ros/jazzy/opt/gz_transport_vendor:/opt/ros/jazzy/opt/gz_rendering_vendor:/opt/ros/jazzy/opt/gz_plugin_vendor:/opt/ros/jazzy/opt/gz_fuel_tools_vendor:/opt/ros/jazzy/opt/gz_msgs_vendor:/opt/ros/jazzy/opt/gz_common_vendor:/opt/ros/jazzy/opt/gz_math_vendor:/opt/ros/jazzy/opt/gz_utils_vendor:/opt/ros/jazzy/opt/gz_tools_vendor:/opt/ros/jazzy/opt/gz_ogre_next_vendor:/opt/ros/jazzy/opt/gz_dartsim_vendor:/opt/ros/jazzy/opt/gz_cmake_vendor:/opt/ros/jazzy DEBUGINFOD_URLS=https://debuginfod.ubuntu.com LD_LIBRARY_PATH=/home/samsung/go2_ws/src/go2_simulation/install/unitree_go/lib:${LD_LIBRARY_PATH} PYTHONPATH=/home/samsung/go2_ws/src/go2_simulation/install/unitree_go/lib/python3.12/site-packages:${PYTHONPATH} /usr/bin/cmake --install /home/samsung/go2_ws/src/go2_simulation/build/go2_real
[162.842s] DEBUG:colcon.colcon_core.event_handler.log_command:Invoked command in '/home/samsung/go2_ws/src/go2_simulation/build/go2_gzsim' returned '0': AMENT_PREFIX_PATH=/home/samsung/go2_ws/src/go2_simulation/install/go2_remap:/home/samsung/go2_ws/src/go2_simulation/install/unitree_go:/home/samsung/go2_ws/src/go2_simulation/install/go2_description:${AMENT_PREFIX_PATH} CMAKE_PREFIX_PATH=/home/samsung/go2_ws/src/go2_simulation/install/go2_remap:/home/samsung/go2_ws/src/go2_simulation/install/unitree_go:/home/samsung/go2_ws/src/go2_simulation/install/go2_description:/home/samsung/go2_ws/install/imu_to_odom:/home/samsung/go2_ws/install/go2_real:/home/samsung/go2_ws/install/go2_gzsim:/home/samsung/go2_ws/install/go2_remap:/home/samsung/go2_ws/install/go2_refs:/home/samsung/go2_ws/install/go2_lowstates:/home/samsung/go2_ws/install/go2_jointcontroller:/home/samsung/go2_ws/install/go2_ekf:/home/samsung/go2_ws/install/go2_actuator:/home/samsung/go2_ws/install/unitree_go:/home/samsung/go2_ws/install/go2_rgc:/home/samsung/go2_ws/install/go2_interfaces:/home/samsung/go2_ws/install/go2_description:/opt/ros/jazzy/opt/gz_sim_vendor:/opt/ros/jazzy/opt/gz_sensors_vendor:/opt/ros/jazzy/opt/gz_physics_vendor:/opt/ros/jazzy/opt/sdformat_vendor:/opt/ros/jazzy/opt/gz_gui_vendor:/opt/ros/jazzy/opt/gz_transport_vendor:/opt/ros/jazzy/opt/gz_rendering_vendor:/opt/ros/jazzy/opt/gz_plugin_vendor:/opt/ros/jazzy/opt/gz_fuel_tools_vendor:/opt/ros/jazzy/opt/gz_msgs_vendor:/opt/ros/jazzy/opt/gz_common_vendor:/opt/ros/jazzy/opt/gz_math_vendor:/opt/ros/jazzy/opt/gz_utils_vendor:/opt/ros/jazzy/opt/gz_tools_vendor:/opt/ros/jazzy/opt/gz_ogre_next_vendor:/opt/ros/jazzy/opt/gz_dartsim_vendor:/opt/ros/jazzy/opt/gz_cmake_vendor:/opt/ros/jazzy DEBUGINFOD_URLS=https://debuginfod.ubuntu.com LD_LIBRARY_PATH=/home/samsung/go2_ws/src/go2_simulation/install/unitree_go/lib:${LD_LIBRARY_PATH} PYTHONPATH=/home/samsung/go2_ws/src/go2_simulation/install/unitree_go/lib/python3.12/site-packages:${PYTHONPATH} /usr/bin/cmake --build /home/samsung/go2_ws/src/go2_simulation/build/go2_gzsim -- -j8 -l8
[162.845s] DEBUG:colcon.colcon_core.event_handler.log_command:Invoking command in '/home/samsung/go2_ws/src/go2_simulation/build/go2_gzsim': AMENT_PREFIX_PATH=/home/samsung/go2_ws/src/go2_simulation/install/go2_remap:/home/samsung/go2_ws/src/go2_simulation/install/unitree_go:/home/samsung/go2_ws/src/go2_simulation/install/go2_description:${AMENT_PREFIX_PATH} CMAKE_PREFIX_PATH=/home/samsung/go2_ws/src/go2_simulation/install/go2_remap:/home/samsung/go2_ws/src/go2_simulation/install/unitree_go:/home/samsung/go2_ws/src/go2_simulation/install/go2_description:/home/samsung/go2_ws/install/imu_to_odom:/home/samsung/go2_ws/install/go2_real:/home/samsung/go2_ws/install/go2_gzsim:/home/samsung/go2_ws/install/go2_remap:/home/samsung/go2_ws/install/go2_refs:/home/samsung/go2_ws/install/go2_lowstates:/home/samsung/go2_ws/install/go2_jointcontroller:/home/samsung/go2_ws/install/go2_ekf:/home/samsung/go2_ws/install/go2_actuator:/home/samsung/go2_ws/install/unitree_go:/home/samsung/go2_ws/install/go2_rgc:/home/samsung/go2_ws/install/go2_interfaces:/home/samsung/go2_ws/install/go2_description:/opt/ros/jazzy/opt/gz_sim_vendor:/opt/ros/jazzy/opt/gz_sensors_vendor:/opt/ros/jazzy/opt/gz_physics_vendor:/opt/ros/jazzy/opt/sdformat_vendor:/opt/ros/jazzy/opt/gz_gui_vendor:/opt/ros/jazzy/opt/gz_transport_vendor:/opt/ros/jazzy/opt/gz_rendering_vendor:/opt/ros/jazzy/opt/gz_plugin_vendor:/opt/ros/jazzy/opt/gz_fuel_tools_vendor:/opt/ros/jazzy/opt/gz_msgs_vendor:/opt/ros/jazzy/opt/gz_common_vendor:/opt/ros/jazzy/opt/gz_math_vendor:/opt/ros/jazzy/opt/gz_utils_vendor:/opt/ros/jazzy/opt/gz_tools_vendor:/opt/ros/jazzy/opt/gz_ogre_next_vendor:/opt/ros/jazzy/opt/gz_dartsim_vendor:/opt/ros/jazzy/opt/gz_cmake_vendor:/opt/ros/jazzy DEBUGINFOD_URLS=https://debuginfod.ubuntu.com LD_LIBRARY_PATH=/home/samsung/go2_ws/src/go2_simulation/install/unitree_go/lib:${LD_LIBRARY_PATH} PYTHONPATH=/home/samsung/go2_ws/src/go2_simulation/install/unitree_go/lib/python3.12/site-packages:${PYTHONPATH} /usr/bin/cmake --install /home/samsung/go2_ws/src/go2_simulation/build/go2_gzsim
[162.869s] Level 1:colcon.colcon_core.environment:create_environment_scripts_only(go2_real)
[162.869s] Level 1:colcon.colcon_core.environment:checking '/home/samsung/go2_ws/src/go2_simulation/install/go2_real' for CMake module files
[162.869s] DEBUG:colcon.colcon_core.event_handler.log_command:Invoked command in '/home/samsung/go2_ws/src/go2_simulation/build/go2_real' returned '0': AMENT_PREFIX_PATH=/home/samsung/go2_ws/src/go2_simulation/install/go2_remap:/home/samsung/go2_ws/src/go2_simulation/install/unitree_go:/home/samsung/go2_ws/src/go2_simulation/install/go2_description:${AMENT_PREFIX_PATH} CMAKE_PREFIX_PATH=/home/samsung/go2_ws/src/go2_simulation/install/go2_remap:/home/samsung/go2_ws/src/go2_simulation/install/unitree_go:/home/samsung/go2_ws/src/go2_simulation/install/go2_description:/home/samsung/go2_ws/install/imu_to_odom:/home/samsung/go2_ws/install/go2_real:/home/samsung/go2_ws/install/go2_gzsim:/home/samsung/go2_ws/install/go2_remap:/home/samsung/go2_ws/install/go2_refs:/home/samsung/go2_ws/install/go2_lowstates:/home/samsung/go2_ws/install/go2_jointcontroller:/home/samsung/go2_ws/install/go2_ekf:/home/samsung/go2_ws/install/go2_actuator:/home/samsung/go2_ws/install/unitree_go:/home/samsung/go2_ws/install/go2_rgc:/home/samsung/go2_ws/install/go2_interfaces:/home/samsung/go2_ws/install/go2_description:/opt/ros/jazzy/opt/gz_sim_vendor:/opt/ros/jazzy/opt/gz_sensors_vendor:/opt/ros/jazzy/opt/gz_physics_vendor:/opt/ros/jazzy/opt/sdformat_vendor:/opt/ros/jazzy/opt/gz_gui_vendor:/opt/ros/jazzy/opt/gz_transport_vendor:/opt/ros/jazzy/opt/gz_rendering_vendor:/opt/ros/jazzy/opt/gz_plugin_vendor:/opt/ros/jazzy/opt/gz_fuel_tools_vendor:/opt/ros/jazzy/opt/gz_msgs_vendor:/opt/ros/jazzy/opt/gz_common_vendor:/opt/ros/jazzy/opt/gz_math_vendor:/opt/ros/jazzy/opt/gz_utils_vendor:/opt/ros/jazzy/opt/gz_tools_vendor:/opt/ros/jazzy/opt/gz_ogre_next_vendor:/opt/ros/jazzy/opt/gz_dartsim_vendor:/opt/ros/jazzy/opt/gz_cmake_vendor:/opt/ros/jazzy DEBUGINFOD_URLS=https://debuginfod.ubuntu.com LD_LIBRARY_PATH=/home/samsung/go2_ws/src/go2_simulation/install/unitree_go/lib:${LD_LIBRARY_PATH} PYTHONPATH=/home/samsung/go2_ws/src/go2_simulation/install/unitree_go/lib/python3.12/site-packages:${PYTHONPATH} /usr/bin/cmake --install /home/samsung/go2_ws/src/go2_simulation/build/go2_real
[162.870s] Level 1:colcon.colcon_core.environment:checking '/home/samsung/go2_ws/src/go2_simulation/install/go2_real' for CMake config files
[162.871s] Level 1:colcon.colcon_core.shell:create_environment_hook('go2_real', 'cmake_prefix_path')
[162.871s] INFO:colcon.colcon_core.shell:Creating environment hook '/home/samsung/go2_ws/src/go2_simulation/install/go2_real/share/go2_real/hook/cmake_prefix_path.ps1'
[162.872s] INFO:colcon.colcon_core.shell:Creating environment descriptor '/home/samsung/go2_ws/src/go2_simulation/install/go2_real/share/go2_real/hook/cmake_prefix_path.dsv'
[162.872s] INFO:colcon.colcon_core.shell:Creating environment hook '/home/samsung/go2_ws/src/go2_simulation/install/go2_real/share/go2_real/hook/cmake_prefix_path.sh'
[162.873s] Level 1:colcon.colcon_core.environment:checking '/home/samsung/go2_ws/src/go2_simulation/install/go2_real/bin'
[162.873s] Level 1:colcon.colcon_core.environment:checking '/home/samsung/go2_ws/src/go2_simulation/install/go2_real/lib/pkgconfig/go2_real.pc'
[162.874s] Level 1:colcon.colcon_core.environment:checking '/home/samsung/go2_ws/src/go2_simulation/install/go2_real/lib/python3.12/site-packages'
[162.874s] Level 1:colcon.colcon_core.environment:checking '/home/samsung/go2_ws/src/go2_simulation/install/go2_real/bin'
[162.875s] INFO:colcon.colcon_core.shell:Creating package script '/home/samsung/go2_ws/src/go2_simulation/install/go2_real/share/go2_real/package.ps1'
[162.875s] INFO:colcon.colcon_core.shell:Creating package descriptor '/home/samsung/go2_ws/src/go2_simulation/install/go2_real/share/go2_real/package.dsv'
[162.876s] INFO:colcon.colcon_core.shell:Creating package script '/home/samsung/go2_ws/src/go2_simulation/install/go2_real/share/go2_real/package.sh'
[162.877s] INFO:colcon.colcon_core.shell:Creating package script '/home/samsung/go2_ws/src/go2_simulation/install/go2_real/share/go2_real/package.bash'
[162.877s] INFO:colcon.colcon_core.shell:Creating package script '/home/samsung/go2_ws/src/go2_simulation/install/go2_real/share/go2_real/package.zsh'
[162.878s] Level 1:colcon.colcon_core.environment:create_file_with_runtime_dependencies(/home/samsung/go2_ws/src/go2_simulation/install/go2_real/share/colcon-core/packages/go2_real)
[162.879s] Level 1:colcon.colcon_core.environment:create_environment_scripts_only(go2_real)
[162.879s] Level 1:colcon.colcon_core.environment:checking '/home/samsung/go2_ws/src/go2_simulation/install/go2_real' for CMake module files
[162.880s] Level 1:colcon.colcon_core.environment:checking '/home/samsung/go2_ws/src/go2_simulation/install/go2_real' for CMake config files
[162.880s] Level 1:colcon.colcon_core.shell:create_environment_hook('go2_real', 'cmake_prefix_path')
[162.880s] INFO:colcon.colcon_core.shell:Creating environment hook '/home/samsung/go2_ws/src/go2_simulation/install/go2_real/share/go2_real/hook/cmake_prefix_path.ps1'
[162.881s] INFO:colcon.colcon_core.shell:Creating environment descriptor '/home/samsung/go2_ws/src/go2_simulation/install/go2_real/share/go2_real/hook/cmake_prefix_path.dsv'
[162.881s] INFO:colcon.colcon_core.shell:Creating environment hook '/home/samsung/go2_ws/src/go2_simulation/install/go2_real/share/go2_real/hook/cmake_prefix_path.sh'
[162.882s] Level 1:colcon.colcon_core.environment:checking '/home/samsung/go2_ws/src/go2_simulation/install/go2_real/bin'
[162.883s] Level 1:colcon.colcon_core.environment:checking '/home/samsung/go2_ws/src/go2_simulation/install/go2_real/lib/pkgconfig/go2_real.pc'
[162.883s] Level 1:colcon.colcon_core.environment:checking '/home/samsung/go2_ws/src/go2_simulation/install/go2_real/lib/python3.12/site-packages'
[162.883s] Level 1:colcon.colcon_core.environment:checking '/home/samsung/go2_ws/src/go2_simulation/install/go2_real/bin'
[162.884s] INFO:colcon.colcon_core.shell:Creating package script '/home/samsung/go2_ws/src/go2_simulation/install/go2_real/share/go2_real/package.ps1'
[162.885s] INFO:colcon.colcon_core.shell:Creating package descriptor '/home/samsung/go2_ws/src/go2_simulation/install/go2_real/share/go2_real/package.dsv'
[162.886s] INFO:colcon.colcon_core.shell:Creating package script '/home/samsung/go2_ws/src/go2_simulation/install/go2_real/share/go2_real/package.sh'
[162.886s] INFO:colcon.colcon_core.shell:Creating package script '/home/samsung/go2_ws/src/go2_simulation/install/go2_real/share/go2_real/package.bash'
[162.887s] INFO:colcon.colcon_core.shell:Creating package script '/home/samsung/go2_ws/src/go2_simulation/install/go2_real/share/go2_real/package.zsh'
[162.888s] Level 1:colcon.colcon_core.environment:create_file_with_runtime_dependencies(/home/samsung/go2_ws/src/go2_simulation/install/go2_real/share/colcon-core/packages/go2_real)
[162.889s] Level 1:colcon.colcon_core.environment:create_environment_scripts_only(go2_gzsim)
[162.889s] Level 1:colcon.colcon_core.environment:checking '/home/samsung/go2_ws/src/go2_simulation/install/go2_gzsim' for CMake module files
[162.891s] DEBUG:colcon.colcon_core.event_handler.log_command:Invoked command in '/home/samsung/go2_ws/src/go2_simulation/build/go2_gzsim' returned '0': AMENT_PREFIX_PATH=/home/samsung/go2_ws/src/go2_simulation/install/go2_remap:/home/samsung/go2_ws/src/go2_simulation/install/unitree_go:/home/samsung/go2_ws/src/go2_simulation/install/go2_description:${AMENT_PREFIX_PATH} CMAKE_PREFIX_PATH=/home/samsung/go2_ws/src/go2_simulation/install/go2_remap:/home/samsung/go2_ws/src/go2_simulation/install/unitree_go:/home/samsung/go2_ws/src/go2_simulation/install/go2_description:/home/samsung/go2_ws/install/imu_to_odom:/home/samsung/go2_ws/install/go2_real:/home/samsung/go2_ws/install/go2_gzsim:/home/samsung/go2_ws/install/go2_remap:/home/samsung/go2_ws/install/go2_refs:/home/samsung/go2_ws/install/go2_lowstates:/home/samsung/go2_ws/install/go2_jointcontroller:/home/samsung/go2_ws/install/go2_ekf:/home/samsung/go2_ws/install/go2_actuator:/home/samsung/go2_ws/install/unitree_go:/home/samsung/go2_ws/install/go2_rgc:/home/samsung/go2_ws/install/go2_interfaces:/home/samsung/go2_ws/install/go2_description:/opt/ros/jazzy/opt/gz_sim_vendor:/opt/ros/jazzy/opt/gz_sensors_vendor:/opt/ros/jazzy/opt/gz_physics_vendor:/opt/ros/jazzy/opt/sdformat_vendor:/opt/ros/jazzy/opt/gz_gui_vendor:/opt/ros/jazzy/opt/gz_transport_vendor:/opt/ros/jazzy/opt/gz_rendering_vendor:/opt/ros/jazzy/opt/gz_plugin_vendor:/opt/ros/jazzy/opt/gz_fuel_tools_vendor:/opt/ros/jazzy/opt/gz_msgs_vendor:/opt/ros/jazzy/opt/gz_common_vendor:/opt/ros/jazzy/opt/gz_math_vendor:/opt/ros/jazzy/opt/gz_utils_vendor:/opt/ros/jazzy/opt/gz_tools_vendor:/opt/ros/jazzy/opt/gz_ogre_next_vendor:/opt/ros/jazzy/opt/gz_dartsim_vendor:/opt/ros/jazzy/opt/gz_cmake_vendor:/opt/ros/jazzy DEBUGINFOD_URLS=https://debuginfod.ubuntu.com LD_LIBRARY_PATH=/home/samsung/go2_ws/src/go2_simulation/install/unitree_go/lib:${LD_LIBRARY_PATH} PYTHONPATH=/home/samsung/go2_ws/src/go2_simulation/install/unitree_go/lib/python3.12/site-packages:${PYTHONPATH} /usr/bin/cmake --install /home/samsung/go2_ws/src/go2_simulation/build/go2_gzsim
[162.891s] Level 1:colcon.colcon_core.environment:checking '/home/samsung/go2_ws/src/go2_simulation/install/go2_gzsim' for CMake config files
[162.892s] Level 1:colcon.colcon_core.shell:create_environment_hook('go2_gzsim', 'cmake_prefix_path')
[162.892s] INFO:colcon.colcon_core.shell:Creating environment hook '/home/samsung/go2_ws/src/go2_simulation/install/go2_gzsim/share/go2_gzsim/hook/cmake_prefix_path.ps1'
[162.893s] INFO:colcon.colcon_core.shell:Creating environment descriptor '/home/samsung/go2_ws/src/go2_simulation/install/go2_gzsim/share/go2_gzsim/hook/cmake_prefix_path.dsv'
[162.894s] INFO:colcon.colcon_core.shell:Creating environment hook '/home/samsung/go2_ws/src/go2_simulation/install/go2_gzsim/share/go2_gzsim/hook/cmake_prefix_path.sh'
[162.895s] Level 1:colcon.colcon_core.environment:checking '/home/samsung/go2_ws/src/go2_simulation/install/go2_gzsim/bin'
[162.895s] Level 1:colcon.colcon_core.environment:checking '/home/samsung/go2_ws/src/go2_simulation/install/go2_gzsim/lib/pkgconfig/go2_gzsim.pc'
[162.896s] Level 1:colcon.colcon_core.environment:checking '/home/samsung/go2_ws/src/go2_simulation/install/go2_gzsim/lib/python3.12/site-packages'
[162.897s] Level 1:colcon.colcon_core.environment:checking '/home/samsung/go2_ws/src/go2_simulation/install/go2_gzsim/bin'
[162.897s] INFO:colcon.colcon_core.shell:Creating package script '/home/samsung/go2_ws/src/go2_simulation/install/go2_gzsim/share/go2_gzsim/package.ps1'
[162.898s] INFO:colcon.colcon_core.shell:Creating package descriptor '/home/samsung/go2_ws/src/go2_simulation/install/go2_gzsim/share/go2_gzsim/package.dsv'
[162.899s] INFO:colcon.colcon_core.shell:Creating package script '/home/samsung/go2_ws/src/go2_simulation/install/go2_gzsim/share/go2_gzsim/package.sh'
[162.899s] INFO:colcon.colcon_core.shell:Creating package script '/home/samsung/go2_ws/src/go2_simulation/install/go2_gzsim/share/go2_gzsim/package.bash'
[162.900s] INFO:colcon.colcon_core.shell:Creating package script '/home/samsung/go2_ws/src/go2_simulation/install/go2_gzsim/share/go2_gzsim/package.zsh'
[162.900s] Level 1:colcon.colcon_core.environment:create_file_with_runtime_dependencies(/home/samsung/go2_ws/src/go2_simulation/install/go2_gzsim/share/colcon-core/packages/go2_gzsim)
[162.901s] Level 1:colcon.colcon_core.environment:create_environment_scripts_only(go2_gzsim)
[162.902s] Level 1:colcon.colcon_core.environment:checking '/home/samsung/go2_ws/src/go2_simulation/install/go2_gzsim' for CMake module files
[162.902s] Level 1:colcon.colcon_core.environment:checking '/home/samsung/go2_ws/src/go2_simulation/install/go2_gzsim' for CMake config files
[162.903s] Level 1:colcon.colcon_core.shell:create_environment_hook('go2_gzsim', 'cmake_prefix_path')
[162.903s] INFO:colcon.colcon_core.shell:Creating environment hook '/home/samsung/go2_ws/src/go2_simulation/install/go2_gzsim/share/go2_gzsim/hook/cmake_prefix_path.ps1'
[162.904s] INFO:colcon.colcon_core.shell:Creating environment descriptor '/home/samsung/go2_ws/src/go2_simulation/install/go2_gzsim/share/go2_gzsim/hook/cmake_prefix_path.dsv'
[162.904s] INFO:colcon.colcon_core.shell:Creating environment hook '/home/samsung/go2_ws/src/go2_simulation/install/go2_gzsim/share/go2_gzsim/hook/cmake_prefix_path.sh'
[162.905s] Level 1:colcon.colcon_core.environment:checking '/home/samsung/go2_ws/src/go2_simulation/install/go2_gzsim/bin'
[162.905s] Level 1:colcon.colcon_core.environment:checking '/home/samsung/go2_ws/src/go2_simulation/install/go2_gzsim/lib/pkgconfig/go2_gzsim.pc'
[162.906s] Level 1:colcon.colcon_core.environment:checking '/home/samsung/go2_ws/src/go2_simulation/install/go2_gzsim/lib/python3.12/site-packages'
[162.906s] Level 1:colcon.colcon_core.environment:checking '/home/samsung/go2_ws/src/go2_simulation/install/go2_gzsim/bin'
[162.906s] INFO:colcon.colcon_core.shell:Creating package script '/home/samsung/go2_ws/src/go2_simulation/install/go2_gzsim/share/go2_gzsim/package.ps1'
[162.907s] INFO:colcon.colcon_core.shell:Creating package descriptor '/home/samsung/go2_ws/src/go2_simulation/install/go2_gzsim/share/go2_gzsim/package.dsv'
[162.908s] INFO:colcon.colcon_core.shell:Creating package script '/home/samsung/go2_ws/src/go2_simulation/install/go2_gzsim/share/go2_gzsim/package.sh'
[162.909s] INFO:colcon.colcon_core.shell:Creating package script '/home/samsung/go2_ws/src/go2_simulation/install/go2_gzsim/share/go2_gzsim/package.bash'
[162.910s] INFO:colcon.colcon_core.shell:Creating package script '/home/samsung/go2_ws/src/go2_simulation/install/go2_gzsim/share/go2_gzsim/package.zsh'
[162.910s] Level 1:colcon.colcon_core.environment:create_file_with_runtime_dependencies(/home/samsung/go2_ws/src/go2_simulation/install/go2_gzsim/share/colcon-core/packages/go2_gzsim)
[162.911s] DEBUG:colcon.colcon_parallel_executor.executor.parallel:closing loop
[162.911s] DEBUG:colcon.colcon_parallel_executor.executor.parallel:loop closed
[162.911s] DEBUG:colcon.colcon_parallel_executor.executor.parallel:run_until_complete finished with '0'
[162.911s] DEBUG:colcon.colcon_core.event_reactor:joining thread
[162.933s] INFO:colcon.colcon_core.plugin_system:Skipping extension 'colcon_notification.desktop_notification.terminal_notifier': Not used on non-Darwin systems
[162.933s] INFO:colcon.colcon_core.plugin_system:Skipping extension 'colcon_notification.desktop_notification.win32': Not used on non-Windows systems
[162.933s] INFO:colcon.colcon_notification.desktop_notification:Sending desktop notification using 'notify2'
[162.991s] DEBUG:colcon.colcon_core.event_reactor:joined thread
[162.992s] INFO:colcon.colcon_core.shell:Creating prefix script '/home/samsung/go2_ws/src/go2_simulation/install/local_setup.ps1'
[162.993s] INFO:colcon.colcon_core.shell:Creating prefix util module '/home/samsung/go2_ws/src/go2_simulation/install/_local_setup_util_ps1.py'
[162.995s] INFO:colcon.colcon_core.shell:Creating prefix chain script '/home/samsung/go2_ws/src/go2_simulation/install/setup.ps1'
[162.998s] INFO:colcon.colcon_core.shell:Creating prefix script '/home/samsung/go2_ws/src/go2_simulation/install/local_setup.sh'
[163.000s] INFO:colcon.colcon_core.shell:Creating prefix util module '/home/samsung/go2_ws/src/go2_simulation/install/_local_setup_util_sh.py'
[163.001s] INFO:colcon.colcon_core.shell:Creating prefix chain script '/home/samsung/go2_ws/src/go2_simulation/install/setup.sh'
[163.003s] INFO:colcon.colcon_core.shell:Creating prefix script '/home/samsung/go2_ws/src/go2_simulation/install/local_setup.bash'
[163.005s] INFO:colcon.colcon_core.shell:Creating prefix chain script '/home/samsung/go2_ws/src/go2_simulation/install/setup.bash'
[163.007s] INFO:colcon.colcon_core.shell:Creating prefix script '/home/samsung/go2_ws/src/go2_simulation/install/local_setup.zsh'
[163.009s] INFO:colcon.colcon_core.shell:Creating prefix chain script '/home/samsung/go2_ws/src/go2_simulation/install/setup.zsh'
