[0.034s] Invoking command in '/home/samsung/go2_ws/src/go2_simulation/build/unitree_go': CMAKE_PREFIX_PATH=${CMAKE_PREFIX_PATH}:/opt/ros/jazzy DEBUGINFOD_URLS=https://debuginfod.ubuntu.com /usr/bin/cmake /home/samsung/go2_ws/src/go2_simulation/unitree_go -DCMAKE_INSTALL_PREFIX=/home/samsung/go2_ws/src/go2_simulation/install/unitree_go
[0.188s] -- The C compiler identification is GNU 13.3.0
[0.345s] -- The CXX compiler identification is GNU 13.3.0
[0.399s] -- Detecting C compiler ABI info
[0.590s] -- Detecting C compiler ABI info - done
[0.615s] -- Check for working C compiler: /usr/bin/cc - skipped
[0.616s] -- Detecting C compile features
[0.617s] -- Detecting C compile features - done
[0.640s] -- Detecting CXX compiler ABI info
[0.854s] -- Detecting CXX compiler ABI info - done
[0.886s] -- Check for working CXX compiler: /usr/bin/c++ - skipped
[0.887s] -- Detecting CXX compile features
[0.889s] -- Detecting CXX compile features - done
[0.906s] -- Found ament_cmake: 2.5.4 (/opt/ros/jazzy/share/ament_cmake/cmake)
[1.308s] -- Found Python3: /usr/bin/python3 (found version "3.12.3") found components: Interpreter 
[1.614s] -- Found geometry_msgs: 5.3.6 (/opt/ros/jazzy/share/geometry_msgs/cmake)
[1.703s] -- Found rosidl_generator_c: 4.6.6 (/opt/ros/jazzy/share/rosidl_generator_c/cmake)
[1.752s] -- Found rosidl_generator_cpp: 4.6.6 (/opt/ros/jazzy/share/rosidl_generator_cpp/cmake)
[1.788s] -- Using all available rosidl_typesupport_c: rosidl_typesupport_fastrtps_c;rosidl_typesupport_introspection_c
[1.831s] -- Using all available rosidl_typesupport_cpp: rosidl_typesupport_fastrtps_cpp;rosidl_typesupport_introspection_cpp
[1.969s] -- Found rosidl_default_generators: 1.6.0 (/opt/ros/jazzy/share/rosidl_default_generators/cmake)
[2.038s] -- Found rosidl_adapter: 4.6.6 (/opt/ros/jazzy/share/rosidl_adapter/cmake)
[2.051s] -- Found rosidl_generator_dds_idl: 0.11.1 (/opt/ros/jazzy/share/rosidl_generator_dds_idl/cmake)
[3.513s] -- Found ament_cmake_ros: 0.12.0 (/opt/ros/jazzy/share/ament_cmake_ros/cmake)
[5.135s] -- Using all available rosidl_typesupport_c: rosidl_typesupport_fastrtps_c;rosidl_typesupport_introspection_c
[5.792s] -- Using all available rosidl_typesupport_cpp: rosidl_typesupport_fastrtps_cpp;rosidl_typesupport_introspection_cpp
[5.800s] -- Found python_cmake_module: 0.11.1 (/opt/ros/jazzy/share/python_cmake_module/cmake)
[6.093s] -- Found PythonExtra: /usr/bin/python3  
[6.920s] -- Found Python3: /usr/bin/python3 (found version "3.12.3") found components: Interpreter Development NumPy Development.Module Development.Embed 
[7.105s] -- Found ament_lint_auto: 0.17.3 (/opt/ros/jazzy/share/ament_lint_auto/cmake)
[7.162s] -- Added test 'copyright' to check source files copyright and LICENSE
[7.166s] -- Added test 'lint_cmake' to check CMake code style
[7.169s] -- Added test 'xmllint' to check XML markup files
[7.174s] -- Configuring done (7.1s)
[7.293s] -- Generating done (0.1s)
[7.315s] -- Build files have been written to: /home/samsung/go2_ws/src/go2_simulation/build/unitree_go
[7.340s] Invoked command in '/home/samsung/go2_ws/src/go2_simulation/build/unitree_go' returned '0': CMAKE_PREFIX_PATH=${CMAKE_PREFIX_PATH}:/opt/ros/jazzy DEBUGINFOD_URLS=https://debuginfod.ubuntu.com /usr/bin/cmake /home/samsung/go2_ws/src/go2_simulation/unitree_go -DCMAKE_INSTALL_PREFIX=/home/samsung/go2_ws/src/go2_simulation/install/unitree_go
[7.342s] Invoking command in '/home/samsung/go2_ws/src/go2_simulation/build/unitree_go': CMAKE_PREFIX_PATH=${CMAKE_PREFIX_PATH}:/opt/ros/jazzy DEBUGINFOD_URLS=https://debuginfod.ubuntu.com /usr/bin/cmake --build /home/samsung/go2_ws/src/go2_simulation/build/unitree_go -- -j8 -l8
[7.460s] [  0%] [34m[1mGenerating type hashes for ROS interfaces[0m
[7.463s] [  0%] [34m[1mGenerating DDS interfaces[0m
[7.487s] [  0%] Built target ament_cmake_python_copy_unitree_go
[7.864s] running egg_info
[7.865s] creating unitree_go.egg-info
[7.897s] writing unitree_go.egg-info/PKG-INFO
[7.898s] writing dependency_links to unitree_go.egg-info/dependency_links.txt
[7.898s] writing top-level names to unitree_go.egg-info/top_level.txt
[7.898s] writing manifest file 'unitree_go.egg-info/SOURCES.txt'
[8.010s] reading manifest file 'unitree_go.egg-info/SOURCES.txt'
[8.011s] writing manifest file 'unitree_go.egg-info/SOURCES.txt'
[8.096s] [  0%] Built target ament_cmake_python_build_unitree_go_egg
[9.658s] [  0%] Built target unitree_go__rosidl_generator_type_description
[9.690s] [  0%] [34m[1mGenerating C code for ROS interfaces[0m
[9.719s] [  0%] [34m[1mGenerating C++ code for ROS interfaces[0m
[9.948s] [  0%] Built target unitree_go__dds_connext_idl
[14.249s] [  0%] Built target unitree_go__cpp
[16.085s] [  0%] [32mBuilding C object CMakeFiles/unitree_go__rosidl_generator_c.dir/rosidl_generator_c/unitree_go/msg/detail/audio_data__description.c.o[0m
[16.085s] [  1%] [32mBuilding C object CMakeFiles/unitree_go__rosidl_generator_c.dir/rosidl_generator_c/unitree_go/msg/detail/audio_data__functions.c.o[0m
[16.087s] [  1%] [32mBuilding C object CMakeFiles/unitree_go__rosidl_generator_c.dir/rosidl_generator_c/unitree_go/msg/detail/bms_cmd__functions.c.o[0m
[16.087s] [  1%] [32mBuilding C object CMakeFiles/unitree_go__rosidl_generator_c.dir/rosidl_generator_c/unitree_go/msg/detail/bms_state__functions.c.o[0m
[16.090s] [  3%] [32mBuilding C object CMakeFiles/unitree_go__rosidl_generator_c.dir/rosidl_generator_c/unitree_go/msg/detail/bms_cmd__description.c.o[0m
[16.090s] [  3%] [32mBuilding C object CMakeFiles/unitree_go__rosidl_generator_c.dir/rosidl_generator_c/unitree_go/msg/detail/bms_state__description.c.o[0m
[16.093s] [  3%] [32mBuilding C object CMakeFiles/unitree_go__rosidl_generator_c.dir/rosidl_generator_c/unitree_go/msg/detail/audio_data__type_support.c.o[0m
[16.105s] [  3%] [32mBuilding C object CMakeFiles/unitree_go__rosidl_generator_c.dir/rosidl_generator_c/unitree_go/msg/detail/bms_cmd__type_support.c.o[0m
[16.223s] [  4%] [32mBuilding C object CMakeFiles/unitree_go__rosidl_generator_c.dir/rosidl_generator_c/unitree_go/msg/detail/bms_state__type_support.c.o[0m
[16.280s] [  4%] [32mBuilding C object CMakeFiles/unitree_go__rosidl_generator_c.dir/rosidl_generator_c/unitree_go/msg/detail/error__functions.c.o[0m
[16.296s] [  4%] [32mBuilding C object CMakeFiles/unitree_go__rosidl_generator_c.dir/rosidl_generator_c/unitree_go/msg/detail/height_map__description.c.o[0m
[16.297s] [  4%] [32mBuilding C object CMakeFiles/unitree_go__rosidl_generator_c.dir/rosidl_generator_c/unitree_go/msg/detail/error__description.c.o[0m
[16.297s] [  5%] [32mBuilding C object CMakeFiles/unitree_go__rosidl_generator_c.dir/rosidl_generator_c/unitree_go/msg/detail/error__type_support.c.o[0m
[16.377s] [  6%] [32mBuilding C object CMakeFiles/unitree_go__rosidl_generator_c.dir/rosidl_generator_c/unitree_go/msg/detail/height_map__functions.c.o[0m
[16.392s] [  6%] [32mBuilding C object CMakeFiles/unitree_go__rosidl_generator_c.dir/rosidl_generator_c/unitree_go/msg/detail/imu_state__description.c.o[0m
[16.400s] [  6%] [32mBuilding C object CMakeFiles/unitree_go__rosidl_generator_c.dir/rosidl_generator_c/unitree_go/msg/detail/height_map__type_support.c.o[0m
[16.438s] [  7%] [32mBuilding C object CMakeFiles/unitree_go__rosidl_generator_c.dir/rosidl_generator_c/unitree_go/msg/detail/imu_state__functions.c.o[0m
[16.472s] [  7%] [32mBuilding C object CMakeFiles/unitree_go__rosidl_generator_c.dir/rosidl_generator_c/unitree_go/msg/detail/imu_state__type_support.c.o[0m
[16.518s] [  8%] [32mBuilding C object CMakeFiles/unitree_go__rosidl_generator_c.dir/rosidl_generator_c/unitree_go/msg/detail/interface_config__description.c.o[0m
[16.546s] [  8%] [32mBuilding C object CMakeFiles/unitree_go__rosidl_generator_c.dir/rosidl_generator_c/unitree_go/msg/detail/interface_config__functions.c.o[0m
[16.571s] [  8%] [32mBuilding C object CMakeFiles/unitree_go__rosidl_generator_c.dir/rosidl_generator_c/unitree_go/msg/detail/interface_config__type_support.c.o[0m
[16.621s] [  8%] [32mBuilding C object CMakeFiles/unitree_go__rosidl_generator_c.dir/rosidl_generator_c/unitree_go/msg/detail/lidar_state__functions.c.o[0m
[16.635s] [  9%] [32mBuilding C object CMakeFiles/unitree_go__rosidl_generator_c.dir/rosidl_generator_c/unitree_go/msg/detail/lidar_state__description.c.o[0m
[16.656s] [  9%] [32mBuilding C object CMakeFiles/unitree_go__rosidl_generator_c.dir/rosidl_generator_c/unitree_go/msg/detail/lidar_state__type_support.c.o[0m
[16.665s] [ 10%] [32mBuilding C object CMakeFiles/unitree_go__rosidl_generator_c.dir/rosidl_generator_c/unitree_go/msg/detail/low_cmd__description.c.o[0m
[16.710s] [ 11%] [32mBuilding C object CMakeFiles/unitree_go__rosidl_generator_c.dir/rosidl_generator_c/unitree_go/msg/detail/low_cmd__type_support.c.o[0m
[16.713s] [ 11%] [32mBuilding C object CMakeFiles/unitree_go__rosidl_generator_c.dir/rosidl_generator_c/unitree_go/msg/detail/low_cmd__functions.c.o[0m
[16.738s] [ 11%] [32mBuilding C object CMakeFiles/unitree_go__rosidl_generator_c.dir/rosidl_generator_c/unitree_go/msg/detail/low_state__description.c.o[0m
[16.822s] [ 11%] [32mBuilding C object CMakeFiles/unitree_go__rosidl_generator_c.dir/rosidl_generator_c/unitree_go/msg/detail/low_state__functions.c.o[0m
[16.822s] [ 12%] [32mBuilding C object CMakeFiles/unitree_go__rosidl_generator_c.dir/rosidl_generator_c/unitree_go/msg/detail/low_state__type_support.c.o[0m
[16.871s] [ 12%] [32mBuilding C object CMakeFiles/unitree_go__rosidl_generator_c.dir/rosidl_generator_c/unitree_go/msg/detail/motor_cmd__description.c.o[0m
[16.903s] [ 13%] [32mBuilding C object CMakeFiles/unitree_go__rosidl_generator_c.dir/rosidl_generator_c/unitree_go/msg/detail/motor_cmd__functions.c.o[0m
[16.918s] [ 13%] [32mBuilding C object CMakeFiles/unitree_go__rosidl_generator_c.dir/rosidl_generator_c/unitree_go/msg/detail/motor_cmd__type_support.c.o[0m
[16.929s] [ 13%] [32mBuilding C object CMakeFiles/unitree_go__rosidl_generator_c.dir/rosidl_generator_c/unitree_go/msg/detail/motor_cmds__description.c.o[0m
[16.968s] [ 14%] [32mBuilding C object CMakeFiles/unitree_go__rosidl_generator_c.dir/rosidl_generator_c/unitree_go/msg/detail/motor_cmds__functions.c.o[0m
[16.968s] [ 14%] [32mBuilding C object CMakeFiles/unitree_go__rosidl_generator_c.dir/rosidl_generator_c/unitree_go/msg/detail/motor_cmds__type_support.c.o[0m
[17.090s] [ 15%] [32mBuilding C object CMakeFiles/unitree_go__rosidl_generator_c.dir/rosidl_generator_c/unitree_go/msg/detail/motor_state__description.c.o[0m
[17.094s] [ 15%] [32mBuilding C object CMakeFiles/unitree_go__rosidl_generator_c.dir/rosidl_generator_c/unitree_go/msg/detail/motor_state__functions.c.o[0m
[17.095s] [ 15%] [32mBuilding C object CMakeFiles/unitree_go__rosidl_generator_c.dir/rosidl_generator_c/unitree_go/msg/detail/motor_state__type_support.c.o[0m
[17.122s] [ 16%] [32mBuilding C object CMakeFiles/unitree_go__rosidl_generator_c.dir/rosidl_generator_c/unitree_go/msg/detail/motor_states__description.c.o[0m
[17.161s] [ 17%] [32mBuilding C object CMakeFiles/unitree_go__rosidl_generator_c.dir/rosidl_generator_c/unitree_go/msg/detail/motor_states__type_support.c.o[0m
[17.161s] [ 17%] [32mBuilding C object CMakeFiles/unitree_go__rosidl_generator_c.dir/rosidl_generator_c/unitree_go/msg/detail/motor_states__functions.c.o[0m
[17.216s] [ 17%] [32mBuilding C object CMakeFiles/unitree_go__rosidl_generator_c.dir/rosidl_generator_c/unitree_go/msg/detail/path_point__description.c.o[0m
[17.263s] [ 17%] [32mBuilding C object CMakeFiles/unitree_go__rosidl_generator_c.dir/rosidl_generator_c/unitree_go/msg/detail/path_point__functions.c.o[0m
[17.274s] [ 18%] [32mBuilding C object CMakeFiles/unitree_go__rosidl_generator_c.dir/rosidl_generator_c/unitree_go/msg/detail/path_point__type_support.c.o[0m
[17.296s] [ 18%] [32mBuilding C object CMakeFiles/unitree_go__rosidl_generator_c.dir/rosidl_generator_c/unitree_go/msg/detail/req__description.c.o[0m
[17.338s] [ 19%] [32mBuilding C object CMakeFiles/unitree_go__rosidl_generator_c.dir/rosidl_generator_c/unitree_go/msg/detail/req__functions.c.o[0m
[17.385s] [ 19%] [32mBuilding C object CMakeFiles/unitree_go__rosidl_generator_c.dir/rosidl_generator_c/unitree_go/msg/detail/req__type_support.c.o[0m
[17.411s] [ 19%] [32mBuilding C object CMakeFiles/unitree_go__rosidl_generator_c.dir/rosidl_generator_c/unitree_go/msg/detail/res__description.c.o[0m
[17.450s] [ 20%] [32mBuilding C object CMakeFiles/unitree_go__rosidl_generator_c.dir/rosidl_generator_c/unitree_go/msg/detail/res__functions.c.o[0m
[17.459s] [ 20%] [32mBuilding C object CMakeFiles/unitree_go__rosidl_generator_c.dir/rosidl_generator_c/unitree_go/msg/detail/res__type_support.c.o[0m
[17.489s] [ 21%] [32mBuilding C object CMakeFiles/unitree_go__rosidl_generator_c.dir/rosidl_generator_c/unitree_go/msg/detail/sport_mode_cmd__functions.c.o[0m
[17.504s] [ 21%] [32mBuilding C object CMakeFiles/unitree_go__rosidl_generator_c.dir/rosidl_generator_c/unitree_go/msg/detail/sport_mode_cmd__description.c.o[0m
[17.534s] [ 22%] [32mBuilding C object CMakeFiles/unitree_go__rosidl_generator_c.dir/rosidl_generator_c/unitree_go/msg/detail/sport_mode_state__description.c.o[0m
[17.546s] [ 22%] [32mBuilding C object CMakeFiles/unitree_go__rosidl_generator_c.dir/rosidl_generator_c/unitree_go/msg/detail/sport_mode_cmd__type_support.c.o[0m
[17.621s] [ 22%] [32mBuilding C object CMakeFiles/unitree_go__rosidl_generator_c.dir/rosidl_generator_c/unitree_go/msg/detail/sport_mode_state__type_support.c.o[0m
[17.630s] [ 22%] [32mBuilding C object CMakeFiles/unitree_go__rosidl_generator_c.dir/rosidl_generator_c/unitree_go/msg/detail/sport_mode_state__functions.c.o[0m
[17.650s] [ 23%] [32mBuilding C object CMakeFiles/unitree_go__rosidl_generator_c.dir/rosidl_generator_c/unitree_go/msg/detail/time_spec__description.c.o[0m
[17.732s] [ 23%] [32mBuilding C object CMakeFiles/unitree_go__rosidl_generator_c.dir/rosidl_generator_c/unitree_go/msg/detail/time_spec__functions.c.o[0m
[17.739s] [ 24%] [32mBuilding C object CMakeFiles/unitree_go__rosidl_generator_c.dir/rosidl_generator_c/unitree_go/msg/detail/time_spec__type_support.c.o[0m
[17.752s] [ 24%] [32mBuilding C object CMakeFiles/unitree_go__rosidl_generator_c.dir/rosidl_generator_c/unitree_go/msg/detail/uwb_state__description.c.o[0m
[17.801s] [ 24%] [32mBuilding C object CMakeFiles/unitree_go__rosidl_generator_c.dir/rosidl_generator_c/unitree_go/msg/detail/uwb_state__functions.c.o[0m
[17.818s] [ 25%] [32mBuilding C object CMakeFiles/unitree_go__rosidl_generator_c.dir/rosidl_generator_c/unitree_go/msg/detail/uwb_state__type_support.c.o[0m
[17.859s] [ 25%] [32mBuilding C object CMakeFiles/unitree_go__rosidl_generator_c.dir/rosidl_generator_c/unitree_go/msg/detail/uwb_switch__description.c.o[0m
[17.927s] [ 25%] [32mBuilding C object CMakeFiles/unitree_go__rosidl_generator_c.dir/rosidl_generator_c/unitree_go/msg/detail/uwb_switch__type_support.c.o[0m
[17.935s] [ 26%] [32mBuilding C object CMakeFiles/unitree_go__rosidl_generator_c.dir/rosidl_generator_c/unitree_go/msg/detail/uwb_switch__functions.c.o[0m
[18.003s] [ 27%] [32mBuilding C object CMakeFiles/unitree_go__rosidl_generator_c.dir/rosidl_generator_c/unitree_go/msg/detail/wireless_controller__functions.c.o[0m
[18.009s] [ 27%] [32mBuilding C object CMakeFiles/unitree_go__rosidl_generator_c.dir/rosidl_generator_c/unitree_go/msg/detail/wireless_controller__description.c.o[0m
[18.071s] [ 27%] [32mBuilding C object CMakeFiles/unitree_go__rosidl_generator_c.dir/rosidl_generator_c/unitree_go/msg/detail/wireless_controller__type_support.c.o[0m
[18.242s] [ 28%] [32m[1mLinking C shared library libunitree_go__rosidl_generator_c.so[0m
[18.464s] [ 28%] Built target unitree_go__rosidl_generator_c
[18.533s] [ 29%] [34m[1mGenerating C type support dispatch for ROS interfaces[0m
[18.533s] [ 30%] [34m[1mGenerating C++ type support dispatch for ROS interfaces[0m
[18.544s] [ 30%] [34m[1mGenerating C introspection for ROS interfaces[0m
[18.545s] [ 30%] [34m[1mGenerating C type support for eProsima Fast-RTPS[0m
[18.545s] [ 30%] [34m[1mGenerating C++ type support for eProsima Fast-RTPS[0m
[18.550s] [ 31%] [34m[1mGenerating C++ introspection for ROS interfaces[0m
[24.130s] [ 31%] [32mBuilding CXX object CMakeFiles/unitree_go__rosidl_typesupport_cpp.dir/rosidl_typesupport_cpp/unitree_go/msg/bms_cmd__type_support.cpp.o[0m
[24.130s] [ 31%] [32mBuilding CXX object CMakeFiles/unitree_go__rosidl_typesupport_cpp.dir/rosidl_typesupport_cpp/unitree_go/msg/audio_data__type_support.cpp.o[0m
[24.164s] [ 32%] [32mBuilding CXX object CMakeFiles/unitree_go__rosidl_typesupport_cpp.dir/rosidl_typesupport_cpp/unitree_go/msg/bms_state__type_support.cpp.o[0m
[25.534s] [ 32%] [32mBuilding CXX object CMakeFiles/unitree_go__rosidl_typesupport_cpp.dir/rosidl_typesupport_cpp/unitree_go/msg/error__type_support.cpp.o[0m
[26.661s] [ 32%] [32mBuilding CXX object CMakeFiles/unitree_go__rosidl_typesupport_cpp.dir/rosidl_typesupport_cpp/unitree_go/msg/height_map__type_support.cpp.o[0m
[26.728s] [ 33%] [32mBuilding CXX object CMakeFiles/unitree_go__rosidl_typesupport_cpp.dir/rosidl_typesupport_cpp/unitree_go/msg/imu_state__type_support.cpp.o[0m
[27.131s] [ 33%] [32mBuilding CXX object CMakeFiles/unitree_go__rosidl_typesupport_c.dir/rosidl_typesupport_c/unitree_go/msg/audio_data__type_support.cpp.o[0m
[27.463s] [ 34%] [32mBuilding CXX object CMakeFiles/unitree_go__rosidl_typesupport_c.dir/rosidl_typesupport_c/unitree_go/msg/bms_cmd__type_support.cpp.o[0m
[27.750s] [ 34%] [32mBuilding CXX object CMakeFiles/unitree_go__rosidl_typesupport_c.dir/rosidl_typesupport_c/unitree_go/msg/bms_state__type_support.cpp.o[0m
[28.045s] [ 34%] [32mBuilding CXX object CMakeFiles/unitree_go__rosidl_typesupport_c.dir/rosidl_typesupport_c/unitree_go/msg/error__type_support.cpp.o[0m
[28.286s] [ 35%] [32mBuilding CXX object CMakeFiles/unitree_go__rosidl_typesupport_c.dir/rosidl_typesupport_c/unitree_go/msg/height_map__type_support.cpp.o[0m
[28.505s] [ 35%] [32mBuilding CXX object CMakeFiles/unitree_go__rosidl_typesupport_c.dir/rosidl_typesupport_c/unitree_go/msg/imu_state__type_support.cpp.o[0m
[28.520s] [ 35%] [32mBuilding CXX object CMakeFiles/unitree_go__rosidl_typesupport_cpp.dir/rosidl_typesupport_cpp/unitree_go/msg/interface_config__type_support.cpp.o[0m
[28.523s] [ 35%] [32mBuilding CXX object CMakeFiles/unitree_go__rosidl_typesupport_introspection_cpp.dir/rosidl_typesupport_introspection_cpp/unitree_go/msg/detail/audio_data__type_support.cpp.o[0m
[28.695s] [ 35%] [32mBuilding CXX object CMakeFiles/unitree_go__rosidl_typesupport_c.dir/rosidl_typesupport_c/unitree_go/msg/interface_config__type_support.cpp.o[0m
[28.969s] [ 36%] [32mBuilding CXX object CMakeFiles/unitree_go__rosidl_typesupport_c.dir/rosidl_typesupport_c/unitree_go/msg/lidar_state__type_support.cpp.o[0m
[29.033s] [ 36%] [32mBuilding C object CMakeFiles/unitree_go__rosidl_typesupport_introspection_c.dir/rosidl_typesupport_introspection_c/unitree_go/msg/detail/audio_data__type_support.c.o[0m
[29.128s] [ 36%] [32mBuilding CXX object CMakeFiles/unitree_go__rosidl_typesupport_c.dir/rosidl_typesupport_c/unitree_go/msg/low_cmd__type_support.cpp.o[0m
[29.200s] [ 37%] [32mBuilding C object CMakeFiles/unitree_go__rosidl_typesupport_introspection_c.dir/rosidl_typesupport_introspection_c/unitree_go/msg/detail/bms_cmd__type_support.c.o[0m
[29.330s] [ 38%] [32mBuilding CXX object CMakeFiles/unitree_go__rosidl_typesupport_c.dir/rosidl_typesupport_c/unitree_go/msg/low_state__type_support.cpp.o[0m
[29.442s] [ 38%] [32mBuilding C object CMakeFiles/unitree_go__rosidl_typesupport_introspection_c.dir/rosidl_typesupport_introspection_c/unitree_go/msg/detail/bms_state__type_support.c.o[0m
[29.548s] [ 39%] [32mBuilding CXX object CMakeFiles/unitree_go__rosidl_typesupport_cpp.dir/rosidl_typesupport_cpp/unitree_go/msg/lidar_state__type_support.cpp.o[0m
[29.577s] [ 39%] [32mBuilding CXX object CMakeFiles/unitree_go__rosidl_typesupport_c.dir/rosidl_typesupport_c/unitree_go/msg/motor_cmd__type_support.cpp.o[0m
[29.729s] [ 40%] [32mBuilding C object CMakeFiles/unitree_go__rosidl_typesupport_introspection_c.dir/rosidl_typesupport_introspection_c/unitree_go/msg/detail/error__type_support.c.o[0m
[29.748s] [ 40%] [32mBuilding CXX object CMakeFiles/unitree_go__rosidl_typesupport_c.dir/rosidl_typesupport_c/unitree_go/msg/motor_cmds__type_support.cpp.o[0m
[29.793s] [ 40%] [32mBuilding CXX object CMakeFiles/unitree_go__rosidl_typesupport_cpp.dir/rosidl_typesupport_cpp/unitree_go/msg/low_cmd__type_support.cpp.o[0m
[29.968s] [ 41%] [32mBuilding CXX object CMakeFiles/unitree_go__rosidl_typesupport_c.dir/rosidl_typesupport_c/unitree_go/msg/motor_state__type_support.cpp.o[0m
[29.990s] [ 41%] [32mBuilding C object CMakeFiles/unitree_go__rosidl_typesupport_introspection_c.dir/rosidl_typesupport_introspection_c/unitree_go/msg/detail/height_map__type_support.c.o[0m
[30.317s] [ 41%] [32mBuilding C object CMakeFiles/unitree_go__rosidl_typesupport_introspection_c.dir/rosidl_typesupport_introspection_c/unitree_go/msg/detail/imu_state__type_support.c.o[0m
[30.434s] [ 41%] [32mBuilding CXX object CMakeFiles/unitree_go__rosidl_typesupport_c.dir/rosidl_typesupport_c/unitree_go/msg/motor_states__type_support.cpp.o[0m
[30.490s] [ 42%] [32mBuilding C object CMakeFiles/unitree_go__rosidl_typesupport_introspection_c.dir/rosidl_typesupport_introspection_c/unitree_go/msg/detail/interface_config__type_support.c.o[0m
[30.617s] [ 42%] [32mBuilding C object CMakeFiles/unitree_go__rosidl_typesupport_introspection_c.dir/rosidl_typesupport_introspection_c/unitree_go/msg/detail/lidar_state__type_support.c.o[0m
[30.763s] [ 42%] [32mBuilding C object CMakeFiles/unitree_go__rosidl_typesupport_introspection_c.dir/rosidl_typesupport_introspection_c/unitree_go/msg/detail/low_cmd__type_support.c.o[0m
[30.879s] [ 43%] [32mBuilding CXX object CMakeFiles/unitree_go__rosidl_typesupport_c.dir/rosidl_typesupport_c/unitree_go/msg/path_point__type_support.cpp.o[0m
[30.983s] [ 44%] [32mBuilding CXX object CMakeFiles/unitree_go__rosidl_typesupport_introspection_cpp.dir/rosidl_typesupport_introspection_cpp/unitree_go/msg/detail/bms_cmd__type_support.cpp.o[0m
[31.008s] [ 45%] [32mBuilding C object CMakeFiles/unitree_go__rosidl_typesupport_introspection_c.dir/rosidl_typesupport_introspection_c/unitree_go/msg/detail/low_state__type_support.c.o[0m
[31.133s] [ 45%] [32mBuilding CXX object CMakeFiles/unitree_go__rosidl_typesupport_c.dir/rosidl_typesupport_c/unitree_go/msg/req__type_support.cpp.o[0m
[31.297s] [ 45%] [32mBuilding C object CMakeFiles/unitree_go__rosidl_typesupport_introspection_c.dir/rosidl_typesupport_introspection_c/unitree_go/msg/detail/motor_cmd__type_support.c.o[0m
[31.314s] [ 45%] [32mBuilding CXX object CMakeFiles/unitree_go__rosidl_typesupport_c.dir/rosidl_typesupport_c/unitree_go/msg/res__type_support.cpp.o[0m
[31.454s] [ 45%] [32mBuilding CXX object CMakeFiles/unitree_go__rosidl_typesupport_introspection_cpp.dir/rosidl_typesupport_introspection_cpp/unitree_go/msg/detail/bms_state__type_support.cpp.o[0m
[31.557s] [ 46%] [32mBuilding C object CMakeFiles/unitree_go__rosidl_typesupport_introspection_c.dir/rosidl_typesupport_introspection_c/unitree_go/msg/detail/motor_cmds__type_support.c.o[0m
[31.559s] [ 47%] [32mBuilding CXX object CMakeFiles/unitree_go__rosidl_typesupport_c.dir/rosidl_typesupport_c/unitree_go/msg/sport_mode_cmd__type_support.cpp.o[0m
[31.841s] [ 47%] [32mBuilding CXX object CMakeFiles/unitree_go__rosidl_typesupport_c.dir/rosidl_typesupport_c/unitree_go/msg/sport_mode_state__type_support.cpp.o[0m
[31.852s] [ 47%] [32mBuilding C object CMakeFiles/unitree_go__rosidl_typesupport_introspection_c.dir/rosidl_typesupport_introspection_c/unitree_go/msg/detail/motor_state__type_support.c.o[0m
[32.147s] [ 47%] [32mBuilding C object CMakeFiles/unitree_go__rosidl_typesupport_introspection_c.dir/rosidl_typesupport_introspection_c/unitree_go/msg/detail/motor_states__type_support.c.o[0m
[32.198s] [ 48%] [32mBuilding CXX object CMakeFiles/unitree_go__rosidl_typesupport_c.dir/rosidl_typesupport_c/unitree_go/msg/time_spec__type_support.cpp.o[0m
[32.226s] [ 48%] [32mBuilding CXX object CMakeFiles/unitree_go__rosidl_typesupport_introspection_cpp.dir/rosidl_typesupport_introspection_cpp/unitree_go/msg/detail/error__type_support.cpp.o[0m
[32.374s] [ 49%] [32mBuilding C object CMakeFiles/unitree_go__rosidl_typesupport_introspection_c.dir/rosidl_typesupport_introspection_c/unitree_go/msg/detail/path_point__type_support.c.o[0m
[32.501s] [ 49%] [32mBuilding CXX object CMakeFiles/unitree_go__rosidl_typesupport_c.dir/rosidl_typesupport_c/unitree_go/msg/uwb_state__type_support.cpp.o[0m
[32.596s] [ 49%] [32mBuilding C object CMakeFiles/unitree_go__rosidl_typesupport_introspection_c.dir/rosidl_typesupport_introspection_c/unitree_go/msg/detail/req__type_support.c.o[0m
[32.759s] [ 49%] [32mBuilding CXX object CMakeFiles/unitree_go__rosidl_typesupport_cpp.dir/rosidl_typesupport_cpp/unitree_go/msg/low_state__type_support.cpp.o[0m
[32.780s] [ 50%] [32mBuilding CXX object CMakeFiles/unitree_go__rosidl_typesupport_introspection_cpp.dir/rosidl_typesupport_introspection_cpp/unitree_go/msg/detail/height_map__type_support.cpp.o[0m
[32.850s] [ 51%] [32mBuilding C object CMakeFiles/unitree_go__rosidl_typesupport_introspection_c.dir/rosidl_typesupport_introspection_c/unitree_go/msg/detail/res__type_support.c.o[0m
[32.852s] [ 51%] [32mBuilding CXX object CMakeFiles/unitree_go__rosidl_typesupport_c.dir/rosidl_typesupport_c/unitree_go/msg/uwb_switch__type_support.cpp.o[0m
[33.071s] [ 52%] [32mBuilding CXX object CMakeFiles/unitree_go__rosidl_typesupport_c.dir/rosidl_typesupport_c/unitree_go/msg/wireless_controller__type_support.cpp.o[0m
[33.131s] [ 52%] [32mBuilding CXX object CMakeFiles/unitree_go__rosidl_typesupport_introspection_cpp.dir/rosidl_typesupport_introspection_cpp/unitree_go/msg/detail/imu_state__type_support.cpp.o[0m
[33.192s] [ 52%] [32mBuilding C object CMakeFiles/unitree_go__rosidl_typesupport_introspection_c.dir/rosidl_typesupport_introspection_c/unitree_go/msg/detail/sport_mode_cmd__type_support.c.o[0m
[33.368s] [ 52%] [32m[1mLinking CXX shared library libunitree_go__rosidl_typesupport_c.so[0m
[33.538s] [ 52%] [32mBuilding C object CMakeFiles/unitree_go__rosidl_typesupport_introspection_c.dir/rosidl_typesupport_introspection_c/unitree_go/msg/detail/sport_mode_state__type_support.c.o[0m
[33.610s] [ 52%] Built target unitree_go__rosidl_typesupport_c
[33.652s] [ 53%] [32mBuilding CXX object CMakeFiles/unitree_go__rosidl_typesupport_cpp.dir/rosidl_typesupport_cpp/unitree_go/msg/motor_cmd__type_support.cpp.o[0m
[33.953s] [ 54%] [32mBuilding C object CMakeFiles/unitree_go__rosidl_typesupport_introspection_c.dir/rosidl_typesupport_introspection_c/unitree_go/msg/detail/time_spec__type_support.c.o[0m
[34.115s] [ 55%] [32mBuilding CXX object CMakeFiles/unitree_go__rosidl_typesupport_fastrtps_c.dir/rosidl_typesupport_fastrtps_c/unitree_go/msg/detail/audio_data__type_support_c.cpp.o[0m
[34.178s] [ 55%] [32mBuilding C object CMakeFiles/unitree_go__rosidl_typesupport_introspection_c.dir/rosidl_typesupport_introspection_c/unitree_go/msg/detail/uwb_state__type_support.c.o[0m
[34.401s] [ 55%] [32mBuilding CXX object CMakeFiles/unitree_go__rosidl_typesupport_cpp.dir/rosidl_typesupport_cpp/unitree_go/msg/motor_cmds__type_support.cpp.o[0m
[34.405s] [ 55%] [32mBuilding CXX object CMakeFiles/unitree_go__rosidl_typesupport_introspection_cpp.dir/rosidl_typesupport_introspection_cpp/unitree_go/msg/detail/interface_config__type_support.cpp.o[0m
[34.446s] [ 56%] [32mBuilding CXX object CMakeFiles/unitree_go__rosidl_typesupport_fastrtps_cpp.dir/rosidl_typesupport_fastrtps_cpp/unitree_go/msg/detail/dds_fastrtps/audio_data__type_support.cpp.o[0m
[34.490s] [ 57%] [32mBuilding C object CMakeFiles/unitree_go__rosidl_typesupport_introspection_c.dir/rosidl_typesupport_introspection_c/unitree_go/msg/detail/uwb_switch__type_support.c.o[0m
[34.732s] [ 57%] [32mBuilding C object CMakeFiles/unitree_go__rosidl_typesupport_introspection_c.dir/rosidl_typesupport_introspection_c/unitree_go/msg/detail/wireless_controller__type_support.c.o[0m
[34.738s] [ 57%] [32mBuilding CXX object CMakeFiles/unitree_go__rosidl_typesupport_fastrtps_c.dir/rosidl_typesupport_fastrtps_c/unitree_go/msg/detail/bms_cmd__type_support_c.cpp.o[0m
[34.953s] [ 57%] [32m[1mLinking C shared library libunitree_go__rosidl_typesupport_introspection_c.so[0m
[35.165s] [ 57%] Built target unitree_go__rosidl_typesupport_introspection_c
[35.195s] [ 57%] [32mBuilding CXX object CMakeFiles/unitree_go__rosidl_typesupport_fastrtps_cpp.dir/rosidl_typesupport_fastrtps_cpp/unitree_go/msg/detail/dds_fastrtps/bms_cmd__type_support.cpp.o[0m
[35.651s] [ 58%] [32mBuilding CXX object CMakeFiles/unitree_go__rosidl_typesupport_introspection_cpp.dir/rosidl_typesupport_introspection_cpp/unitree_go/msg/detail/lidar_state__type_support.cpp.o[0m
[36.749s] [ 59%] [32mBuilding CXX object CMakeFiles/unitree_go__rosidl_typesupport_cpp.dir/rosidl_typesupport_cpp/unitree_go/msg/motor_state__type_support.cpp.o[0m
[36.913s] [ 60%] [32mBuilding CXX object CMakeFiles/unitree_go__rosidl_typesupport_fastrtps_c.dir/rosidl_typesupport_fastrtps_c/unitree_go/msg/detail/bms_state__type_support_c.cpp.o[0m
[37.009s] [ 60%] [32mBuilding CXX object CMakeFiles/unitree_go__rosidl_typesupport_introspection_cpp.dir/rosidl_typesupport_introspection_cpp/unitree_go/msg/detail/low_cmd__type_support.cpp.o[0m
[37.601s] [ 60%] [32mBuilding CXX object CMakeFiles/unitree_go__rosidl_typesupport_cpp.dir/rosidl_typesupport_cpp/unitree_go/msg/motor_states__type_support.cpp.o[0m
[38.021s] [ 60%] [32mBuilding CXX object CMakeFiles/unitree_go__rosidl_typesupport_fastrtps_cpp.dir/rosidl_typesupport_fastrtps_cpp/unitree_go/msg/detail/dds_fastrtps/bms_state__type_support.cpp.o[0m
[38.093s] [ 61%] [32mBuilding CXX object CMakeFiles/unitree_go__rosidl_typesupport_introspection_cpp.dir/rosidl_typesupport_introspection_cpp/unitree_go/msg/detail/low_state__type_support.cpp.o[0m
[38.473s] [ 62%] [32mBuilding CXX object CMakeFiles/unitree_go__rosidl_typesupport_fastrtps_cpp.dir/rosidl_typesupport_fastrtps_cpp/unitree_go/msg/detail/dds_fastrtps/error__type_support.cpp.o[0m
[38.526s] [ 62%] [32mBuilding CXX object CMakeFiles/unitree_go__rosidl_typesupport_fastrtps_c.dir/rosidl_typesupport_fastrtps_c/unitree_go/msg/detail/error__type_support_c.cpp.o[0m
[39.366s] [ 62%] [32mBuilding CXX object CMakeFiles/unitree_go__rosidl_typesupport_fastrtps_c.dir/rosidl_typesupport_fastrtps_c/unitree_go/msg/detail/height_map__type_support_c.cpp.o[0m
[39.718s] [ 62%] [32mBuilding CXX object CMakeFiles/unitree_go__rosidl_typesupport_cpp.dir/rosidl_typesupport_cpp/unitree_go/msg/path_point__type_support.cpp.o[0m
[39.848s] [ 62%] [32mBuilding CXX object CMakeFiles/unitree_go__rosidl_typesupport_fastrtps_cpp.dir/rosidl_typesupport_fastrtps_cpp/unitree_go/msg/detail/dds_fastrtps/height_map__type_support.cpp.o[0m
[39.997s] [ 62%] [32mBuilding CXX object CMakeFiles/unitree_go__rosidl_typesupport_introspection_cpp.dir/rosidl_typesupport_introspection_cpp/unitree_go/msg/detail/motor_cmd__type_support.cpp.o[0m
[40.432s] [ 62%] [32mBuilding CXX object CMakeFiles/unitree_go__rosidl_typesupport_fastrtps_cpp.dir/rosidl_typesupport_fastrtps_cpp/unitree_go/msg/detail/dds_fastrtps/imu_state__type_support.cpp.o[0m
[41.044s] [ 63%] [32mBuilding CXX object CMakeFiles/unitree_go__rosidl_typesupport_cpp.dir/rosidl_typesupport_cpp/unitree_go/msg/req__type_support.cpp.o[0m
[41.310s] [ 64%] [32mBuilding CXX object CMakeFiles/unitree_go__rosidl_typesupport_fastrtps_cpp.dir/rosidl_typesupport_fastrtps_cpp/unitree_go/msg/detail/dds_fastrtps/interface_config__type_support.cpp.o[0m
[41.461s] [ 64%] [32mBuilding CXX object CMakeFiles/unitree_go__rosidl_typesupport_introspection_cpp.dir/rosidl_typesupport_introspection_cpp/unitree_go/msg/detail/motor_cmds__type_support.cpp.o[0m
[41.777s] [ 65%] [32mBuilding CXX object CMakeFiles/unitree_go__rosidl_typesupport_fastrtps_c.dir/rosidl_typesupport_fastrtps_c/unitree_go/msg/detail/imu_state__type_support_c.cpp.o[0m
[42.208s] [ 65%] [32mBuilding CXX object CMakeFiles/unitree_go__rosidl_typesupport_cpp.dir/rosidl_typesupport_cpp/unitree_go/msg/res__type_support.cpp.o[0m
[42.686s] [ 66%] [32mBuilding CXX object CMakeFiles/unitree_go__rosidl_typesupport_introspection_cpp.dir/rosidl_typesupport_introspection_cpp/unitree_go/msg/detail/motor_state__type_support.cpp.o[0m
[42.698s] [ 67%] [32mBuilding CXX object CMakeFiles/unitree_go__rosidl_typesupport_cpp.dir/rosidl_typesupport_cpp/unitree_go/msg/sport_mode_cmd__type_support.cpp.o[0m
[43.442s] [ 67%] [32mBuilding CXX object CMakeFiles/unitree_go__rosidl_typesupport_fastrtps_cpp.dir/rosidl_typesupport_fastrtps_cpp/unitree_go/msg/detail/dds_fastrtps/lidar_state__type_support.cpp.o[0m
[44.100s] [ 67%] [32mBuilding CXX object CMakeFiles/unitree_go__rosidl_typesupport_introspection_cpp.dir/rosidl_typesupport_introspection_cpp/unitree_go/msg/detail/motor_states__type_support.cpp.o[0m
[44.353s] [ 67%] [32mBuilding CXX object CMakeFiles/unitree_go__rosidl_typesupport_fastrtps_c.dir/rosidl_typesupport_fastrtps_c/unitree_go/msg/detail/interface_config__type_support_c.cpp.o[0m
[44.775s] [ 67%] [32mBuilding CXX object CMakeFiles/unitree_go__rosidl_typesupport_fastrtps_c.dir/rosidl_typesupport_fastrtps_c/unitree_go/msg/detail/lidar_state__type_support_c.cpp.o[0m
[45.217s] [ 68%] [32mBuilding CXX object CMakeFiles/unitree_go__rosidl_typesupport_fastrtps_cpp.dir/rosidl_typesupport_fastrtps_cpp/unitree_go/msg/detail/dds_fastrtps/low_cmd__type_support.cpp.o[0m
[45.326s] [ 69%] [32mBuilding CXX object CMakeFiles/unitree_go__rosidl_typesupport_introspection_cpp.dir/rosidl_typesupport_introspection_cpp/unitree_go/msg/detail/path_point__type_support.cpp.o[0m
[45.790s] [ 69%] [32mBuilding CXX object CMakeFiles/unitree_go__rosidl_typesupport_cpp.dir/rosidl_typesupport_cpp/unitree_go/msg/sport_mode_state__type_support.cpp.o[0m
[46.701s] [ 69%] [32mBuilding CXX object CMakeFiles/unitree_go__rosidl_typesupport_introspection_cpp.dir/rosidl_typesupport_introspection_cpp/unitree_go/msg/detail/req__type_support.cpp.o[0m
[46.924s] [ 69%] [32mBuilding CXX object CMakeFiles/unitree_go__rosidl_typesupport_cpp.dir/rosidl_typesupport_cpp/unitree_go/msg/time_spec__type_support.cpp.o[0m
[48.002s] [ 70%] [32mBuilding CXX object CMakeFiles/unitree_go__rosidl_typesupport_cpp.dir/rosidl_typesupport_cpp/unitree_go/msg/uwb_state__type_support.cpp.o[0m
[48.067s] [ 70%] [32mBuilding CXX object CMakeFiles/unitree_go__rosidl_typesupport_fastrtps_c.dir/rosidl_typesupport_fastrtps_c/unitree_go/msg/detail/low_state__type_support_c.cpp.o[0m
[48.500s] [ 70%] [32mBuilding CXX object CMakeFiles/unitree_go__rosidl_typesupport_introspection_cpp.dir/rosidl_typesupport_introspection_cpp/unitree_go/msg/detail/res__type_support.cpp.o[0m
[48.652s] [ 70%] [32mBuilding CXX object CMakeFiles/unitree_go__rosidl_typesupport_fastrtps_cpp.dir/rosidl_typesupport_fastrtps_cpp/unitree_go/msg/detail/dds_fastrtps/motor_cmd__type_support.cpp.o[0m
[49.037s] [ 71%] [32mBuilding CXX object CMakeFiles/unitree_go__rosidl_typesupport_cpp.dir/rosidl_typesupport_cpp/unitree_go/msg/wireless_controller__type_support.cpp.o[0m
[49.721s] [ 72%] [32mBuilding CXX object CMakeFiles/unitree_go__rosidl_typesupport_introspection_cpp.dir/rosidl_typesupport_introspection_cpp/unitree_go/msg/detail/sport_mode_cmd__type_support.cpp.o[0m
[49.818s] [ 73%] [32mBuilding CXX object CMakeFiles/unitree_go__rosidl_typesupport_fastrtps_c.dir/rosidl_typesupport_fastrtps_c/unitree_go/msg/detail/motor_cmd__type_support_c.cpp.o[0m
[50.043s] [ 73%] [32mBuilding CXX object CMakeFiles/unitree_go__rosidl_typesupport_cpp.dir/rosidl_typesupport_cpp/unitree_go/msg/uwb_switch__type_support.cpp.o[0m
[50.220s] [ 73%] [32mBuilding CXX object CMakeFiles/unitree_go__rosidl_typesupport_fastrtps_cpp.dir/rosidl_typesupport_fastrtps_cpp/unitree_go/msg/detail/dds_fastrtps/low_state__type_support.cpp.o[0m
[50.853s] [ 73%] [32mBuilding CXX object CMakeFiles/unitree_go__rosidl_typesupport_introspection_cpp.dir/rosidl_typesupport_introspection_cpp/unitree_go/msg/detail/sport_mode_state__type_support.cpp.o[0m
[51.044s] [ 73%] [32m[1mLinking CXX shared library libunitree_go__rosidl_typesupport_cpp.so[0m
[51.190s] [ 73%] Built target unitree_go__rosidl_typesupport_cpp
[51.315s] [ 73%] [32mBuilding CXX object CMakeFiles/unitree_go__rosidl_typesupport_fastrtps_c.dir/rosidl_typesupport_fastrtps_c/unitree_go/msg/detail/path_point__type_support_c.cpp.o[0m
[51.947s] [ 74%] [32mBuilding CXX object CMakeFiles/unitree_go__rosidl_typesupport_introspection_cpp.dir/rosidl_typesupport_introspection_cpp/unitree_go/msg/detail/time_spec__type_support.cpp.o[0m
[52.041s] [ 75%] [32mBuilding CXX object CMakeFiles/unitree_go__rosidl_typesupport_fastrtps_cpp.dir/rosidl_typesupport_fastrtps_cpp/unitree_go/msg/detail/dds_fastrtps/motor_cmds__type_support.cpp.o[0m
[52.760s] [ 76%] [32mBuilding CXX object CMakeFiles/unitree_go__rosidl_typesupport_fastrtps_c.dir/rosidl_typesupport_fastrtps_c/unitree_go/msg/detail/motor_states__type_support_c.cpp.o[0m
[52.924s] [ 76%] [32mBuilding CXX object CMakeFiles/unitree_go__rosidl_typesupport_introspection_cpp.dir/rosidl_typesupport_introspection_cpp/unitree_go/msg/detail/uwb_switch__type_support.cpp.o[0m
[53.436s] [ 76%] [32mBuilding CXX object CMakeFiles/unitree_go__rosidl_typesupport_fastrtps_cpp.dir/rosidl_typesupport_fastrtps_cpp/unitree_go/msg/detail/dds_fastrtps/motor_state__type_support.cpp.o[0m
[53.861s] [ 77%] [32mBuilding CXX object CMakeFiles/unitree_go__rosidl_typesupport_introspection_cpp.dir/rosidl_typesupport_introspection_cpp/unitree_go/msg/detail/wireless_controller__type_support.cpp.o[0m
[54.178s] [ 78%] [32mBuilding CXX object CMakeFiles/unitree_go__rosidl_typesupport_fastrtps_c.dir/rosidl_typesupport_fastrtps_c/unitree_go/msg/detail/req__type_support_c.cpp.o[0m
[54.740s] [ 78%] [32mBuilding CXX object CMakeFiles/unitree_go__rosidl_typesupport_introspection_cpp.dir/rosidl_typesupport_introspection_cpp/unitree_go/msg/detail/uwb_state__type_support.cpp.o[0m
[54.989s] [ 78%] [32mBuilding CXX object CMakeFiles/unitree_go__rosidl_typesupport_fastrtps_cpp.dir/rosidl_typesupport_fastrtps_cpp/unitree_go/msg/detail/dds_fastrtps/path_point__type_support.cpp.o[0m
[55.312s] [ 78%] [32mBuilding CXX object CMakeFiles/unitree_go__rosidl_typesupport_fastrtps_c.dir/rosidl_typesupport_fastrtps_c/unitree_go/msg/detail/res__type_support_c.cpp.o[0m
[55.610s] [ 78%] [32m[1mLinking CXX shared library libunitree_go__rosidl_typesupport_introspection_cpp.so[0m
[55.874s] [ 78%] Built target unitree_go__rosidl_typesupport_introspection_cpp
[56.165s] [ 78%] [32mBuilding CXX object CMakeFiles/unitree_go__rosidl_typesupport_fastrtps_cpp.dir/rosidl_typesupport_fastrtps_cpp/unitree_go/msg/detail/dds_fastrtps/req__type_support.cpp.o[0m
[56.764s] [ 79%] [32mBuilding CXX object CMakeFiles/unitree_go__rosidl_typesupport_fastrtps_c.dir/rosidl_typesupport_fastrtps_c/unitree_go/msg/detail/sport_mode_state__type_support_c.cpp.o[0m
[57.058s] [ 80%] [32mBuilding CXX object CMakeFiles/unitree_go__rosidl_typesupport_fastrtps_cpp.dir/rosidl_typesupport_fastrtps_cpp/unitree_go/msg/detail/dds_fastrtps/res__type_support.cpp.o[0m
[58.033s] [ 81%] [32mBuilding CXX object CMakeFiles/unitree_go__rosidl_typesupport_fastrtps_cpp.dir/rosidl_typesupport_fastrtps_cpp/unitree_go/msg/detail/dds_fastrtps/motor_states__type_support.cpp.o[0m
[58.235s] [ 82%] [32mBuilding CXX object CMakeFiles/unitree_go__rosidl_typesupport_fastrtps_c.dir/rosidl_typesupport_fastrtps_c/unitree_go/msg/detail/uwb_state__type_support_c.cpp.o[0m
[59.001s] [ 82%] [32mBuilding CXX object CMakeFiles/unitree_go__rosidl_typesupport_fastrtps_cpp.dir/rosidl_typesupport_fastrtps_cpp/unitree_go/msg/detail/dds_fastrtps/sport_mode_cmd__type_support.cpp.o[0m
[59.707s] [ 82%] [32mBuilding CXX object CMakeFiles/unitree_go__rosidl_typesupport_fastrtps_c.dir/rosidl_typesupport_fastrtps_c/unitree_go/msg/detail/uwb_switch__type_support_c.cpp.o[0m
[60.144s] [ 83%] [32mBuilding CXX object CMakeFiles/unitree_go__rosidl_typesupport_fastrtps_cpp.dir/rosidl_typesupport_fastrtps_cpp/unitree_go/msg/detail/dds_fastrtps/sport_mode_state__type_support.cpp.o[0m
[60.761s] [ 83%] [32mBuilding CXX object CMakeFiles/unitree_go__rosidl_typesupport_fastrtps_c.dir/rosidl_typesupport_fastrtps_c/unitree_go/msg/detail/wireless_controller__type_support_c.cpp.o[0m
[61.459s] [ 83%] [32mBuilding CXX object CMakeFiles/unitree_go__rosidl_typesupport_fastrtps_cpp.dir/rosidl_typesupport_fastrtps_cpp/unitree_go/msg/detail/dds_fastrtps/time_spec__type_support.cpp.o[0m
[61.668s] [ 83%] [32mBuilding CXX object CMakeFiles/unitree_go__rosidl_typesupport_fastrtps_c.dir/rosidl_typesupport_fastrtps_c/unitree_go/msg/detail/time_spec__type_support_c.cpp.o[0m
[62.356s] [ 84%] [32mBuilding CXX object CMakeFiles/unitree_go__rosidl_typesupport_fastrtps_cpp.dir/rosidl_typesupport_fastrtps_cpp/unitree_go/msg/detail/dds_fastrtps/uwb_switch__type_support.cpp.o[0m
[62.537s] [ 84%] [32mBuilding CXX object CMakeFiles/unitree_go__rosidl_typesupport_fastrtps_c.dir/rosidl_typesupport_fastrtps_c/unitree_go/msg/detail/sport_mode_cmd__type_support_c.cpp.o[0m
[63.303s] [ 84%] [32mBuilding CXX object CMakeFiles/unitree_go__rosidl_typesupport_fastrtps_cpp.dir/rosidl_typesupport_fastrtps_cpp/unitree_go/msg/detail/dds_fastrtps/wireless_controller__type_support.cpp.o[0m
[63.463s] [ 84%] [32mBuilding CXX object CMakeFiles/unitree_go__rosidl_typesupport_fastrtps_c.dir/rosidl_typesupport_fastrtps_c/unitree_go/msg/detail/motor_state__type_support_c.cpp.o[0m
[64.178s] [ 84%] [32mBuilding CXX object CMakeFiles/unitree_go__rosidl_typesupport_fastrtps_cpp.dir/rosidl_typesupport_fastrtps_cpp/unitree_go/msg/detail/dds_fastrtps/uwb_state__type_support.cpp.o[0m
[64.345s] [ 84%] [32mBuilding CXX object CMakeFiles/unitree_go__rosidl_typesupport_fastrtps_c.dir/rosidl_typesupport_fastrtps_c/unitree_go/msg/detail/motor_cmds__type_support_c.cpp.o[0m
[65.124s] [ 85%] [32m[1mLinking CXX shared library libunitree_go__rosidl_typesupport_fastrtps_cpp.so[0m
[65.225s] [ 86%] [32mBuilding CXX object CMakeFiles/unitree_go__rosidl_typesupport_fastrtps_c.dir/rosidl_typesupport_fastrtps_c/unitree_go/msg/detail/low_cmd__type_support_c.cpp.o[0m
[65.312s] [ 86%] Built target unitree_go__rosidl_typesupport_fastrtps_cpp
[66.084s] [ 87%] [32m[1mLinking CXX shared library libunitree_go__rosidl_typesupport_fastrtps_c.so[0m
[66.242s] [ 87%] Built target unitree_go__rosidl_typesupport_fastrtps_c
[66.281s] [ 87%] Built target unitree_go
[66.320s] [ 88%] [34m[1mGenerating Python code for ROS interfaces[0m
[72.504s] [ 88%] Built target unitree_go__py
[72.550s] [ 89%] [32mBuilding C object CMakeFiles/unitree_go__rosidl_generator_py.dir/rosidl_generator_py/unitree_go/msg/_audio_data_s.c.o[0m
[72.550s] [ 89%] [32mBuilding C object CMakeFiles/unitree_go__rosidl_generator_py.dir/rosidl_generator_py/unitree_go/msg/_bms_cmd_s.c.o[0m
[72.550s] [ 89%] [32mBuilding C object CMakeFiles/unitree_go__rosidl_generator_py.dir/rosidl_generator_py/unitree_go/msg/_bms_state_s.c.o[0m
[72.795s] [ 89%] [32mBuilding C object CMakeFiles/unitree_go__rosidl_generator_py.dir/rosidl_generator_py/unitree_go/msg/_interface_config_s.c.o[0m
[72.795s] [ 90%] [32mBuilding C object CMakeFiles/unitree_go__rosidl_generator_py.dir/rosidl_generator_py/unitree_go/msg/_lidar_state_s.c.o[0m
[72.812s] [ 90%] [32mBuilding C object CMakeFiles/unitree_go__rosidl_generator_py.dir/rosidl_generator_py/unitree_go/msg/_low_cmd_s.c.o[0m
[72.832s] [ 90%] [32mBuilding C object CMakeFiles/unitree_go__rosidl_generator_py.dir/rosidl_generator_py/unitree_go/msg/_low_state_s.c.o[0m
[73.027s] [ 91%] [32mBuilding C object CMakeFiles/unitree_go__rosidl_generator_py.dir/rosidl_generator_py/unitree_go/msg/_motor_cmd_s.c.o[0m
[73.156s] [ 91%] [32mBuilding C object CMakeFiles/unitree_go__rosidl_generator_py.dir/rosidl_generator_py/unitree_go/msg/_motor_cmds_s.c.o[0m
[73.206s] [ 92%] [32mBuilding C object CMakeFiles/unitree_go__rosidl_generator_py.dir/rosidl_generator_py/unitree_go/msg/_motor_state_s.c.o[0m
[73.237s] [ 92%] [32mBuilding C object CMakeFiles/unitree_go__rosidl_generator_py.dir/rosidl_generator_py/unitree_go/msg/_motor_states_s.c.o[0m
[73.291s] [ 92%] [32mBuilding C object CMakeFiles/unitree_go__rosidl_generator_py.dir/rosidl_generator_py/unitree_go/msg/_path_point_s.c.o[0m
[73.400s] [ 93%] [32mBuilding C object CMakeFiles/unitree_go__rosidl_generator_py.dir/rosidl_generator_py/unitree_go/msg/_req_s.c.o[0m
[73.523s] [ 93%] [32mBuilding C object CMakeFiles/unitree_go__rosidl_generator_py.dir/rosidl_generator_py/unitree_go/msg/_res_s.c.o[0m
[73.596s] [ 94%] [32mBuilding C object CMakeFiles/unitree_go__rosidl_generator_py.dir/rosidl_generator_py/unitree_go/msg/_sport_mode_cmd_s.c.o[0m
[73.604s] [ 94%] [32mBuilding C object CMakeFiles/unitree_go__rosidl_generator_py.dir/rosidl_generator_py/unitree_go/msg/_sport_mode_state_s.c.o[0m
[73.641s] [ 94%] [32mBuilding C object CMakeFiles/unitree_go__rosidl_generator_py.dir/rosidl_generator_py/unitree_go/msg/_time_spec_s.c.o[0m
[73.822s] [ 95%] [32mBuilding C object CMakeFiles/unitree_go__rosidl_generator_py.dir/rosidl_generator_py/unitree_go/msg/_imu_state_s.c.o[0m
[73.828s] [ 96%] [32mBuilding C object CMakeFiles/unitree_go__rosidl_generator_py.dir/rosidl_generator_py/unitree_go/msg/_uwb_state_s.c.o[0m
[73.866s] [ 96%] [32mBuilding C object CMakeFiles/unitree_go__rosidl_generator_py.dir/rosidl_generator_py/unitree_go/msg/_uwb_switch_s.c.o[0m
[73.975s] [ 97%] [32mBuilding C object CMakeFiles/unitree_go__rosidl_generator_py.dir/rosidl_generator_py/unitree_go/msg/_wireless_controller_s.c.o[0m
[74.005s] [ 97%] [32mBuilding C object CMakeFiles/unitree_go__rosidl_generator_py.dir/rosidl_generator_py/unitree_go/msg/_height_map_s.c.o[0m
[74.133s] [ 97%] [32mBuilding C object CMakeFiles/unitree_go__rosidl_generator_py.dir/rosidl_generator_py/unitree_go/msg/_error_s.c.o[0m
[74.391s] [ 97%] [32m[1mLinking C shared library libunitree_go__rosidl_generator_py.so[0m
[74.492s] [ 97%] Built target unitree_go__rosidl_generator_py
[74.530s] [ 98%] [32mBuilding C object CMakeFiles/unitree_go_s__rosidl_typesupport_introspection_c.dir/rosidl_generator_py/unitree_go/_unitree_go_s.ep.rosidl_typesupport_introspection_c.c.o[0m
[74.530s] [ 98%] [32mBuilding C object CMakeFiles/unitree_go_s__rosidl_typesupport_fastrtps_c.dir/rosidl_generator_py/unitree_go/_unitree_go_s.ep.rosidl_typesupport_fastrtps_c.c.o[0m
[74.530s] [ 98%] [32mBuilding C object CMakeFiles/unitree_go_s__rosidl_typesupport_c.dir/rosidl_generator_py/unitree_go/_unitree_go_s.ep.rosidl_typesupport_c.c.o[0m
[74.854s] [100%] [32m[1mLinking C shared module rosidl_generator_py/unitree_go/unitree_go_s__rosidl_typesupport_introspection_c.so[0m
[74.855s] [100%] [32m[1mLinking C shared module rosidl_generator_py/unitree_go/unitree_go_s__rosidl_typesupport_c.so[0m
[74.855s] [100%] [32m[1mLinking C shared module rosidl_generator_py/unitree_go/unitree_go_s__rosidl_typesupport_fastrtps_c.so[0m
[74.914s] [100%] Built target unitree_go_s__rosidl_typesupport_c
[74.914s] [100%] Built target unitree_go_s__rosidl_typesupport_introspection_c
[74.916s] [100%] Built target unitree_go_s__rosidl_typesupport_fastrtps_c
[74.939s] Invoked command in '/home/samsung/go2_ws/src/go2_simulation/build/unitree_go' returned '0': CMAKE_PREFIX_PATH=${CMAKE_PREFIX_PATH}:/opt/ros/jazzy DEBUGINFOD_URLS=https://debuginfod.ubuntu.com /usr/bin/cmake --build /home/samsung/go2_ws/src/go2_simulation/build/unitree_go -- -j8 -l8
[74.941s] Invoking command in '/home/samsung/go2_ws/src/go2_simulation/build/unitree_go': CMAKE_PREFIX_PATH=${CMAKE_PREFIX_PATH}:/opt/ros/jazzy DEBUGINFOD_URLS=https://debuginfod.ubuntu.com /usr/bin/cmake --install /home/samsung/go2_ws/src/go2_simulation/build/unitree_go
[74.958s] -- Install configuration: ""
[74.958s] -- Installing: /home/samsung/go2_ws/src/go2_simulation/install/unitree_go/share/ament_index/resource_index/rosidl_interfaces/unitree_go
[74.958s] -- Installing: /home/samsung/go2_ws/src/go2_simulation/install/unitree_go/share/unitree_go/msg/AudioData.json
[74.959s] -- Installing: /home/samsung/go2_ws/src/go2_simulation/install/unitree_go/share/unitree_go/msg/BmsCmd.json
[74.959s] -- Installing: /home/samsung/go2_ws/src/go2_simulation/install/unitree_go/share/unitree_go/msg/BmsState.json
[74.959s] -- Installing: /home/samsung/go2_ws/src/go2_simulation/install/unitree_go/share/unitree_go/msg/Error.json
[74.959s] -- Installing: /home/samsung/go2_ws/src/go2_simulation/install/unitree_go/share/unitree_go/msg/HeightMap.json
[74.960s] -- Installing: /home/samsung/go2_ws/src/go2_simulation/install/unitree_go/share/unitree_go/msg/IMUState.json
[74.960s] -- Installing: /home/samsung/go2_ws/src/go2_simulation/install/unitree_go/share/unitree_go/msg/InterfaceConfig.json
[74.960s] -- Installing: /home/samsung/go2_ws/src/go2_simulation/install/unitree_go/share/unitree_go/msg/LidarState.json
[74.961s] -- Installing: /home/samsung/go2_ws/src/go2_simulation/install/unitree_go/share/unitree_go/msg/LowCmd.json
[74.961s] -- Installing: /home/samsung/go2_ws/src/go2_simulation/install/unitree_go/share/unitree_go/msg/LowState.json
[74.961s] -- Installing: /home/samsung/go2_ws/src/go2_simulation/install/unitree_go/share/unitree_go/msg/MotorCmd.json
[74.962s] -- Installing: /home/samsung/go2_ws/src/go2_simulation/install/unitree_go/share/unitree_go/msg/MotorCmds.json
[74.962s] -- Installing: /home/samsung/go2_ws/src/go2_simulation/install/unitree_go/share/unitree_go/msg/MotorState.json
[74.962s] -- Installing: /home/samsung/go2_ws/src/go2_simulation/install/unitree_go/share/unitree_go/msg/MotorStates.json
[74.962s] -- Installing: /home/samsung/go2_ws/src/go2_simulation/install/unitree_go/share/unitree_go/msg/PathPoint.json
[74.963s] -- Installing: /home/samsung/go2_ws/src/go2_simulation/install/unitree_go/share/unitree_go/msg/Req.json
[74.963s] -- Installing: /home/samsung/go2_ws/src/go2_simulation/install/unitree_go/share/unitree_go/msg/Res.json
[74.963s] -- Installing: /home/samsung/go2_ws/src/go2_simulation/install/unitree_go/share/unitree_go/msg/SportModeCmd.json
[74.964s] -- Installing: /home/samsung/go2_ws/src/go2_simulation/install/unitree_go/share/unitree_go/msg/SportModeState.json
[74.964s] -- Installing: /home/samsung/go2_ws/src/go2_simulation/install/unitree_go/share/unitree_go/msg/TimeSpec.json
[74.964s] -- Installing: /home/samsung/go2_ws/src/go2_simulation/install/unitree_go/share/unitree_go/msg/UwbState.json
[74.964s] -- Installing: /home/samsung/go2_ws/src/go2_simulation/install/unitree_go/share/unitree_go/msg/UwbSwitch.json
[74.965s] -- Installing: /home/samsung/go2_ws/src/go2_simulation/install/unitree_go/share/unitree_go/msg/WirelessController.json
[74.965s] -- Installing: /home/samsung/go2_ws/src/go2_simulation/install/unitree_go/include/unitree_go/unitree_go
[74.965s] -- Installing: /home/samsung/go2_ws/src/go2_simulation/install/unitree_go/include/unitree_go/unitree_go/msg
[74.965s] -- Installing: /home/samsung/go2_ws/src/go2_simulation/install/unitree_go/include/unitree_go/unitree_go/msg/detail
[74.966s] -- Installing: /home/samsung/go2_ws/src/go2_simulation/install/unitree_go/include/unitree_go/unitree_go/msg/detail/height_map__struct.h
[74.966s] -- Installing: /home/samsung/go2_ws/src/go2_simulation/install/unitree_go/include/unitree_go/unitree_go/msg/detail/sport_mode_cmd__functions.c
[74.966s] -- Installing: /home/samsung/go2_ws/src/go2_simulation/install/unitree_go/include/unitree_go/unitree_go/msg/detail/time_spec__description.c
[74.967s] -- Installing: /home/samsung/go2_ws/src/go2_simulation/install/unitree_go/include/unitree_go/unitree_go/msg/detail/motor_state__type_support.c
[74.967s] -- Installing: /home/samsung/go2_ws/src/go2_simulation/install/unitree_go/include/unitree_go/unitree_go/msg/detail/imu_state__functions.c
[74.967s] -- Installing: /home/samsung/go2_ws/src/go2_simulation/install/unitree_go/include/unitree_go/unitree_go/msg/detail/req__type_support.c
[74.967s] -- Installing: /home/samsung/go2_ws/src/go2_simulation/install/unitree_go/include/unitree_go/unitree_go/msg/detail/error__description.c
[74.968s] -- Installing: /home/samsung/go2_ws/src/go2_simulation/install/unitree_go/include/unitree_go/unitree_go/msg/detail/imu_state__type_support.c
[74.968s] -- Installing: /home/samsung/go2_ws/src/go2_simulation/install/unitree_go/include/unitree_go/unitree_go/msg/detail/audio_data__functions.c
[74.968s] -- Installing: /home/samsung/go2_ws/src/go2_simulation/install/unitree_go/include/unitree_go/unitree_go/msg/detail/error__functions.h
[74.969s] -- Installing: /home/samsung/go2_ws/src/go2_simulation/install/unitree_go/include/unitree_go/unitree_go/msg/detail/audio_data__type_support.h
[74.969s] -- Installing: /home/samsung/go2_ws/src/go2_simulation/install/unitree_go/include/unitree_go/unitree_go/msg/detail/uwb_switch__description.c
[74.969s] -- Installing: /home/samsung/go2_ws/src/go2_simulation/install/unitree_go/include/unitree_go/unitree_go/msg/detail/bms_state__functions.c
[74.969s] -- Installing: /home/samsung/go2_ws/src/go2_simulation/install/unitree_go/include/unitree_go/unitree_go/msg/detail/wireless_controller__struct.h
[74.970s] -- Installing: /home/samsung/go2_ws/src/go2_simulation/install/unitree_go/include/unitree_go/unitree_go/msg/detail/height_map__description.c
[74.970s] -- Installing: /home/samsung/go2_ws/src/go2_simulation/install/unitree_go/include/unitree_go/unitree_go/msg/detail/motor_state__functions.h
[74.970s] -- Installing: /home/samsung/go2_ws/src/go2_simulation/install/unitree_go/include/unitree_go/unitree_go/msg/detail/interface_config__type_support.c
[74.970s] -- Installing: /home/samsung/go2_ws/src/go2_simulation/install/unitree_go/include/unitree_go/unitree_go/msg/detail/bms_state__functions.h
[74.971s] -- Installing: /home/samsung/go2_ws/src/go2_simulation/install/unitree_go/include/unitree_go/unitree_go/msg/detail/audio_data__struct.h
[74.971s] -- Installing: /home/samsung/go2_ws/src/go2_simulation/install/unitree_go/include/unitree_go/unitree_go/msg/detail/lidar_state__functions.h
[74.971s] -- Installing: /home/samsung/go2_ws/src/go2_simulation/install/unitree_go/include/unitree_go/unitree_go/msg/detail/motor_states__type_support.h
[74.972s] -- Installing: /home/samsung/go2_ws/src/go2_simulation/install/unitree_go/include/unitree_go/unitree_go/msg/detail/imu_state__functions.h
[74.972s] -- Installing: /home/samsung/go2_ws/src/go2_simulation/install/unitree_go/include/unitree_go/unitree_go/msg/detail/bms_state__description.c
[74.972s] -- Installing: /home/samsung/go2_ws/src/go2_simulation/install/unitree_go/include/unitree_go/unitree_go/msg/detail/error__type_support.c
[74.972s] -- Installing: /home/samsung/go2_ws/src/go2_simulation/install/unitree_go/include/unitree_go/unitree_go/msg/detail/lidar_state__description.c
[74.973s] -- Installing: /home/samsung/go2_ws/src/go2_simulation/install/unitree_go/include/unitree_go/unitree_go/msg/detail/audio_data__type_support.c
[74.973s] -- Installing: /home/samsung/go2_ws/src/go2_simulation/install/unitree_go/include/unitree_go/unitree_go/msg/detail/low_state__struct.h
[74.973s] -- Installing: /home/samsung/go2_ws/src/go2_simulation/install/unitree_go/include/unitree_go/unitree_go/msg/detail/path_point__struct.h
[74.973s] -- Installing: /home/samsung/go2_ws/src/go2_simulation/install/unitree_go/include/unitree_go/unitree_go/msg/detail/imu_state__description.c
[74.974s] -- Installing: /home/samsung/go2_ws/src/go2_simulation/install/unitree_go/include/unitree_go/unitree_go/msg/detail/motor_state__description.c
[74.974s] -- Installing: /home/samsung/go2_ws/src/go2_simulation/install/unitree_go/include/unitree_go/unitree_go/msg/detail/motor_cmd__functions.c
[74.974s] -- Installing: /home/samsung/go2_ws/src/go2_simulation/install/unitree_go/include/unitree_go/unitree_go/msg/detail/imu_state__type_support.h
[74.975s] -- Installing: /home/samsung/go2_ws/src/go2_simulation/install/unitree_go/include/unitree_go/unitree_go/msg/detail/time_spec__functions.h
[74.975s] -- Installing: /home/samsung/go2_ws/src/go2_simulation/install/unitree_go/include/unitree_go/unitree_go/msg/detail/low_cmd__struct.h
[74.975s] -- Installing: /home/samsung/go2_ws/src/go2_simulation/install/unitree_go/include/unitree_go/unitree_go/msg/detail/interface_config__functions.h
[74.975s] -- Installing: /home/samsung/go2_ws/src/go2_simulation/install/unitree_go/include/unitree_go/unitree_go/msg/detail/req__functions.c
[74.976s] -- Installing: /home/samsung/go2_ws/src/go2_simulation/install/unitree_go/include/unitree_go/unitree_go/msg/detail/low_cmd__type_support.c
[74.976s] -- Installing: /home/samsung/go2_ws/src/go2_simulation/install/unitree_go/include/unitree_go/unitree_go/msg/detail/interface_config__struct.h
[74.976s] -- Installing: /home/samsung/go2_ws/src/go2_simulation/install/unitree_go/include/unitree_go/unitree_go/msg/detail/interface_config__type_support.h
[74.976s] -- Installing: /home/samsung/go2_ws/src/go2_simulation/install/unitree_go/include/unitree_go/unitree_go/msg/detail/time_spec__struct.h
[74.977s] -- Installing: /home/samsung/go2_ws/src/go2_simulation/install/unitree_go/include/unitree_go/unitree_go/msg/detail/uwb_state__type_support.c
[74.977s] -- Installing: /home/samsung/go2_ws/src/go2_simulation/install/unitree_go/include/unitree_go/unitree_go/msg/detail/low_cmd__type_support.h
[74.977s] -- Installing: /home/samsung/go2_ws/src/go2_simulation/install/unitree_go/include/unitree_go/unitree_go/msg/detail/path_point__description.c
[74.977s] -- Installing: /home/samsung/go2_ws/src/go2_simulation/install/unitree_go/include/unitree_go/unitree_go/msg/detail/motor_cmd__description.c
[74.978s] -- Installing: /home/samsung/go2_ws/src/go2_simulation/install/unitree_go/include/unitree_go/unitree_go/msg/detail/motor_cmds__type_support.c
[74.978s] -- Installing: /home/samsung/go2_ws/src/go2_simulation/install/unitree_go/include/unitree_go/unitree_go/msg/detail/height_map__functions.c
[74.978s] -- Installing: /home/samsung/go2_ws/src/go2_simulation/install/unitree_go/include/unitree_go/unitree_go/msg/detail/audio_data__description.c
[74.979s] -- Installing: /home/samsung/go2_ws/src/go2_simulation/install/unitree_go/include/unitree_go/unitree_go/msg/detail/height_map__type_support.c
[74.979s] -- Installing: /home/samsung/go2_ws/src/go2_simulation/install/unitree_go/include/unitree_go/unitree_go/msg/detail/uwb_switch__functions.c
[74.979s] -- Installing: /home/samsung/go2_ws/src/go2_simulation/install/unitree_go/include/unitree_go/unitree_go/msg/detail/res__functions.c
[74.979s] -- Installing: /home/samsung/go2_ws/src/go2_simulation/install/unitree_go/include/unitree_go/unitree_go/msg/detail/sport_mode_state__type_support.h
[74.980s] -- Installing: /home/samsung/go2_ws/src/go2_simulation/install/unitree_go/include/unitree_go/unitree_go/msg/detail/motor_cmd__struct.h
[74.980s] -- Installing: /home/samsung/go2_ws/src/go2_simulation/install/unitree_go/include/unitree_go/unitree_go/msg/detail/bms_state__type_support.c
[74.980s] -- Installing: /home/samsung/go2_ws/src/go2_simulation/install/unitree_go/include/unitree_go/unitree_go/msg/detail/low_state__type_support.h
[74.980s] -- Installing: /home/samsung/go2_ws/src/go2_simulation/install/unitree_go/include/unitree_go/unitree_go/msg/detail/lidar_state__type_support.c
[74.981s] -- Installing: /home/samsung/go2_ws/src/go2_simulation/install/unitree_go/include/unitree_go/unitree_go/msg/detail/req__type_support.h
[74.981s] -- Installing: /home/samsung/go2_ws/src/go2_simulation/install/unitree_go/include/unitree_go/unitree_go/msg/detail/time_spec__type_support.h
[74.981s] -- Installing: /home/samsung/go2_ws/src/go2_simulation/install/unitree_go/include/unitree_go/unitree_go/msg/detail/sport_mode_cmd__type_support.c
[74.981s] -- Installing: /home/samsung/go2_ws/src/go2_simulation/install/unitree_go/include/unitree_go/unitree_go/msg/detail/bms_state__type_support.h
[74.982s] -- Installing: /home/samsung/go2_ws/src/go2_simulation/install/unitree_go/include/unitree_go/unitree_go/msg/detail/uwb_state__description.c
[74.982s] -- Installing: /home/samsung/go2_ws/src/go2_simulation/install/unitree_go/include/unitree_go/unitree_go/msg/detail/path_point__functions.c
[74.982s] -- Installing: /home/samsung/go2_ws/src/go2_simulation/install/unitree_go/include/unitree_go/unitree_go/msg/detail/bms_cmd__functions.h
[74.982s] -- Installing: /home/samsung/go2_ws/src/go2_simulation/install/unitree_go/include/unitree_go/unitree_go/msg/detail/req__description.c
[74.983s] -- Installing: /home/samsung/go2_ws/src/go2_simulation/install/unitree_go/include/unitree_go/unitree_go/msg/detail/bms_cmd__struct.h
[74.983s] -- Installing: /home/samsung/go2_ws/src/go2_simulation/install/unitree_go/include/unitree_go/unitree_go/msg/detail/low_state__functions.c
[74.983s] -- Installing: /home/samsung/go2_ws/src/go2_simulation/install/unitree_go/include/unitree_go/unitree_go/msg/detail/uwb_switch__type_support.c
[74.983s] -- Installing: /home/samsung/go2_ws/src/go2_simulation/install/unitree_go/include/unitree_go/unitree_go/msg/detail/res__struct.h
[74.984s] -- Installing: /home/samsung/go2_ws/src/go2_simulation/install/unitree_go/include/unitree_go/unitree_go/msg/detail/motor_cmds__type_support.h
[74.984s] -- Installing: /home/samsung/go2_ws/src/go2_simulation/install/unitree_go/include/unitree_go/unitree_go/msg/detail/sport_mode_state__functions.h
[74.984s] -- Installing: /home/samsung/go2_ws/src/go2_simulation/install/unitree_go/include/unitree_go/unitree_go/msg/detail/interface_config__description.c
[74.985s] -- Installing: /home/samsung/go2_ws/src/go2_simulation/install/unitree_go/include/unitree_go/unitree_go/msg/detail/bms_state__struct.h
[74.985s] -- Installing: /home/samsung/go2_ws/src/go2_simulation/install/unitree_go/include/unitree_go/unitree_go/msg/detail/lidar_state__functions.c
[74.985s] -- Installing: /home/samsung/go2_ws/src/go2_simulation/install/unitree_go/include/unitree_go/unitree_go/msg/detail/wireless_controller__description.c
[74.985s] -- Installing: /home/samsung/go2_ws/src/go2_simulation/install/unitree_go/include/unitree_go/unitree_go/msg/detail/lidar_state__struct.h
[74.986s] -- Installing: /home/samsung/go2_ws/src/go2_simulation/install/unitree_go/include/unitree_go/unitree_go/msg/detail/motor_cmds__struct.h
[74.986s] -- Installing: /home/samsung/go2_ws/src/go2_simulation/install/unitree_go/include/unitree_go/unitree_go/msg/detail/res__type_support.c
[74.986s] -- Installing: /home/samsung/go2_ws/src/go2_simulation/install/unitree_go/include/unitree_go/unitree_go/msg/detail/motor_states__description.c
[74.986s] -- Installing: /home/samsung/go2_ws/src/go2_simulation/install/unitree_go/include/unitree_go/unitree_go/msg/detail/motor_cmds__functions.c
[74.987s] -- Installing: /home/samsung/go2_ws/src/go2_simulation/install/unitree_go/include/unitree_go/unitree_go/msg/detail/bms_cmd__functions.c
[74.987s] -- Installing: /home/samsung/go2_ws/src/go2_simulation/install/unitree_go/include/unitree_go/unitree_go/msg/detail/lidar_state__type_support.h
[74.987s] -- Installing: /home/samsung/go2_ws/src/go2_simulation/install/unitree_go/include/unitree_go/unitree_go/msg/detail/sport_mode_state__type_support.c
[74.987s] -- Installing: /home/samsung/go2_ws/src/go2_simulation/install/unitree_go/include/unitree_go/unitree_go/msg/detail/path_point__type_support.c
[74.988s] -- Installing: /home/samsung/go2_ws/src/go2_simulation/install/unitree_go/include/unitree_go/unitree_go/msg/detail/uwb_switch__type_support.h
[74.988s] -- Installing: /home/samsung/go2_ws/src/go2_simulation/install/unitree_go/include/unitree_go/unitree_go/msg/detail/low_cmd__description.c
[74.988s] -- Installing: /home/samsung/go2_ws/src/go2_simulation/install/unitree_go/include/unitree_go/unitree_go/msg/detail/req__struct.h
[74.988s] -- Installing: /home/samsung/go2_ws/src/go2_simulation/install/unitree_go/include/unitree_go/unitree_go/msg/detail/sport_mode_state__description.c
[74.988s] -- Installing: /home/samsung/go2_ws/src/go2_simulation/install/unitree_go/include/unitree_go/unitree_go/msg/detail/req__functions.h
[74.989s] -- Installing: /home/samsung/go2_ws/src/go2_simulation/install/unitree_go/include/unitree_go/unitree_go/msg/detail/sport_mode_cmd__description.c
[74.989s] -- Installing: /home/samsung/go2_ws/src/go2_simulation/install/unitree_go/include/unitree_go/unitree_go/msg/detail/wireless_controller__functions.h
[74.989s] -- Installing: /home/samsung/go2_ws/src/go2_simulation/install/unitree_go/include/unitree_go/unitree_go/msg/detail/motor_state__functions.c
[74.989s] -- Installing: /home/samsung/go2_ws/src/go2_simulation/install/unitree_go/include/unitree_go/unitree_go/msg/detail/sport_mode_state__struct.h
[74.989s] -- Installing: /home/samsung/go2_ws/src/go2_simulation/install/unitree_go/include/unitree_go/unitree_go/msg/detail/motor_states__functions.h
[74.989s] -- Installing: /home/samsung/go2_ws/src/go2_simulation/install/unitree_go/include/unitree_go/unitree_go/msg/detail/sport_mode_cmd__struct.h
[74.990s] -- Installing: /home/samsung/go2_ws/src/go2_simulation/install/unitree_go/include/unitree_go/unitree_go/msg/detail/time_spec__functions.c
[74.990s] -- Installing: /home/samsung/go2_ws/src/go2_simulation/install/unitree_go/include/unitree_go/unitree_go/msg/detail/height_map__type_support.h
[74.990s] -- Installing: /home/samsung/go2_ws/src/go2_simulation/install/unitree_go/include/unitree_go/unitree_go/msg/detail/uwb_state__type_support.h
[74.990s] -- Installing: /home/samsung/go2_ws/src/go2_simulation/install/unitree_go/include/unitree_go/unitree_go/msg/detail/error__struct.h
[74.990s] -- Installing: /home/samsung/go2_ws/src/go2_simulation/install/unitree_go/include/unitree_go/unitree_go/msg/detail/sport_mode_cmd__type_support.h
[74.991s] -- Installing: /home/samsung/go2_ws/src/go2_simulation/install/unitree_go/include/unitree_go/unitree_go/msg/detail/motor_states__struct.h
[74.991s] -- Installing: /home/samsung/go2_ws/src/go2_simulation/install/unitree_go/include/unitree_go/unitree_go/msg/detail/audio_data__functions.h
[74.991s] -- Installing: /home/samsung/go2_ws/src/go2_simulation/install/unitree_go/include/unitree_go/unitree_go/msg/detail/motor_cmds__description.c
[74.991s] -- Installing: /home/samsung/go2_ws/src/go2_simulation/install/unitree_go/include/unitree_go/unitree_go/msg/detail/interface_config__functions.c
[74.991s] -- Installing: /home/samsung/go2_ws/src/go2_simulation/install/unitree_go/include/unitree_go/unitree_go/msg/detail/height_map__functions.h
[74.991s] -- Installing: /home/samsung/go2_ws/src/go2_simulation/install/unitree_go/include/unitree_go/unitree_go/msg/detail/bms_cmd__type_support.h
[74.992s] -- Installing: /home/samsung/go2_ws/src/go2_simulation/install/unitree_go/include/unitree_go/unitree_go/msg/detail/bms_cmd__type_support.c
[74.992s] -- Installing: /home/samsung/go2_ws/src/go2_simulation/install/unitree_go/include/unitree_go/unitree_go/msg/detail/wireless_controller__type_support.c
[74.992s] -- Installing: /home/samsung/go2_ws/src/go2_simulation/install/unitree_go/include/unitree_go/unitree_go/msg/detail/sport_mode_state__functions.c
[74.992s] -- Installing: /home/samsung/go2_ws/src/go2_simulation/install/unitree_go/include/unitree_go/unitree_go/msg/detail/error__functions.c
[74.992s] -- Installing: /home/samsung/go2_ws/src/go2_simulation/install/unitree_go/include/unitree_go/unitree_go/msg/detail/res__description.c
[74.993s] -- Installing: /home/samsung/go2_ws/src/go2_simulation/install/unitree_go/include/unitree_go/unitree_go/msg/detail/low_cmd__functions.h
[74.993s] -- Installing: /home/samsung/go2_ws/src/go2_simulation/install/unitree_go/include/unitree_go/unitree_go/msg/detail/low_state__functions.h
[74.993s] -- Installing: /home/samsung/go2_ws/src/go2_simulation/install/unitree_go/include/unitree_go/unitree_go/msg/detail/imu_state__struct.h
[74.993s] -- Installing: /home/samsung/go2_ws/src/go2_simulation/install/unitree_go/include/unitree_go/unitree_go/msg/detail/path_point__type_support.h
[74.993s] -- Installing: /home/samsung/go2_ws/src/go2_simulation/install/unitree_go/include/unitree_go/unitree_go/msg/detail/low_state__type_support.c
[74.994s] -- Installing: /home/samsung/go2_ws/src/go2_simulation/install/unitree_go/include/unitree_go/unitree_go/msg/detail/motor_cmd__functions.h
[74.994s] -- Installing: /home/samsung/go2_ws/src/go2_simulation/install/unitree_go/include/unitree_go/unitree_go/msg/detail/wireless_controller__functions.c
[74.994s] -- Installing: /home/samsung/go2_ws/src/go2_simulation/install/unitree_go/include/unitree_go/unitree_go/msg/detail/motor_state__struct.h
[74.994s] -- Installing: /home/samsung/go2_ws/src/go2_simulation/install/unitree_go/include/unitree_go/unitree_go/msg/detail/uwb_state__functions.c
[74.994s] -- Installing: /home/samsung/go2_ws/src/go2_simulation/install/unitree_go/include/unitree_go/unitree_go/msg/detail/motor_cmd__type_support.c
[74.994s] -- Installing: /home/samsung/go2_ws/src/go2_simulation/install/unitree_go/include/unitree_go/unitree_go/msg/detail/time_spec__type_support.c
[74.995s] -- Installing: /home/samsung/go2_ws/src/go2_simulation/install/unitree_go/include/unitree_go/unitree_go/msg/detail/motor_state__type_support.h
[74.995s] -- Installing: /home/samsung/go2_ws/src/go2_simulation/install/unitree_go/include/unitree_go/unitree_go/msg/detail/uwb_switch__functions.h
[74.995s] -- Installing: /home/samsung/go2_ws/src/go2_simulation/install/unitree_go/include/unitree_go/unitree_go/msg/detail/uwb_switch__struct.h
[74.995s] -- Installing: /home/samsung/go2_ws/src/go2_simulation/install/unitree_go/include/unitree_go/unitree_go/msg/detail/error__type_support.h
[74.995s] -- Installing: /home/samsung/go2_ws/src/go2_simulation/install/unitree_go/include/unitree_go/unitree_go/msg/detail/motor_states__type_support.c
[74.996s] -- Installing: /home/samsung/go2_ws/src/go2_simulation/install/unitree_go/include/unitree_go/unitree_go/msg/detail/motor_states__functions.c
[74.996s] -- Installing: /home/samsung/go2_ws/src/go2_simulation/install/unitree_go/include/unitree_go/unitree_go/msg/detail/res__functions.h
[74.996s] -- Installing: /home/samsung/go2_ws/src/go2_simulation/install/unitree_go/include/unitree_go/unitree_go/msg/detail/uwb_state__struct.h
[74.996s] -- Installing: /home/samsung/go2_ws/src/go2_simulation/install/unitree_go/include/unitree_go/unitree_go/msg/detail/res__type_support.h
[74.996s] -- Installing: /home/samsung/go2_ws/src/go2_simulation/install/unitree_go/include/unitree_go/unitree_go/msg/detail/motor_cmd__type_support.h
[74.996s] -- Installing: /home/samsung/go2_ws/src/go2_simulation/install/unitree_go/include/unitree_go/unitree_go/msg/detail/motor_cmds__functions.h
[74.997s] -- Installing: /home/samsung/go2_ws/src/go2_simulation/install/unitree_go/include/unitree_go/unitree_go/msg/detail/sport_mode_cmd__functions.h
[74.997s] -- Installing: /home/samsung/go2_ws/src/go2_simulation/install/unitree_go/include/unitree_go/unitree_go/msg/detail/wireless_controller__type_support.h
[74.997s] -- Installing: /home/samsung/go2_ws/src/go2_simulation/install/unitree_go/include/unitree_go/unitree_go/msg/detail/low_cmd__functions.c
[74.997s] -- Installing: /home/samsung/go2_ws/src/go2_simulation/install/unitree_go/include/unitree_go/unitree_go/msg/detail/low_state__description.c
[74.997s] -- Installing: /home/samsung/go2_ws/src/go2_simulation/install/unitree_go/include/unitree_go/unitree_go/msg/detail/bms_cmd__description.c
[74.997s] -- Installing: /home/samsung/go2_ws/src/go2_simulation/install/unitree_go/include/unitree_go/unitree_go/msg/detail/path_point__functions.h
[74.998s] -- Installing: /home/samsung/go2_ws/src/go2_simulation/install/unitree_go/include/unitree_go/unitree_go/msg/detail/uwb_state__functions.h
[74.998s] -- Installing: /home/samsung/go2_ws/src/go2_simulation/install/unitree_go/include/unitree_go/unitree_go/msg/bms_cmd.h
[74.998s] -- Installing: /home/samsung/go2_ws/src/go2_simulation/install/unitree_go/include/unitree_go/unitree_go/msg/imu_state.h
[74.998s] -- Installing: /home/samsung/go2_ws/src/go2_simulation/install/unitree_go/include/unitree_go/unitree_go/msg/motor_cmds.h
[74.998s] -- Installing: /home/samsung/go2_ws/src/go2_simulation/install/unitree_go/include/unitree_go/unitree_go/msg/wireless_controller.h
[74.998s] -- Installing: /home/samsung/go2_ws/src/go2_simulation/install/unitree_go/include/unitree_go/unitree_go/msg/motor_states.h
[74.999s] -- Installing: /home/samsung/go2_ws/src/go2_simulation/install/unitree_go/include/unitree_go/unitree_go/msg/error.h
[74.999s] -- Installing: /home/samsung/go2_ws/src/go2_simulation/install/unitree_go/include/unitree_go/unitree_go/msg/uwb_state.h
[74.999s] -- Installing: /home/samsung/go2_ws/src/go2_simulation/install/unitree_go/include/unitree_go/unitree_go/msg/audio_data.h
[74.999s] -- Installing: /home/samsung/go2_ws/src/go2_simulation/install/unitree_go/include/unitree_go/unitree_go/msg/interface_config.h
[74.999s] -- Installing: /home/samsung/go2_ws/src/go2_simulation/install/unitree_go/include/unitree_go/unitree_go/msg/req.h
[74.999s] -- Installing: /home/samsung/go2_ws/src/go2_simulation/install/unitree_go/include/unitree_go/unitree_go/msg/motor_state.h
[75.000s] -- Installing: /home/samsung/go2_ws/src/go2_simulation/install/unitree_go/include/unitree_go/unitree_go/msg/uwb_switch.h
[75.000s] -- Installing: /home/samsung/go2_ws/src/go2_simulation/install/unitree_go/include/unitree_go/unitree_go/msg/low_cmd.h
[75.000s] -- Installing: /home/samsung/go2_ws/src/go2_simulation/install/unitree_go/include/unitree_go/unitree_go/msg/rosidl_generator_c__visibility_control.h
[75.000s] -- Installing: /home/samsung/go2_ws/src/go2_simulation/install/unitree_go/include/unitree_go/unitree_go/msg/motor_cmd.h
[75.000s] -- Installing: /home/samsung/go2_ws/src/go2_simulation/install/unitree_go/include/unitree_go/unitree_go/msg/sport_mode_state.h
[75.001s] -- Installing: /home/samsung/go2_ws/src/go2_simulation/install/unitree_go/include/unitree_go/unitree_go/msg/path_point.h
[75.001s] -- Installing: /home/samsung/go2_ws/src/go2_simulation/install/unitree_go/include/unitree_go/unitree_go/msg/low_state.h
[75.001s] -- Installing: /home/samsung/go2_ws/src/go2_simulation/install/unitree_go/include/unitree_go/unitree_go/msg/time_spec.h
[75.001s] -- Installing: /home/samsung/go2_ws/src/go2_simulation/install/unitree_go/include/unitree_go/unitree_go/msg/res.h
[75.001s] -- Installing: /home/samsung/go2_ws/src/go2_simulation/install/unitree_go/include/unitree_go/unitree_go/msg/sport_mode_cmd.h
[75.001s] -- Installing: /home/samsung/go2_ws/src/go2_simulation/install/unitree_go/include/unitree_go/unitree_go/msg/lidar_state.h
[75.002s] -- Installing: /home/samsung/go2_ws/src/go2_simulation/install/unitree_go/include/unitree_go/unitree_go/msg/height_map.h
[75.002s] -- Installing: /home/samsung/go2_ws/src/go2_simulation/install/unitree_go/include/unitree_go/unitree_go/msg/bms_state.h
[75.002s] -- Installing: /home/samsung/go2_ws/src/go2_simulation/install/unitree_go/share/unitree_go/environment/library_path.sh
[75.002s] -- Installing: /home/samsung/go2_ws/src/go2_simulation/install/unitree_go/share/unitree_go/environment/library_path.dsv
[75.002s] -- Installing: /home/samsung/go2_ws/src/go2_simulation/install/unitree_go/lib/libunitree_go__rosidl_generator_c.so
[75.003s] -- Set non-toolchain portion of runtime path of "/home/samsung/go2_ws/src/go2_simulation/install/unitree_go/lib/libunitree_go__rosidl_generator_c.so" to ""
[75.003s] -- Up-to-date: /home/samsung/go2_ws/src/go2_simulation/install/unitree_go/include/unitree_go/unitree_go
[75.003s] -- Up-to-date: /home/samsung/go2_ws/src/go2_simulation/install/unitree_go/include/unitree_go/unitree_go/msg
[75.003s] -- Up-to-date: /home/samsung/go2_ws/src/go2_simulation/install/unitree_go/include/unitree_go/unitree_go/msg/detail
[75.003s] -- Installing: /home/samsung/go2_ws/src/go2_simulation/install/unitree_go/include/unitree_go/unitree_go/msg/detail/height_map__rosidl_typesupport_fastrtps_c.h
[75.004s] -- Installing: /home/samsung/go2_ws/src/go2_simulation/install/unitree_go/include/unitree_go/unitree_go/msg/detail/imu_state__rosidl_typesupport_fastrtps_c.h
[75.004s] -- Installing: /home/samsung/go2_ws/src/go2_simulation/install/unitree_go/include/unitree_go/unitree_go/msg/detail/sport_mode_state__rosidl_typesupport_fastrtps_c.h
[75.004s] -- Installing: /home/samsung/go2_ws/src/go2_simulation/install/unitree_go/include/unitree_go/unitree_go/msg/detail/wireless_controller__rosidl_typesupport_fastrtps_c.h
[75.004s] -- Installing: /home/samsung/go2_ws/src/go2_simulation/install/unitree_go/include/unitree_go/unitree_go/msg/detail/low_cmd__rosidl_typesupport_fastrtps_c.h
[75.004s] -- Installing: /home/samsung/go2_ws/src/go2_simulation/install/unitree_go/include/unitree_go/unitree_go/msg/detail/motor_cmds__rosidl_typesupport_fastrtps_c.h
[75.004s] -- Installing: /home/samsung/go2_ws/src/go2_simulation/install/unitree_go/include/unitree_go/unitree_go/msg/detail/time_spec__rosidl_typesupport_fastrtps_c.h
[75.004s] -- Installing: /home/samsung/go2_ws/src/go2_simulation/install/unitree_go/include/unitree_go/unitree_go/msg/detail/uwb_state__rosidl_typesupport_fastrtps_c.h
[75.005s] -- Installing: /home/samsung/go2_ws/src/go2_simulation/install/unitree_go/include/unitree_go/unitree_go/msg/detail/sport_mode_cmd__rosidl_typesupport_fastrtps_c.h
[75.005s] -- Installing: /home/samsung/go2_ws/src/go2_simulation/install/unitree_go/include/unitree_go/unitree_go/msg/detail/motor_states__rosidl_typesupport_fastrtps_c.h
[75.005s] -- Installing: /home/samsung/go2_ws/src/go2_simulation/install/unitree_go/include/unitree_go/unitree_go/msg/detail/audio_data__rosidl_typesupport_fastrtps_c.h
[75.005s] -- Installing: /home/samsung/go2_ws/src/go2_simulation/install/unitree_go/include/unitree_go/unitree_go/msg/detail/interface_config__rosidl_typesupport_fastrtps_c.h
[75.005s] -- Installing: /home/samsung/go2_ws/src/go2_simulation/install/unitree_go/include/unitree_go/unitree_go/msg/detail/error__rosidl_typesupport_fastrtps_c.h
[75.006s] -- Installing: /home/samsung/go2_ws/src/go2_simulation/install/unitree_go/include/unitree_go/unitree_go/msg/detail/bms_cmd__rosidl_typesupport_fastrtps_c.h
[75.006s] -- Installing: /home/samsung/go2_ws/src/go2_simulation/install/unitree_go/include/unitree_go/unitree_go/msg/detail/path_point__rosidl_typesupport_fastrtps_c.h
[75.006s] -- Installing: /home/samsung/go2_ws/src/go2_simulation/install/unitree_go/include/unitree_go/unitree_go/msg/detail/motor_state__rosidl_typesupport_fastrtps_c.h
[75.006s] -- Installing: /home/samsung/go2_ws/src/go2_simulation/install/unitree_go/include/unitree_go/unitree_go/msg/detail/uwb_switch__rosidl_typesupport_fastrtps_c.h
[75.006s] -- Installing: /home/samsung/go2_ws/src/go2_simulation/install/unitree_go/include/unitree_go/unitree_go/msg/detail/lidar_state__rosidl_typesupport_fastrtps_c.h
[75.006s] -- Installing: /home/samsung/go2_ws/src/go2_simulation/install/unitree_go/include/unitree_go/unitree_go/msg/detail/motor_cmd__rosidl_typesupport_fastrtps_c.h
[75.007s] -- Installing: /home/samsung/go2_ws/src/go2_simulation/install/unitree_go/include/unitree_go/unitree_go/msg/detail/low_state__rosidl_typesupport_fastrtps_c.h
[75.007s] -- Installing: /home/samsung/go2_ws/src/go2_simulation/install/unitree_go/include/unitree_go/unitree_go/msg/detail/res__rosidl_typesupport_fastrtps_c.h
[75.007s] -- Installing: /home/samsung/go2_ws/src/go2_simulation/install/unitree_go/include/unitree_go/unitree_go/msg/detail/req__rosidl_typesupport_fastrtps_c.h
[75.007s] -- Installing: /home/samsung/go2_ws/src/go2_simulation/install/unitree_go/include/unitree_go/unitree_go/msg/detail/bms_state__rosidl_typesupport_fastrtps_c.h
[75.007s] -- Installing: /home/samsung/go2_ws/src/go2_simulation/install/unitree_go/include/unitree_go/unitree_go/msg/rosidl_typesupport_fastrtps_c__visibility_control.h
[75.007s] -- Installing: /home/samsung/go2_ws/src/go2_simulation/install/unitree_go/lib/libunitree_go__rosidl_typesupport_fastrtps_c.so
[75.008s] -- Set non-toolchain portion of runtime path of "/home/samsung/go2_ws/src/go2_simulation/install/unitree_go/lib/libunitree_go__rosidl_typesupport_fastrtps_c.so" to ""
[75.008s] -- Up-to-date: /home/samsung/go2_ws/src/go2_simulation/install/unitree_go/include/unitree_go/unitree_go
[75.008s] -- Up-to-date: /home/samsung/go2_ws/src/go2_simulation/install/unitree_go/include/unitree_go/unitree_go/msg
[75.008s] -- Installing: /home/samsung/go2_ws/src/go2_simulation/install/unitree_go/include/unitree_go/unitree_go/msg/res.hpp
[75.008s] -- Up-to-date: /home/samsung/go2_ws/src/go2_simulation/install/unitree_go/include/unitree_go/unitree_go/msg/detail
[75.009s] -- Installing: /home/samsung/go2_ws/src/go2_simulation/install/unitree_go/include/unitree_go/unitree_go/msg/detail/sport_mode_state__traits.hpp
[75.009s] -- Installing: /home/samsung/go2_ws/src/go2_simulation/install/unitree_go/include/unitree_go/unitree_go/msg/detail/path_point__traits.hpp
[75.009s] -- Installing: /home/samsung/go2_ws/src/go2_simulation/install/unitree_go/include/unitree_go/unitree_go/msg/detail/interface_config__struct.hpp
[75.009s] -- Installing: /home/samsung/go2_ws/src/go2_simulation/install/unitree_go/include/unitree_go/unitree_go/msg/detail/lidar_state__struct.hpp
[75.009s] -- Installing: /home/samsung/go2_ws/src/go2_simulation/install/unitree_go/include/unitree_go/unitree_go/msg/detail/motor_state__struct.hpp
[75.009s] -- Installing: /home/samsung/go2_ws/src/go2_simulation/install/unitree_go/include/unitree_go/unitree_go/msg/detail/bms_state__type_support.hpp
[75.010s] -- Installing: /home/samsung/go2_ws/src/go2_simulation/install/unitree_go/include/unitree_go/unitree_go/msg/detail/imu_state__builder.hpp
[75.010s] -- Installing: /home/samsung/go2_ws/src/go2_simulation/install/unitree_go/include/unitree_go/unitree_go/msg/detail/low_state__traits.hpp
[75.010s] -- Installing: /home/samsung/go2_ws/src/go2_simulation/install/unitree_go/include/unitree_go/unitree_go/msg/detail/sport_mode_cmd__type_support.hpp
[75.010s] -- Installing: /home/samsung/go2_ws/src/go2_simulation/install/unitree_go/include/unitree_go/unitree_go/msg/detail/motor_cmd__traits.hpp
[75.010s] -- Installing: /home/samsung/go2_ws/src/go2_simulation/install/unitree_go/include/unitree_go/unitree_go/msg/detail/motor_states__type_support.hpp
[75.011s] -- Installing: /home/samsung/go2_ws/src/go2_simulation/install/unitree_go/include/unitree_go/unitree_go/msg/detail/audio_data__traits.hpp
[75.011s] -- Installing: /home/samsung/go2_ws/src/go2_simulation/install/unitree_go/include/unitree_go/unitree_go/msg/detail/motor_state__builder.hpp
[75.011s] -- Installing: /home/samsung/go2_ws/src/go2_simulation/install/unitree_go/include/unitree_go/unitree_go/msg/detail/sport_mode_state__struct.hpp
[75.011s] -- Installing: /home/samsung/go2_ws/src/go2_simulation/install/unitree_go/include/unitree_go/unitree_go/msg/detail/low_cmd__builder.hpp
[75.011s] -- Installing: /home/samsung/go2_ws/src/go2_simulation/install/unitree_go/include/unitree_go/unitree_go/msg/detail/uwb_switch__type_support.hpp
[75.011s] -- Installing: /home/samsung/go2_ws/src/go2_simulation/install/unitree_go/include/unitree_go/unitree_go/msg/detail/motor_cmd__type_support.hpp
[75.011s] -- Installing: /home/samsung/go2_ws/src/go2_simulation/install/unitree_go/include/unitree_go/unitree_go/msg/detail/sport_mode_state__builder.hpp
[75.012s] -- Installing: /home/samsung/go2_ws/src/go2_simulation/install/unitree_go/include/unitree_go/unitree_go/msg/detail/uwb_state__traits.hpp
[75.012s] -- Installing: /home/samsung/go2_ws/src/go2_simulation/install/unitree_go/include/unitree_go/unitree_go/msg/detail/path_point__struct.hpp
[75.012s] -- Installing: /home/samsung/go2_ws/src/go2_simulation/install/unitree_go/include/unitree_go/unitree_go/msg/detail/motor_cmds__type_support.hpp
[75.012s] -- Installing: /home/samsung/go2_ws/src/go2_simulation/install/unitree_go/include/unitree_go/unitree_go/msg/detail/sport_mode_state__type_support.hpp
[75.012s] -- Installing: /home/samsung/go2_ws/src/go2_simulation/install/unitree_go/include/unitree_go/unitree_go/msg/detail/imu_state__traits.hpp
[75.013s] -- Installing: /home/samsung/go2_ws/src/go2_simulation/install/unitree_go/include/unitree_go/unitree_go/msg/detail/path_point__type_support.hpp
[75.013s] -- Installing: /home/samsung/go2_ws/src/go2_simulation/install/unitree_go/include/unitree_go/unitree_go/msg/detail/low_state__builder.hpp
[75.013s] -- Installing: /home/samsung/go2_ws/src/go2_simulation/install/unitree_go/include/unitree_go/unitree_go/msg/detail/req__traits.hpp
[75.013s] -- Installing: /home/samsung/go2_ws/src/go2_simulation/install/unitree_go/include/unitree_go/unitree_go/msg/detail/interface_config__type_support.hpp
[75.013s] -- Installing: /home/samsung/go2_ws/src/go2_simulation/install/unitree_go/include/unitree_go/unitree_go/msg/detail/wireless_controller__type_support.hpp
[75.014s] -- Installing: /home/samsung/go2_ws/src/go2_simulation/install/unitree_go/include/unitree_go/unitree_go/msg/detail/time_spec__struct.hpp
[75.014s] -- Installing: /home/samsung/go2_ws/src/go2_simulation/install/unitree_go/include/unitree_go/unitree_go/msg/detail/low_cmd__struct.hpp
[75.014s] -- Installing: /home/samsung/go2_ws/src/go2_simulation/install/unitree_go/include/unitree_go/unitree_go/msg/detail/motor_cmd__builder.hpp
[75.014s] -- Installing: /home/samsung/go2_ws/src/go2_simulation/install/unitree_go/include/unitree_go/unitree_go/msg/detail/motor_cmd__struct.hpp
[75.014s] -- Installing: /home/samsung/go2_ws/src/go2_simulation/install/unitree_go/include/unitree_go/unitree_go/msg/detail/path_point__builder.hpp
[75.015s] -- Installing: /home/samsung/go2_ws/src/go2_simulation/install/unitree_go/include/unitree_go/unitree_go/msg/detail/motor_cmds__struct.hpp
[75.015s] -- Installing: /home/samsung/go2_ws/src/go2_simulation/install/unitree_go/include/unitree_go/unitree_go/msg/detail/uwb_switch__builder.hpp
[75.015s] -- Installing: /home/samsung/go2_ws/src/go2_simulation/install/unitree_go/include/unitree_go/unitree_go/msg/detail/height_map__struct.hpp
[75.015s] -- Installing: /home/samsung/go2_ws/src/go2_simulation/install/unitree_go/include/unitree_go/unitree_go/msg/detail/error__builder.hpp
[75.015s] -- Installing: /home/samsung/go2_ws/src/go2_simulation/install/unitree_go/include/unitree_go/unitree_go/msg/detail/error__traits.hpp
[75.015s] -- Installing: /home/samsung/go2_ws/src/go2_simulation/install/unitree_go/include/unitree_go/unitree_go/msg/detail/bms_cmd__type_support.hpp
[75.015s] -- Installing: /home/samsung/go2_ws/src/go2_simulation/install/unitree_go/include/unitree_go/unitree_go/msg/detail/res__builder.hpp
[75.016s] -- Installing: /home/samsung/go2_ws/src/go2_simulation/install/unitree_go/include/unitree_go/unitree_go/msg/detail/imu_state__type_support.hpp
[75.016s] -- Installing: /home/samsung/go2_ws/src/go2_simulation/install/unitree_go/include/unitree_go/unitree_go/msg/detail/motor_cmds__builder.hpp
[75.016s] -- Installing: /home/samsung/go2_ws/src/go2_simulation/install/unitree_go/include/unitree_go/unitree_go/msg/detail/interface_config__builder.hpp
[75.016s] -- Installing: /home/samsung/go2_ws/src/go2_simulation/install/unitree_go/include/unitree_go/unitree_go/msg/detail/error__type_support.hpp
[75.016s] -- Installing: /home/samsung/go2_ws/src/go2_simulation/install/unitree_go/include/unitree_go/unitree_go/msg/detail/uwb_state__type_support.hpp
[75.017s] -- Installing: /home/samsung/go2_ws/src/go2_simulation/install/unitree_go/include/unitree_go/unitree_go/msg/detail/res__type_support.hpp
[75.017s] -- Installing: /home/samsung/go2_ws/src/go2_simulation/install/unitree_go/include/unitree_go/unitree_go/msg/detail/bms_state__traits.hpp
[75.017s] -- Installing: /home/samsung/go2_ws/src/go2_simulation/install/unitree_go/include/unitree_go/unitree_go/msg/detail/motor_states__traits.hpp
[75.017s] -- Installing: /home/samsung/go2_ws/src/go2_simulation/install/unitree_go/include/unitree_go/unitree_go/msg/detail/lidar_state__traits.hpp
[75.017s] -- Installing: /home/samsung/go2_ws/src/go2_simulation/install/unitree_go/include/unitree_go/unitree_go/msg/detail/motor_states__builder.hpp
[75.017s] -- Installing: /home/samsung/go2_ws/src/go2_simulation/install/unitree_go/include/unitree_go/unitree_go/msg/detail/bms_cmd__struct.hpp
[75.018s] -- Installing: /home/samsung/go2_ws/src/go2_simulation/install/unitree_go/include/unitree_go/unitree_go/msg/detail/imu_state__struct.hpp
[75.018s] -- Installing: /home/samsung/go2_ws/src/go2_simulation/install/unitree_go/include/unitree_go/unitree_go/msg/detail/low_cmd__type_support.hpp
[75.018s] -- Installing: /home/samsung/go2_ws/src/go2_simulation/install/unitree_go/include/unitree_go/unitree_go/msg/detail/lidar_state__builder.hpp
[75.018s] -- Installing: /home/samsung/go2_ws/src/go2_simulation/install/unitree_go/include/unitree_go/unitree_go/msg/detail/wireless_controller__struct.hpp
[75.018s] -- Installing: /home/samsung/go2_ws/src/go2_simulation/install/unitree_go/include/unitree_go/unitree_go/msg/detail/height_map__builder.hpp
[75.019s] -- Installing: /home/samsung/go2_ws/src/go2_simulation/install/unitree_go/include/unitree_go/unitree_go/msg/detail/motor_states__struct.hpp
[75.019s] -- Installing: /home/samsung/go2_ws/src/go2_simulation/install/unitree_go/include/unitree_go/unitree_go/msg/detail/uwb_state__struct.hpp
[75.019s] -- Installing: /home/samsung/go2_ws/src/go2_simulation/install/unitree_go/include/unitree_go/unitree_go/msg/detail/req__struct.hpp
[75.019s] -- Installing: /home/samsung/go2_ws/src/go2_simulation/install/unitree_go/include/unitree_go/unitree_go/msg/detail/sport_mode_cmd__struct.hpp
[75.019s] -- Installing: /home/samsung/go2_ws/src/go2_simulation/install/unitree_go/include/unitree_go/unitree_go/msg/detail/sport_mode_cmd__builder.hpp
[75.019s] -- Installing: /home/samsung/go2_ws/src/go2_simulation/install/unitree_go/include/unitree_go/unitree_go/msg/detail/audio_data__type_support.hpp
[75.020s] -- Installing: /home/samsung/go2_ws/src/go2_simulation/install/unitree_go/include/unitree_go/unitree_go/msg/detail/error__struct.hpp
[75.020s] -- Installing: /home/samsung/go2_ws/src/go2_simulation/install/unitree_go/include/unitree_go/unitree_go/msg/detail/audio_data__struct.hpp
[75.020s] -- Installing: /home/samsung/go2_ws/src/go2_simulation/install/unitree_go/include/unitree_go/unitree_go/msg/detail/motor_state__traits.hpp
[75.020s] -- Installing: /home/samsung/go2_ws/src/go2_simulation/install/unitree_go/include/unitree_go/unitree_go/msg/detail/wireless_controller__builder.hpp
[75.020s] -- Installing: /home/samsung/go2_ws/src/go2_simulation/install/unitree_go/include/unitree_go/unitree_go/msg/detail/time_spec__type_support.hpp
[75.021s] -- Installing: /home/samsung/go2_ws/src/go2_simulation/install/unitree_go/include/unitree_go/unitree_go/msg/detail/res__struct.hpp
[75.021s] -- Installing: /home/samsung/go2_ws/src/go2_simulation/install/unitree_go/include/unitree_go/unitree_go/msg/detail/lidar_state__type_support.hpp
[75.021s] -- Installing: /home/samsung/go2_ws/src/go2_simulation/install/unitree_go/include/unitree_go/unitree_go/msg/detail/height_map__type_support.hpp
[75.021s] -- Installing: /home/samsung/go2_ws/src/go2_simulation/install/unitree_go/include/unitree_go/unitree_go/msg/detail/wireless_controller__traits.hpp
[75.021s] -- Installing: /home/samsung/go2_ws/src/go2_simulation/install/unitree_go/include/unitree_go/unitree_go/msg/detail/bms_cmd__traits.hpp
[75.021s] -- Installing: /home/samsung/go2_ws/src/go2_simulation/install/unitree_go/include/unitree_go/unitree_go/msg/detail/low_cmd__traits.hpp
[75.022s] -- Installing: /home/samsung/go2_ws/src/go2_simulation/install/unitree_go/include/unitree_go/unitree_go/msg/detail/uwb_switch__struct.hpp
[75.022s] -- Installing: /home/samsung/go2_ws/src/go2_simulation/install/unitree_go/include/unitree_go/unitree_go/msg/detail/interface_config__traits.hpp
[75.022s] -- Installing: /home/samsung/go2_ws/src/go2_simulation/install/unitree_go/include/unitree_go/unitree_go/msg/detail/time_spec__builder.hpp
[75.022s] -- Installing: /home/samsung/go2_ws/src/go2_simulation/install/unitree_go/include/unitree_go/unitree_go/msg/detail/req__type_support.hpp
[75.022s] -- Installing: /home/samsung/go2_ws/src/go2_simulation/install/unitree_go/include/unitree_go/unitree_go/msg/detail/res__traits.hpp
[75.022s] -- Installing: /home/samsung/go2_ws/src/go2_simulation/install/unitree_go/include/unitree_go/unitree_go/msg/detail/low_state__struct.hpp
[75.023s] -- Installing: /home/samsung/go2_ws/src/go2_simulation/install/unitree_go/include/unitree_go/unitree_go/msg/detail/req__builder.hpp
[75.023s] -- Installing: /home/samsung/go2_ws/src/go2_simulation/install/unitree_go/include/unitree_go/unitree_go/msg/detail/low_state__type_support.hpp
[75.023s] -- Installing: /home/samsung/go2_ws/src/go2_simulation/install/unitree_go/include/unitree_go/unitree_go/msg/detail/sport_mode_cmd__traits.hpp
[75.023s] -- Installing: /home/samsung/go2_ws/src/go2_simulation/install/unitree_go/include/unitree_go/unitree_go/msg/detail/height_map__traits.hpp
[75.023s] -- Installing: /home/samsung/go2_ws/src/go2_simulation/install/unitree_go/include/unitree_go/unitree_go/msg/detail/uwb_state__builder.hpp
[75.024s] -- Installing: /home/samsung/go2_ws/src/go2_simulation/install/unitree_go/include/unitree_go/unitree_go/msg/detail/uwb_switch__traits.hpp
[75.024s] -- Installing: /home/samsung/go2_ws/src/go2_simulation/install/unitree_go/include/unitree_go/unitree_go/msg/detail/bms_cmd__builder.hpp
[75.024s] -- Installing: /home/samsung/go2_ws/src/go2_simulation/install/unitree_go/include/unitree_go/unitree_go/msg/detail/time_spec__traits.hpp
[75.024s] -- Installing: /home/samsung/go2_ws/src/go2_simulation/install/unitree_go/include/unitree_go/unitree_go/msg/detail/bms_state__builder.hpp
[75.024s] -- Installing: /home/samsung/go2_ws/src/go2_simulation/install/unitree_go/include/unitree_go/unitree_go/msg/detail/audio_data__builder.hpp
[75.025s] -- Installing: /home/samsung/go2_ws/src/go2_simulation/install/unitree_go/include/unitree_go/unitree_go/msg/detail/motor_state__type_support.hpp
[75.025s] -- Installing: /home/samsung/go2_ws/src/go2_simulation/install/unitree_go/include/unitree_go/unitree_go/msg/detail/bms_state__struct.hpp
[75.025s] -- Installing: /home/samsung/go2_ws/src/go2_simulation/install/unitree_go/include/unitree_go/unitree_go/msg/detail/motor_cmds__traits.hpp
[75.025s] -- Installing: /home/samsung/go2_ws/src/go2_simulation/install/unitree_go/include/unitree_go/unitree_go/msg/lidar_state.hpp
[75.025s] -- Installing: /home/samsung/go2_ws/src/go2_simulation/install/unitree_go/include/unitree_go/unitree_go/msg/height_map.hpp
[75.026s] -- Installing: /home/samsung/go2_ws/src/go2_simulation/install/unitree_go/include/unitree_go/unitree_go/msg/uwb_state.hpp
[75.026s] -- Installing: /home/samsung/go2_ws/src/go2_simulation/install/unitree_go/include/unitree_go/unitree_go/msg/imu_state.hpp
[75.026s] -- Installing: /home/samsung/go2_ws/src/go2_simulation/install/unitree_go/include/unitree_go/unitree_go/msg/motor_state.hpp
[75.026s] -- Installing: /home/samsung/go2_ws/src/go2_simulation/install/unitree_go/include/unitree_go/unitree_go/msg/interface_config.hpp
[75.026s] -- Installing: /home/samsung/go2_ws/src/go2_simulation/install/unitree_go/include/unitree_go/unitree_go/msg/time_spec.hpp
[75.027s] -- Installing: /home/samsung/go2_ws/src/go2_simulation/install/unitree_go/include/unitree_go/unitree_go/msg/rosidl_generator_cpp__visibility_control.hpp
[75.027s] -- Installing: /home/samsung/go2_ws/src/go2_simulation/install/unitree_go/include/unitree_go/unitree_go/msg/low_cmd.hpp
[75.027s] -- Installing: /home/samsung/go2_ws/src/go2_simulation/install/unitree_go/include/unitree_go/unitree_go/msg/sport_mode_cmd.hpp
[75.027s] -- Installing: /home/samsung/go2_ws/src/go2_simulation/install/unitree_go/include/unitree_go/unitree_go/msg/path_point.hpp
[75.027s] -- Installing: /home/samsung/go2_ws/src/go2_simulation/install/unitree_go/include/unitree_go/unitree_go/msg/motor_cmd.hpp
[75.028s] -- Installing: /home/samsung/go2_ws/src/go2_simulation/install/unitree_go/include/unitree_go/unitree_go/msg/motor_states.hpp
[75.028s] -- Installing: /home/samsung/go2_ws/src/go2_simulation/install/unitree_go/include/unitree_go/unitree_go/msg/bms_cmd.hpp
[75.028s] -- Installing: /home/samsung/go2_ws/src/go2_simulation/install/unitree_go/include/unitree_go/unitree_go/msg/error.hpp
[75.029s] -- Installing: /home/samsung/go2_ws/src/go2_simulation/install/unitree_go/include/unitree_go/unitree_go/msg/bms_state.hpp
[75.029s] -- Installing: /home/samsung/go2_ws/src/go2_simulation/install/unitree_go/include/unitree_go/unitree_go/msg/low_state.hpp
[75.029s] -- Installing: /home/samsung/go2_ws/src/go2_simulation/install/unitree_go/include/unitree_go/unitree_go/msg/sport_mode_state.hpp
[75.030s] -- Installing: /home/samsung/go2_ws/src/go2_simulation/install/unitree_go/include/unitree_go/unitree_go/msg/motor_cmds.hpp
[75.030s] -- Installing: /home/samsung/go2_ws/src/go2_simulation/install/unitree_go/include/unitree_go/unitree_go/msg/audio_data.hpp
[75.030s] -- Installing: /home/samsung/go2_ws/src/go2_simulation/install/unitree_go/include/unitree_go/unitree_go/msg/uwb_switch.hpp
[75.030s] -- Installing: /home/samsung/go2_ws/src/go2_simulation/install/unitree_go/include/unitree_go/unitree_go/msg/req.hpp
[75.031s] -- Installing: /home/samsung/go2_ws/src/go2_simulation/install/unitree_go/include/unitree_go/unitree_go/msg/wireless_controller.hpp
[75.031s] -- Up-to-date: /home/samsung/go2_ws/src/go2_simulation/install/unitree_go/include/unitree_go/unitree_go
[75.031s] -- Up-to-date: /home/samsung/go2_ws/src/go2_simulation/install/unitree_go/include/unitree_go/unitree_go/msg
[75.032s] -- Up-to-date: /home/samsung/go2_ws/src/go2_simulation/install/unitree_go/include/unitree_go/unitree_go/msg/detail
[75.032s] -- Installing: /home/samsung/go2_ws/src/go2_simulation/install/unitree_go/include/unitree_go/unitree_go/msg/detail/low_cmd__rosidl_typesupport_fastrtps_cpp.hpp
[75.032s] -- Installing: /home/samsung/go2_ws/src/go2_simulation/install/unitree_go/include/unitree_go/unitree_go/msg/detail/bms_state__rosidl_typesupport_fastrtps_cpp.hpp
[75.032s] -- Installing: /home/samsung/go2_ws/src/go2_simulation/install/unitree_go/include/unitree_go/unitree_go/msg/detail/motor_cmds__rosidl_typesupport_fastrtps_cpp.hpp
[75.033s] -- Installing: /home/samsung/go2_ws/src/go2_simulation/install/unitree_go/include/unitree_go/unitree_go/msg/detail/uwb_state__rosidl_typesupport_fastrtps_cpp.hpp
[75.033s] -- Installing: /home/samsung/go2_ws/src/go2_simulation/install/unitree_go/include/unitree_go/unitree_go/msg/detail/low_state__rosidl_typesupport_fastrtps_cpp.hpp
[75.033s] -- Installing: /home/samsung/go2_ws/src/go2_simulation/install/unitree_go/include/unitree_go/unitree_go/msg/detail/wireless_controller__rosidl_typesupport_fastrtps_cpp.hpp
[75.033s] -- Installing: /home/samsung/go2_ws/src/go2_simulation/install/unitree_go/include/unitree_go/unitree_go/msg/detail/motor_cmd__rosidl_typesupport_fastrtps_cpp.hpp
[75.034s] -- Installing: /home/samsung/go2_ws/src/go2_simulation/install/unitree_go/include/unitree_go/unitree_go/msg/detail/imu_state__rosidl_typesupport_fastrtps_cpp.hpp
[75.034s] -- Installing: /home/samsung/go2_ws/src/go2_simulation/install/unitree_go/include/unitree_go/unitree_go/msg/detail/sport_mode_state__rosidl_typesupport_fastrtps_cpp.hpp
[75.034s] -- Installing: /home/samsung/go2_ws/src/go2_simulation/install/unitree_go/include/unitree_go/unitree_go/msg/detail/error__rosidl_typesupport_fastrtps_cpp.hpp
[75.034s] -- Installing: /home/samsung/go2_ws/src/go2_simulation/install/unitree_go/include/unitree_go/unitree_go/msg/detail/dds_fastrtps
[75.035s] -- Installing: /home/samsung/go2_ws/src/go2_simulation/install/unitree_go/include/unitree_go/unitree_go/msg/detail/time_spec__rosidl_typesupport_fastrtps_cpp.hpp
[75.035s] -- Installing: /home/samsung/go2_ws/src/go2_simulation/install/unitree_go/include/unitree_go/unitree_go/msg/detail/req__rosidl_typesupport_fastrtps_cpp.hpp
[75.035s] -- Installing: /home/samsung/go2_ws/src/go2_simulation/install/unitree_go/include/unitree_go/unitree_go/msg/detail/uwb_switch__rosidl_typesupport_fastrtps_cpp.hpp
[75.036s] -- Installing: /home/samsung/go2_ws/src/go2_simulation/install/unitree_go/include/unitree_go/unitree_go/msg/detail/lidar_state__rosidl_typesupport_fastrtps_cpp.hpp
[75.036s] -- Installing: /home/samsung/go2_ws/src/go2_simulation/install/unitree_go/include/unitree_go/unitree_go/msg/detail/path_point__rosidl_typesupport_fastrtps_cpp.hpp
[75.036s] -- Installing: /home/samsung/go2_ws/src/go2_simulation/install/unitree_go/include/unitree_go/unitree_go/msg/detail/motor_state__rosidl_typesupport_fastrtps_cpp.hpp
[75.036s] -- Installing: /home/samsung/go2_ws/src/go2_simulation/install/unitree_go/include/unitree_go/unitree_go/msg/detail/res__rosidl_typesupport_fastrtps_cpp.hpp
[75.036s] -- Installing: /home/samsung/go2_ws/src/go2_simulation/install/unitree_go/include/unitree_go/unitree_go/msg/detail/sport_mode_cmd__rosidl_typesupport_fastrtps_cpp.hpp
[75.037s] -- Installing: /home/samsung/go2_ws/src/go2_simulation/install/unitree_go/include/unitree_go/unitree_go/msg/detail/audio_data__rosidl_typesupport_fastrtps_cpp.hpp
[75.037s] -- Installing: /home/samsung/go2_ws/src/go2_simulation/install/unitree_go/include/unitree_go/unitree_go/msg/detail/interface_config__rosidl_typesupport_fastrtps_cpp.hpp
[75.037s] -- Installing: /home/samsung/go2_ws/src/go2_simulation/install/unitree_go/include/unitree_go/unitree_go/msg/detail/height_map__rosidl_typesupport_fastrtps_cpp.hpp
[75.037s] -- Installing: /home/samsung/go2_ws/src/go2_simulation/install/unitree_go/include/unitree_go/unitree_go/msg/detail/motor_states__rosidl_typesupport_fastrtps_cpp.hpp
[75.038s] -- Installing: /home/samsung/go2_ws/src/go2_simulation/install/unitree_go/include/unitree_go/unitree_go/msg/detail/bms_cmd__rosidl_typesupport_fastrtps_cpp.hpp
[75.038s] -- Installing: /home/samsung/go2_ws/src/go2_simulation/install/unitree_go/include/unitree_go/unitree_go/msg/rosidl_typesupport_fastrtps_cpp__visibility_control.h
[75.038s] -- Installing: /home/samsung/go2_ws/src/go2_simulation/install/unitree_go/lib/libunitree_go__rosidl_typesupport_fastrtps_cpp.so
[75.038s] -- Set non-toolchain portion of runtime path of "/home/samsung/go2_ws/src/go2_simulation/install/unitree_go/lib/libunitree_go__rosidl_typesupport_fastrtps_cpp.so" to ""
[75.039s] -- Up-to-date: /home/samsung/go2_ws/src/go2_simulation/install/unitree_go/include/unitree_go/unitree_go
[75.039s] -- Up-to-date: /home/samsung/go2_ws/src/go2_simulation/install/unitree_go/include/unitree_go/unitree_go/msg
[75.039s] -- Up-to-date: /home/samsung/go2_ws/src/go2_simulation/install/unitree_go/include/unitree_go/unitree_go/msg/detail
[75.039s] -- Installing: /home/samsung/go2_ws/src/go2_simulation/install/unitree_go/include/unitree_go/unitree_go/msg/detail/low_cmd__rosidl_typesupport_introspection_c.h
[75.039s] -- Installing: /home/samsung/go2_ws/src/go2_simulation/install/unitree_go/include/unitree_go/unitree_go/msg/detail/motor_cmds__rosidl_typesupport_introspection_c.h
[75.040s] -- Installing: /home/samsung/go2_ws/src/go2_simulation/install/unitree_go/include/unitree_go/unitree_go/msg/detail/bms_cmd__rosidl_typesupport_introspection_c.h
[75.040s] -- Installing: /home/samsung/go2_ws/src/go2_simulation/install/unitree_go/include/unitree_go/unitree_go/msg/detail/motor_state__type_support.c
[75.040s] -- Installing: /home/samsung/go2_ws/src/go2_simulation/install/unitree_go/include/unitree_go/unitree_go/msg/detail/req__type_support.c
[75.040s] -- Installing: /home/samsung/go2_ws/src/go2_simulation/install/unitree_go/include/unitree_go/unitree_go/msg/detail/low_state__rosidl_typesupport_introspection_c.h
[75.041s] -- Installing: /home/samsung/go2_ws/src/go2_simulation/install/unitree_go/include/unitree_go/unitree_go/msg/detail/req__rosidl_typesupport_introspection_c.h
[75.041s] -- Installing: /home/samsung/go2_ws/src/go2_simulation/install/unitree_go/include/unitree_go/unitree_go/msg/detail/imu_state__type_support.c
[75.041s] -- Installing: /home/samsung/go2_ws/src/go2_simulation/install/unitree_go/include/unitree_go/unitree_go/msg/detail/interface_config__type_support.c
[75.041s] -- Installing: /home/samsung/go2_ws/src/go2_simulation/install/unitree_go/include/unitree_go/unitree_go/msg/detail/motor_cmd__rosidl_typesupport_introspection_c.h
[75.042s] -- Installing: /home/samsung/go2_ws/src/go2_simulation/install/unitree_go/include/unitree_go/unitree_go/msg/detail/motor_state__rosidl_typesupport_introspection_c.h
[75.042s] -- Installing: /home/samsung/go2_ws/src/go2_simulation/install/unitree_go/include/unitree_go/unitree_go/msg/detail/error__rosidl_typesupport_introspection_c.h
[75.042s] -- Installing: /home/samsung/go2_ws/src/go2_simulation/install/unitree_go/include/unitree_go/unitree_go/msg/detail/path_point__rosidl_typesupport_introspection_c.h
[75.042s] -- Installing: /home/samsung/go2_ws/src/go2_simulation/install/unitree_go/include/unitree_go/unitree_go/msg/detail/wireless_controller__rosidl_typesupport_introspection_c.h
[75.043s] -- Installing: /home/samsung/go2_ws/src/go2_simulation/install/unitree_go/include/unitree_go/unitree_go/msg/detail/error__type_support.c
[75.043s] -- Installing: /home/samsung/go2_ws/src/go2_simulation/install/unitree_go/include/unitree_go/unitree_go/msg/detail/sport_mode_state__rosidl_typesupport_introspection_c.h
[75.043s] -- Installing: /home/samsung/go2_ws/src/go2_simulation/install/unitree_go/include/unitree_go/unitree_go/msg/detail/audio_data__type_support.c
[75.043s] -- Installing: /home/samsung/go2_ws/src/go2_simulation/install/unitree_go/include/unitree_go/unitree_go/msg/detail/uwb_state__rosidl_typesupport_introspection_c.h
[75.044s] -- Installing: /home/samsung/go2_ws/src/go2_simulation/install/unitree_go/include/unitree_go/unitree_go/msg/detail/low_cmd__type_support.c
[75.044s] -- Installing: /home/samsung/go2_ws/src/go2_simulation/install/unitree_go/include/unitree_go/unitree_go/msg/detail/height_map__rosidl_typesupport_introspection_c.h
[75.044s] -- Installing: /home/samsung/go2_ws/src/go2_simulation/install/unitree_go/include/unitree_go/unitree_go/msg/detail/uwb_state__type_support.c
[75.044s] -- Installing: /home/samsung/go2_ws/src/go2_simulation/install/unitree_go/include/unitree_go/unitree_go/msg/detail/motor_cmds__type_support.c
[75.045s] -- Installing: /home/samsung/go2_ws/src/go2_simulation/install/unitree_go/include/unitree_go/unitree_go/msg/detail/height_map__type_support.c
[75.045s] -- Installing: /home/samsung/go2_ws/src/go2_simulation/install/unitree_go/include/unitree_go/unitree_go/msg/detail/bms_state__type_support.c
[75.045s] -- Installing: /home/samsung/go2_ws/src/go2_simulation/install/unitree_go/include/unitree_go/unitree_go/msg/detail/lidar_state__type_support.c
[75.045s] -- Installing: /home/samsung/go2_ws/src/go2_simulation/install/unitree_go/include/unitree_go/unitree_go/msg/detail/sport_mode_cmd__type_support.c
[75.045s] -- Installing: /home/samsung/go2_ws/src/go2_simulation/install/unitree_go/include/unitree_go/unitree_go/msg/detail/uwb_switch__type_support.c
[75.046s] -- Installing: /home/samsung/go2_ws/src/go2_simulation/install/unitree_go/include/unitree_go/unitree_go/msg/detail/time_spec__rosidl_typesupport_introspection_c.h
[75.046s] -- Installing: /home/samsung/go2_ws/src/go2_simulation/install/unitree_go/include/unitree_go/unitree_go/msg/detail/res__rosidl_typesupport_introspection_c.h
[75.046s] -- Installing: /home/samsung/go2_ws/src/go2_simulation/install/unitree_go/include/unitree_go/unitree_go/msg/detail/lidar_state__rosidl_typesupport_introspection_c.h
[75.046s] -- Installing: /home/samsung/go2_ws/src/go2_simulation/install/unitree_go/include/unitree_go/unitree_go/msg/detail/res__type_support.c
[75.046s] -- Installing: /home/samsung/go2_ws/src/go2_simulation/install/unitree_go/include/unitree_go/unitree_go/msg/detail/sport_mode_state__type_support.c
[75.046s] -- Installing: /home/samsung/go2_ws/src/go2_simulation/install/unitree_go/include/unitree_go/unitree_go/msg/detail/path_point__type_support.c
[75.046s] -- Installing: /home/samsung/go2_ws/src/go2_simulation/install/unitree_go/include/unitree_go/unitree_go/msg/detail/audio_data__rosidl_typesupport_introspection_c.h
[75.047s] -- Installing: /home/samsung/go2_ws/src/go2_simulation/install/unitree_go/include/unitree_go/unitree_go/msg/detail/sport_mode_cmd__rosidl_typesupport_introspection_c.h
[75.047s] -- Installing: /home/samsung/go2_ws/src/go2_simulation/install/unitree_go/include/unitree_go/unitree_go/msg/detail/motor_states__rosidl_typesupport_introspection_c.h
[75.047s] -- Installing: /home/samsung/go2_ws/src/go2_simulation/install/unitree_go/include/unitree_go/unitree_go/msg/detail/bms_cmd__type_support.c
[75.047s] -- Installing: /home/samsung/go2_ws/src/go2_simulation/install/unitree_go/include/unitree_go/unitree_go/msg/detail/wireless_controller__type_support.c
[75.047s] -- Installing: /home/samsung/go2_ws/src/go2_simulation/install/unitree_go/include/unitree_go/unitree_go/msg/detail/uwb_switch__rosidl_typesupport_introspection_c.h
[75.047s] -- Installing: /home/samsung/go2_ws/src/go2_simulation/install/unitree_go/include/unitree_go/unitree_go/msg/detail/imu_state__rosidl_typesupport_introspection_c.h
[75.047s] -- Installing: /home/samsung/go2_ws/src/go2_simulation/install/unitree_go/include/unitree_go/unitree_go/msg/detail/low_state__type_support.c
[75.048s] -- Installing: /home/samsung/go2_ws/src/go2_simulation/install/unitree_go/include/unitree_go/unitree_go/msg/detail/bms_state__rosidl_typesupport_introspection_c.h
[75.048s] -- Installing: /home/samsung/go2_ws/src/go2_simulation/install/unitree_go/include/unitree_go/unitree_go/msg/detail/motor_cmd__type_support.c
[75.048s] -- Installing: /home/samsung/go2_ws/src/go2_simulation/install/unitree_go/include/unitree_go/unitree_go/msg/detail/time_spec__type_support.c
[75.048s] -- Installing: /home/samsung/go2_ws/src/go2_simulation/install/unitree_go/include/unitree_go/unitree_go/msg/detail/interface_config__rosidl_typesupport_introspection_c.h
[75.048s] -- Installing: /home/samsung/go2_ws/src/go2_simulation/install/unitree_go/include/unitree_go/unitree_go/msg/detail/motor_states__type_support.c
[75.048s] -- Installing: /home/samsung/go2_ws/src/go2_simulation/install/unitree_go/include/unitree_go/unitree_go/msg/rosidl_typesupport_introspection_c__visibility_control.h
[75.048s] -- Installing: /home/samsung/go2_ws/src/go2_simulation/install/unitree_go/lib/libunitree_go__rosidl_typesupport_introspection_c.so
[75.049s] -- Set non-toolchain portion of runtime path of "/home/samsung/go2_ws/src/go2_simulation/install/unitree_go/lib/libunitree_go__rosidl_typesupport_introspection_c.so" to ""
[75.049s] -- Installing: /home/samsung/go2_ws/src/go2_simulation/install/unitree_go/lib/libunitree_go__rosidl_typesupport_c.so
[75.049s] -- Set non-toolchain portion of runtime path of "/home/samsung/go2_ws/src/go2_simulation/install/unitree_go/lib/libunitree_go__rosidl_typesupport_c.so" to ""
[75.049s] -- Up-to-date: /home/samsung/go2_ws/src/go2_simulation/install/unitree_go/include/unitree_go/unitree_go
[75.049s] -- Up-to-date: /home/samsung/go2_ws/src/go2_simulation/install/unitree_go/include/unitree_go/unitree_go/msg
[75.050s] -- Up-to-date: /home/samsung/go2_ws/src/go2_simulation/install/unitree_go/include/unitree_go/unitree_go/msg/detail
[75.050s] -- Installing: /home/samsung/go2_ws/src/go2_simulation/install/unitree_go/include/unitree_go/unitree_go/msg/detail/low_state__type_support.cpp
[75.050s] -- Installing: /home/samsung/go2_ws/src/go2_simulation/install/unitree_go/include/unitree_go/unitree_go/msg/detail/lidar_state__rosidl_typesupport_introspection_cpp.hpp
[75.050s] -- Installing: /home/samsung/go2_ws/src/go2_simulation/install/unitree_go/include/unitree_go/unitree_go/msg/detail/lidar_state__type_support.cpp
[75.050s] -- Installing: /home/samsung/go2_ws/src/go2_simulation/install/unitree_go/include/unitree_go/unitree_go/msg/detail/sport_mode_cmd__type_support.cpp
[75.051s] -- Installing: /home/samsung/go2_ws/src/go2_simulation/install/unitree_go/include/unitree_go/unitree_go/msg/detail/uwb_switch__rosidl_typesupport_introspection_cpp.hpp
[75.051s] -- Installing: /home/samsung/go2_ws/src/go2_simulation/install/unitree_go/include/unitree_go/unitree_go/msg/detail/interface_config__type_support.cpp
[75.051s] -- Installing: /home/samsung/go2_ws/src/go2_simulation/install/unitree_go/include/unitree_go/unitree_go/msg/detail/time_spec__rosidl_typesupport_introspection_cpp.hpp
[75.051s] -- Installing: /home/samsung/go2_ws/src/go2_simulation/install/unitree_go/include/unitree_go/unitree_go/msg/detail/sport_mode_state__rosidl_typesupport_introspection_cpp.hpp
[75.051s] -- Installing: /home/samsung/go2_ws/src/go2_simulation/install/unitree_go/include/unitree_go/unitree_go/msg/detail/low_cmd__type_support.cpp
[75.052s] -- Installing: /home/samsung/go2_ws/src/go2_simulation/install/unitree_go/include/unitree_go/unitree_go/msg/detail/req__type_support.cpp
[75.052s] -- Installing: /home/samsung/go2_ws/src/go2_simulation/install/unitree_go/include/unitree_go/unitree_go/msg/detail/motor_states__type_support.cpp
[75.053s] -- Installing: /home/samsung/go2_ws/src/go2_simulation/install/unitree_go/include/unitree_go/unitree_go/msg/detail/sport_mode_cmd__rosidl_typesupport_introspection_cpp.hpp
[75.053s] -- Installing: /home/samsung/go2_ws/src/go2_simulation/install/unitree_go/include/unitree_go/unitree_go/msg/detail/motor_cmd__type_support.cpp
[75.053s] -- Installing: /home/samsung/go2_ws/src/go2_simulation/install/unitree_go/include/unitree_go/unitree_go/msg/detail/bms_cmd__rosidl_typesupport_introspection_cpp.hpp
[75.054s] -- Installing: /home/samsung/go2_ws/src/go2_simulation/install/unitree_go/include/unitree_go/unitree_go/msg/detail/audio_data__type_support.cpp
[75.054s] -- Installing: /home/samsung/go2_ws/src/go2_simulation/install/unitree_go/include/unitree_go/unitree_go/msg/detail/motor_state__type_support.cpp
[75.054s] -- Installing: /home/samsung/go2_ws/src/go2_simulation/install/unitree_go/include/unitree_go/unitree_go/msg/detail/motor_cmds__type_support.cpp
[75.055s] -- Installing: /home/samsung/go2_ws/src/go2_simulation/install/unitree_go/include/unitree_go/unitree_go/msg/detail/motor_cmds__rosidl_typesupport_introspection_cpp.hpp
[75.055s] -- Installing: /home/samsung/go2_ws/src/go2_simulation/install/unitree_go/include/unitree_go/unitree_go/msg/detail/imu_state__rosidl_typesupport_introspection_cpp.hpp
[75.055s] -- Installing: /home/samsung/go2_ws/src/go2_simulation/install/unitree_go/include/unitree_go/unitree_go/msg/detail/motor_cmd__rosidl_typesupport_introspection_cpp.hpp
[75.055s] -- Installing: /home/samsung/go2_ws/src/go2_simulation/install/unitree_go/include/unitree_go/unitree_go/msg/detail/res__type_support.cpp
[75.056s] -- Installing: /home/samsung/go2_ws/src/go2_simulation/install/unitree_go/include/unitree_go/unitree_go/msg/detail/height_map__rosidl_typesupport_introspection_cpp.hpp
[75.056s] -- Installing: /home/samsung/go2_ws/src/go2_simulation/install/unitree_go/include/unitree_go/unitree_go/msg/detail/motor_state__rosidl_typesupport_introspection_cpp.hpp
[75.056s] -- Installing: /home/samsung/go2_ws/src/go2_simulation/install/unitree_go/include/unitree_go/unitree_go/msg/detail/bms_state__rosidl_typesupport_introspection_cpp.hpp
[75.056s] -- Installing: /home/samsung/go2_ws/src/go2_simulation/install/unitree_go/include/unitree_go/unitree_go/msg/detail/bms_state__type_support.cpp
[75.057s] -- Installing: /home/samsung/go2_ws/src/go2_simulation/install/unitree_go/include/unitree_go/unitree_go/msg/detail/audio_data__rosidl_typesupport_introspection_cpp.hpp
[75.057s] -- Installing: /home/samsung/go2_ws/src/go2_simulation/install/unitree_go/include/unitree_go/unitree_go/msg/detail/error__rosidl_typesupport_introspection_cpp.hpp
[75.057s] -- Installing: /home/samsung/go2_ws/src/go2_simulation/install/unitree_go/include/unitree_go/unitree_go/msg/detail/height_map__type_support.cpp
[75.058s] -- Installing: /home/samsung/go2_ws/src/go2_simulation/install/unitree_go/include/unitree_go/unitree_go/msg/detail/imu_state__type_support.cpp
[75.058s] -- Installing: /home/samsung/go2_ws/src/go2_simulation/install/unitree_go/include/unitree_go/unitree_go/msg/detail/uwb_state__rosidl_typesupport_introspection_cpp.hpp
[75.058s] -- Installing: /home/samsung/go2_ws/src/go2_simulation/install/unitree_go/include/unitree_go/unitree_go/msg/detail/error__type_support.cpp
[75.058s] -- Installing: /home/samsung/go2_ws/src/go2_simulation/install/unitree_go/include/unitree_go/unitree_go/msg/detail/res__rosidl_typesupport_introspection_cpp.hpp
[75.059s] -- Installing: /home/samsung/go2_ws/src/go2_simulation/install/unitree_go/include/unitree_go/unitree_go/msg/detail/wireless_controller__rosidl_typesupport_introspection_cpp.hpp
[75.059s] -- Installing: /home/samsung/go2_ws/src/go2_simulation/install/unitree_go/include/unitree_go/unitree_go/msg/detail/wireless_controller__type_support.cpp
[75.059s] -- Installing: /home/samsung/go2_ws/src/go2_simulation/install/unitree_go/include/unitree_go/unitree_go/msg/detail/motor_states__rosidl_typesupport_introspection_cpp.hpp
[75.060s] -- Installing: /home/samsung/go2_ws/src/go2_simulation/install/unitree_go/include/unitree_go/unitree_go/msg/detail/path_point__rosidl_typesupport_introspection_cpp.hpp
[75.060s] -- Installing: /home/samsung/go2_ws/src/go2_simulation/install/unitree_go/include/unitree_go/unitree_go/msg/detail/low_state__rosidl_typesupport_introspection_cpp.hpp
[75.060s] -- Installing: /home/samsung/go2_ws/src/go2_simulation/install/unitree_go/include/unitree_go/unitree_go/msg/detail/interface_config__rosidl_typesupport_introspection_cpp.hpp
[75.060s] -- Installing: /home/samsung/go2_ws/src/go2_simulation/install/unitree_go/include/unitree_go/unitree_go/msg/detail/low_cmd__rosidl_typesupport_introspection_cpp.hpp
[75.061s] -- Installing: /home/samsung/go2_ws/src/go2_simulation/install/unitree_go/include/unitree_go/unitree_go/msg/detail/uwb_state__type_support.cpp
[75.061s] -- Installing: /home/samsung/go2_ws/src/go2_simulation/install/unitree_go/include/unitree_go/unitree_go/msg/detail/req__rosidl_typesupport_introspection_cpp.hpp
[75.061s] -- Installing: /home/samsung/go2_ws/src/go2_simulation/install/unitree_go/include/unitree_go/unitree_go/msg/detail/bms_cmd__type_support.cpp
[75.061s] -- Installing: /home/samsung/go2_ws/src/go2_simulation/install/unitree_go/include/unitree_go/unitree_go/msg/detail/uwb_switch__type_support.cpp
[75.062s] -- Installing: /home/samsung/go2_ws/src/go2_simulation/install/unitree_go/include/unitree_go/unitree_go/msg/detail/path_point__type_support.cpp
[75.062s] -- Installing: /home/samsung/go2_ws/src/go2_simulation/install/unitree_go/include/unitree_go/unitree_go/msg/detail/sport_mode_state__type_support.cpp
[75.062s] -- Installing: /home/samsung/go2_ws/src/go2_simulation/install/unitree_go/include/unitree_go/unitree_go/msg/detail/time_spec__type_support.cpp
[75.062s] -- Installing: /home/samsung/go2_ws/src/go2_simulation/install/unitree_go/lib/libunitree_go__rosidl_typesupport_introspection_cpp.so
[75.063s] -- Set non-toolchain portion of runtime path of "/home/samsung/go2_ws/src/go2_simulation/install/unitree_go/lib/libunitree_go__rosidl_typesupport_introspection_cpp.so" to ""
[75.063s] -- Installing: /home/samsung/go2_ws/src/go2_simulation/install/unitree_go/lib/libunitree_go__rosidl_typesupport_cpp.so
[75.063s] -- Set non-toolchain portion of runtime path of "/home/samsung/go2_ws/src/go2_simulation/install/unitree_go/lib/libunitree_go__rosidl_typesupport_cpp.so" to ""
[75.063s] -- Installing: /home/samsung/go2_ws/src/go2_simulation/install/unitree_go/share/unitree_go/environment/pythonpath.sh
[75.064s] -- Installing: /home/samsung/go2_ws/src/go2_simulation/install/unitree_go/share/unitree_go/environment/pythonpath.dsv
[75.064s] -- Installing: /home/samsung/go2_ws/src/go2_simulation/install/unitree_go/lib/python3.12/site-packages/unitree_go-0.0.1-py3.12.egg-info
[75.064s] -- Installing: /home/samsung/go2_ws/src/go2_simulation/install/unitree_go/lib/python3.12/site-packages/unitree_go-0.0.1-py3.12.egg-info/SOURCES.txt
[75.065s] -- Installing: /home/samsung/go2_ws/src/go2_simulation/install/unitree_go/lib/python3.12/site-packages/unitree_go-0.0.1-py3.12.egg-info/top_level.txt
[75.065s] -- Installing: /home/samsung/go2_ws/src/go2_simulation/install/unitree_go/lib/python3.12/site-packages/unitree_go-0.0.1-py3.12.egg-info/dependency_links.txt
[75.065s] -- Installing: /home/samsung/go2_ws/src/go2_simulation/install/unitree_go/lib/python3.12/site-packages/unitree_go-0.0.1-py3.12.egg-info/PKG-INFO
[75.065s] -- Installing: /home/samsung/go2_ws/src/go2_simulation/install/unitree_go/lib/python3.12/site-packages/unitree_go
[75.066s] -- Installing: /home/samsung/go2_ws/src/go2_simulation/install/unitree_go/lib/python3.12/site-packages/unitree_go/__init__.py
[75.066s] -- Installing: /home/samsung/go2_ws/src/go2_simulation/install/unitree_go/lib/python3.12/site-packages/unitree_go/unitree_go_s__rosidl_typesupport_c.so
[75.066s] -- Installing: /home/samsung/go2_ws/src/go2_simulation/install/unitree_go/lib/python3.12/site-packages/unitree_go/_unitree_go_s.ep.rosidl_typesupport_fastrtps_c.c
[75.067s] -- Installing: /home/samsung/go2_ws/src/go2_simulation/install/unitree_go/lib/python3.12/site-packages/unitree_go/_unitree_go_s.ep.rosidl_typesupport_introspection_c.c
[75.067s] -- Installing: /home/samsung/go2_ws/src/go2_simulation/install/unitree_go/lib/python3.12/site-packages/unitree_go/msg
[75.067s] -- Installing: /home/samsung/go2_ws/src/go2_simulation/install/unitree_go/lib/python3.12/site-packages/unitree_go/msg/_height_map_s.c
[75.067s] -- Installing: /home/samsung/go2_ws/src/go2_simulation/install/unitree_go/lib/python3.12/site-packages/unitree_go/msg/_low_state_s.c
[75.068s] -- Installing: /home/samsung/go2_ws/src/go2_simulation/install/unitree_go/lib/python3.12/site-packages/unitree_go/msg/__init__.py
[75.068s] -- Installing: /home/samsung/go2_ws/src/go2_simulation/install/unitree_go/lib/python3.12/site-packages/unitree_go/msg/_bms_cmd_s.c
[75.068s] -- Installing: /home/samsung/go2_ws/src/go2_simulation/install/unitree_go/lib/python3.12/site-packages/unitree_go/msg/_motor_states.py
[75.068s] -- Installing: /home/samsung/go2_ws/src/go2_simulation/install/unitree_go/lib/python3.12/site-packages/unitree_go/msg/_audio_data.py
[75.069s] -- Installing: /home/samsung/go2_ws/src/go2_simulation/install/unitree_go/lib/python3.12/site-packages/unitree_go/msg/_uwb_state.py
[75.069s] -- Installing: /home/samsung/go2_ws/src/go2_simulation/install/unitree_go/lib/python3.12/site-packages/unitree_go/msg/_sport_mode_cmd.py
[75.069s] -- Installing: /home/samsung/go2_ws/src/go2_simulation/install/unitree_go/lib/python3.12/site-packages/unitree_go/msg/_sport_mode_state.py
[75.069s] -- Installing: /home/samsung/go2_ws/src/go2_simulation/install/unitree_go/lib/python3.12/site-packages/unitree_go/msg/_req_s.c
[75.070s] -- Installing: /home/samsung/go2_ws/src/go2_simulation/install/unitree_go/lib/python3.12/site-packages/unitree_go/msg/_uwb_state_s.c
[75.070s] -- Installing: /home/samsung/go2_ws/src/go2_simulation/install/unitree_go/lib/python3.12/site-packages/unitree_go/msg/_uwb_switch_s.c
[75.070s] -- Installing: /home/samsung/go2_ws/src/go2_simulation/install/unitree_go/lib/python3.12/site-packages/unitree_go/msg/_bms_state_s.c
[75.070s] -- Installing: /home/samsung/go2_ws/src/go2_simulation/install/unitree_go/lib/python3.12/site-packages/unitree_go/msg/_motor_cmds.py
[75.071s] -- Installing: /home/samsung/go2_ws/src/go2_simulation/install/unitree_go/lib/python3.12/site-packages/unitree_go/msg/_time_spec_s.c
[75.071s] -- Installing: /home/samsung/go2_ws/src/go2_simulation/install/unitree_go/lib/python3.12/site-packages/unitree_go/msg/_motor_cmds_s.c
[75.071s] -- Installing: /home/samsung/go2_ws/src/go2_simulation/install/unitree_go/lib/python3.12/site-packages/unitree_go/msg/_uwb_switch.py
[75.071s] -- Installing: /home/samsung/go2_ws/src/go2_simulation/install/unitree_go/lib/python3.12/site-packages/unitree_go/msg/_interface_config.py
[75.072s] -- Installing: /home/samsung/go2_ws/src/go2_simulation/install/unitree_go/lib/python3.12/site-packages/unitree_go/msg/_bms_state.py
[75.072s] -- Installing: /home/samsung/go2_ws/src/go2_simulation/install/unitree_go/lib/python3.12/site-packages/unitree_go/msg/_motor_state_s.c
[75.072s] -- Installing: /home/samsung/go2_ws/src/go2_simulation/install/unitree_go/lib/python3.12/site-packages/unitree_go/msg/_motor_state.py
[75.073s] -- Installing: /home/samsung/go2_ws/src/go2_simulation/install/unitree_go/lib/python3.12/site-packages/unitree_go/msg/_motor_cmd_s.c
[75.073s] -- Installing: /home/samsung/go2_ws/src/go2_simulation/install/unitree_go/lib/python3.12/site-packages/unitree_go/msg/_time_spec.py
[75.073s] -- Installing: /home/samsung/go2_ws/src/go2_simulation/install/unitree_go/lib/python3.12/site-packages/unitree_go/msg/_imu_state.py
[75.073s] -- Installing: /home/samsung/go2_ws/src/go2_simulation/install/unitree_go/lib/python3.12/site-packages/unitree_go/msg/_path_point_s.c
[75.074s] -- Installing: /home/samsung/go2_ws/src/go2_simulation/install/unitree_go/lib/python3.12/site-packages/unitree_go/msg/_low_state.py
[75.074s] -- Installing: /home/samsung/go2_ws/src/go2_simulation/install/unitree_go/lib/python3.12/site-packages/unitree_go/msg/_low_cmd_s.c
[75.074s] -- Installing: /home/samsung/go2_ws/src/go2_simulation/install/unitree_go/lib/python3.12/site-packages/unitree_go/msg/_error.py
[75.074s] -- Installing: /home/samsung/go2_ws/src/go2_simulation/install/unitree_go/lib/python3.12/site-packages/unitree_go/msg/_motor_states_s.c
[75.074s] -- Installing: /home/samsung/go2_ws/src/go2_simulation/install/unitree_go/lib/python3.12/site-packages/unitree_go/msg/_imu_state_s.c
[75.075s] -- Installing: /home/samsung/go2_ws/src/go2_simulation/install/unitree_go/lib/python3.12/site-packages/unitree_go/msg/_low_cmd.py
[75.075s] -- Installing: /home/samsung/go2_ws/src/go2_simulation/install/unitree_go/lib/python3.12/site-packages/unitree_go/msg/_motor_cmd.py
[75.075s] -- Installing: /home/samsung/go2_ws/src/go2_simulation/install/unitree_go/lib/python3.12/site-packages/unitree_go/msg/_req.py
[75.075s] -- Installing: /home/samsung/go2_ws/src/go2_simulation/install/unitree_go/lib/python3.12/site-packages/unitree_go/msg/_wireless_controller.py
[75.075s] -- Installing: /home/samsung/go2_ws/src/go2_simulation/install/unitree_go/lib/python3.12/site-packages/unitree_go/msg/_lidar_state_s.c
[75.076s] -- Installing: /home/samsung/go2_ws/src/go2_simulation/install/unitree_go/lib/python3.12/site-packages/unitree_go/msg/_path_point.py
[75.076s] -- Installing: /home/samsung/go2_ws/src/go2_simulation/install/unitree_go/lib/python3.12/site-packages/unitree_go/msg/_interface_config_s.c
[75.076s] -- Installing: /home/samsung/go2_ws/src/go2_simulation/install/unitree_go/lib/python3.12/site-packages/unitree_go/msg/_sport_mode_state_s.c
[75.076s] -- Installing: /home/samsung/go2_ws/src/go2_simulation/install/unitree_go/lib/python3.12/site-packages/unitree_go/msg/_res.py
[75.076s] -- Installing: /home/samsung/go2_ws/src/go2_simulation/install/unitree_go/lib/python3.12/site-packages/unitree_go/msg/_audio_data_s.c
[75.076s] -- Installing: /home/samsung/go2_ws/src/go2_simulation/install/unitree_go/lib/python3.12/site-packages/unitree_go/msg/_wireless_controller_s.c
[75.077s] -- Installing: /home/samsung/go2_ws/src/go2_simulation/install/unitree_go/lib/python3.12/site-packages/unitree_go/msg/_bms_cmd.py
[75.077s] -- Installing: /home/samsung/go2_ws/src/go2_simulation/install/unitree_go/lib/python3.12/site-packages/unitree_go/msg/_res_s.c
[75.077s] -- Installing: /home/samsung/go2_ws/src/go2_simulation/install/unitree_go/lib/python3.12/site-packages/unitree_go/msg/_lidar_state.py
[75.077s] -- Installing: /home/samsung/go2_ws/src/go2_simulation/install/unitree_go/lib/python3.12/site-packages/unitree_go/msg/_height_map.py
[75.077s] -- Installing: /home/samsung/go2_ws/src/go2_simulation/install/unitree_go/lib/python3.12/site-packages/unitree_go/msg/_error_s.c
[75.077s] -- Installing: /home/samsung/go2_ws/src/go2_simulation/install/unitree_go/lib/python3.12/site-packages/unitree_go/msg/_sport_mode_cmd_s.c
[75.078s] -- Installing: /home/samsung/go2_ws/src/go2_simulation/install/unitree_go/lib/python3.12/site-packages/unitree_go/unitree_go_s__rosidl_typesupport_fastrtps_c.so
[75.078s] -- Installing: /home/samsung/go2_ws/src/go2_simulation/install/unitree_go/lib/python3.12/site-packages/unitree_go/unitree_go_s__rosidl_typesupport_introspection_c.so
[75.078s] -- Installing: /home/samsung/go2_ws/src/go2_simulation/install/unitree_go/lib/python3.12/site-packages/unitree_go/_unitree_go_s.ep.rosidl_typesupport_c.c
[75.245s] Listing '/home/samsung/go2_ws/src/go2_simulation/install/unitree_go/lib/python3.12/site-packages/unitree_go'...
[75.245s] Compiling '/home/samsung/go2_ws/src/go2_simulation/install/unitree_go/lib/python3.12/site-packages/unitree_go/__init__.py'...
[75.246s] Listing '/home/samsung/go2_ws/src/go2_simulation/install/unitree_go/lib/python3.12/site-packages/unitree_go/msg'...
[75.246s] Compiling '/home/samsung/go2_ws/src/go2_simulation/install/unitree_go/lib/python3.12/site-packages/unitree_go/msg/__init__.py'...
[75.246s] Compiling '/home/samsung/go2_ws/src/go2_simulation/install/unitree_go/lib/python3.12/site-packages/unitree_go/msg/_audio_data.py'...
[75.246s] Compiling '/home/samsung/go2_ws/src/go2_simulation/install/unitree_go/lib/python3.12/site-packages/unitree_go/msg/_bms_cmd.py'...
[75.246s] Compiling '/home/samsung/go2_ws/src/go2_simulation/install/unitree_go/lib/python3.12/site-packages/unitree_go/msg/_bms_state.py'...
[75.246s] Compiling '/home/samsung/go2_ws/src/go2_simulation/install/unitree_go/lib/python3.12/site-packages/unitree_go/msg/_error.py'...
[75.246s] Compiling '/home/samsung/go2_ws/src/go2_simulation/install/unitree_go/lib/python3.12/site-packages/unitree_go/msg/_height_map.py'...
[75.247s] Compiling '/home/samsung/go2_ws/src/go2_simulation/install/unitree_go/lib/python3.12/site-packages/unitree_go/msg/_imu_state.py'...
[75.247s] Compiling '/home/samsung/go2_ws/src/go2_simulation/install/unitree_go/lib/python3.12/site-packages/unitree_go/msg/_interface_config.py'...
[75.247s] Compiling '/home/samsung/go2_ws/src/go2_simulation/install/unitree_go/lib/python3.12/site-packages/unitree_go/msg/_lidar_state.py'...
[75.247s] Compiling '/home/samsung/go2_ws/src/go2_simulation/install/unitree_go/lib/python3.12/site-packages/unitree_go/msg/_low_cmd.py'...
[75.247s] Compiling '/home/samsung/go2_ws/src/go2_simulation/install/unitree_go/lib/python3.12/site-packages/unitree_go/msg/_low_state.py'...
[75.247s] Compiling '/home/samsung/go2_ws/src/go2_simulation/install/unitree_go/lib/python3.12/site-packages/unitree_go/msg/_motor_cmd.py'...
[75.247s] Compiling '/home/samsung/go2_ws/src/go2_simulation/install/unitree_go/lib/python3.12/site-packages/unitree_go/msg/_motor_cmds.py'...
[75.248s] Compiling '/home/samsung/go2_ws/src/go2_simulation/install/unitree_go/lib/python3.12/site-packages/unitree_go/msg/_motor_state.py'...
[75.248s] Compiling '/home/samsung/go2_ws/src/go2_simulation/install/unitree_go/lib/python3.12/site-packages/unitree_go/msg/_motor_states.py'...
[75.248s] Compiling '/home/samsung/go2_ws/src/go2_simulation/install/unitree_go/lib/python3.12/site-packages/unitree_go/msg/_path_point.py'...
[75.248s] Compiling '/home/samsung/go2_ws/src/go2_simulation/install/unitree_go/lib/python3.12/site-packages/unitree_go/msg/_req.py'...
[75.248s] Compiling '/home/samsung/go2_ws/src/go2_simulation/install/unitree_go/lib/python3.12/site-packages/unitree_go/msg/_res.py'...
[75.248s] Compiling '/home/samsung/go2_ws/src/go2_simulation/install/unitree_go/lib/python3.12/site-packages/unitree_go/msg/_sport_mode_cmd.py'...
[75.248s] Compiling '/home/samsung/go2_ws/src/go2_simulation/install/unitree_go/lib/python3.12/site-packages/unitree_go/msg/_sport_mode_state.py'...
[75.248s] Compiling '/home/samsung/go2_ws/src/go2_simulation/install/unitree_go/lib/python3.12/site-packages/unitree_go/msg/_time_spec.py'...
[75.249s] Compiling '/home/samsung/go2_ws/src/go2_simulation/install/unitree_go/lib/python3.12/site-packages/unitree_go/msg/_uwb_state.py'...
[75.249s] Compiling '/home/samsung/go2_ws/src/go2_simulation/install/unitree_go/lib/python3.12/site-packages/unitree_go/msg/_uwb_switch.py'...
[75.249s] Compiling '/home/samsung/go2_ws/src/go2_simulation/install/unitree_go/lib/python3.12/site-packages/unitree_go/msg/_wireless_controller.py'...
[75.258s] -- Installing: /home/samsung/go2_ws/src/go2_simulation/install/unitree_go/lib/python3.12/site-packages/unitree_go/unitree_go_s__rosidl_typesupport_fastrtps_c.so
[75.259s] -- Set non-toolchain portion of runtime path of "/home/samsung/go2_ws/src/go2_simulation/install/unitree_go/lib/python3.12/site-packages/unitree_go/unitree_go_s__rosidl_typesupport_fastrtps_c.so" to ""
[75.259s] -- Installing: /home/samsung/go2_ws/src/go2_simulation/install/unitree_go/lib/python3.12/site-packages/unitree_go/unitree_go_s__rosidl_typesupport_introspection_c.so
[75.260s] -- Set non-toolchain portion of runtime path of "/home/samsung/go2_ws/src/go2_simulation/install/unitree_go/lib/python3.12/site-packages/unitree_go/unitree_go_s__rosidl_typesupport_introspection_c.so" to ""
[75.260s] -- Installing: /home/samsung/go2_ws/src/go2_simulation/install/unitree_go/lib/python3.12/site-packages/unitree_go/unitree_go_s__rosidl_typesupport_c.so
[75.261s] -- Set non-toolchain portion of runtime path of "/home/samsung/go2_ws/src/go2_simulation/install/unitree_go/lib/python3.12/site-packages/unitree_go/unitree_go_s__rosidl_typesupport_c.so" to ""
[75.261s] -- Installing: /home/samsung/go2_ws/src/go2_simulation/install/unitree_go/lib/libunitree_go__rosidl_generator_py.so
[75.262s] -- Set non-toolchain portion of runtime path of "/home/samsung/go2_ws/src/go2_simulation/install/unitree_go/lib/libunitree_go__rosidl_generator_py.so" to ""
[75.262s] -- Installing: /home/samsung/go2_ws/src/go2_simulation/install/unitree_go/share/unitree_go/msg/AudioData.idl
[75.262s] -- Installing: /home/samsung/go2_ws/src/go2_simulation/install/unitree_go/share/unitree_go/msg/BmsCmd.idl
[75.262s] -- Installing: /home/samsung/go2_ws/src/go2_simulation/install/unitree_go/share/unitree_go/msg/BmsState.idl
[75.263s] -- Installing: /home/samsung/go2_ws/src/go2_simulation/install/unitree_go/share/unitree_go/msg/Error.idl
[75.263s] -- Installing: /home/samsung/go2_ws/src/go2_simulation/install/unitree_go/share/unitree_go/msg/HeightMap.idl
[75.263s] -- Installing: /home/samsung/go2_ws/src/go2_simulation/install/unitree_go/share/unitree_go/msg/IMUState.idl
[75.263s] -- Installing: /home/samsung/go2_ws/src/go2_simulation/install/unitree_go/share/unitree_go/msg/InterfaceConfig.idl
[75.264s] -- Installing: /home/samsung/go2_ws/src/go2_simulation/install/unitree_go/share/unitree_go/msg/LidarState.idl
[75.264s] -- Installing: /home/samsung/go2_ws/src/go2_simulation/install/unitree_go/share/unitree_go/msg/LowCmd.idl
[75.264s] -- Installing: /home/samsung/go2_ws/src/go2_simulation/install/unitree_go/share/unitree_go/msg/LowState.idl
[75.264s] -- Installing: /home/samsung/go2_ws/src/go2_simulation/install/unitree_go/share/unitree_go/msg/MotorCmd.idl
[75.265s] -- Installing: /home/samsung/go2_ws/src/go2_simulation/install/unitree_go/share/unitree_go/msg/MotorCmds.idl
[75.265s] -- Installing: /home/samsung/go2_ws/src/go2_simulation/install/unitree_go/share/unitree_go/msg/MotorState.idl
[75.265s] -- Installing: /home/samsung/go2_ws/src/go2_simulation/install/unitree_go/share/unitree_go/msg/MotorStates.idl
[75.266s] -- Installing: /home/samsung/go2_ws/src/go2_simulation/install/unitree_go/share/unitree_go/msg/PathPoint.idl
[75.266s] -- Installing: /home/samsung/go2_ws/src/go2_simulation/install/unitree_go/share/unitree_go/msg/Req.idl
[75.266s] -- Installing: /home/samsung/go2_ws/src/go2_simulation/install/unitree_go/share/unitree_go/msg/Res.idl
[75.267s] -- Installing: /home/samsung/go2_ws/src/go2_simulation/install/unitree_go/share/unitree_go/msg/SportModeCmd.idl
[75.267s] -- Installing: /home/samsung/go2_ws/src/go2_simulation/install/unitree_go/share/unitree_go/msg/SportModeState.idl
[75.267s] -- Installing: /home/samsung/go2_ws/src/go2_simulation/install/unitree_go/share/unitree_go/msg/TimeSpec.idl
[75.267s] -- Installing: /home/samsung/go2_ws/src/go2_simulation/install/unitree_go/share/unitree_go/msg/UwbState.idl
[75.268s] -- Installing: /home/samsung/go2_ws/src/go2_simulation/install/unitree_go/share/unitree_go/msg/UwbSwitch.idl
[75.268s] -- Installing: /home/samsung/go2_ws/src/go2_simulation/install/unitree_go/share/unitree_go/msg/WirelessController.idl
[75.268s] -- Installing: /home/samsung/go2_ws/src/go2_simulation/install/unitree_go/share/unitree_go/msg/AudioData.msg
[75.270s] -- Installing: /home/samsung/go2_ws/src/go2_simulation/install/unitree_go/share/unitree_go/msg/BmsCmd.msg
[75.270s] -- Installing: /home/samsung/go2_ws/src/go2_simulation/install/unitree_go/share/unitree_go/msg/BmsState.msg
[75.271s] -- Installing: /home/samsung/go2_ws/src/go2_simulation/install/unitree_go/share/unitree_go/msg/Error.msg
[75.271s] -- Installing: /home/samsung/go2_ws/src/go2_simulation/install/unitree_go/share/unitree_go/msg/HeightMap.msg
[75.272s] -- Installing: /home/samsung/go2_ws/src/go2_simulation/install/unitree_go/share/unitree_go/msg/IMUState.msg
[75.272s] -- Installing: /home/samsung/go2_ws/src/go2_simulation/install/unitree_go/share/unitree_go/msg/InterfaceConfig.msg
[75.272s] -- Installing: /home/samsung/go2_ws/src/go2_simulation/install/unitree_go/share/unitree_go/msg/LidarState.msg
[75.273s] -- Installing: /home/samsung/go2_ws/src/go2_simulation/install/unitree_go/share/unitree_go/msg/LowCmd.msg
[75.273s] -- Installing: /home/samsung/go2_ws/src/go2_simulation/install/unitree_go/share/unitree_go/msg/LowState.msg
[75.273s] -- Installing: /home/samsung/go2_ws/src/go2_simulation/install/unitree_go/share/unitree_go/msg/MotorCmd.msg
[75.274s] -- Installing: /home/samsung/go2_ws/src/go2_simulation/install/unitree_go/share/unitree_go/msg/MotorCmds.msg
[75.274s] -- Installing: /home/samsung/go2_ws/src/go2_simulation/install/unitree_go/share/unitree_go/msg/MotorState.msg
[75.274s] -- Installing: /home/samsung/go2_ws/src/go2_simulation/install/unitree_go/share/unitree_go/msg/MotorStates.msg
[75.275s] -- Installing: /home/samsung/go2_ws/src/go2_simulation/install/unitree_go/share/unitree_go/msg/PathPoint.msg
[75.275s] -- Installing: /home/samsung/go2_ws/src/go2_simulation/install/unitree_go/share/unitree_go/msg/Req.msg
[75.275s] -- Installing: /home/samsung/go2_ws/src/go2_simulation/install/unitree_go/share/unitree_go/msg/Res.msg
[75.276s] -- Installing: /home/samsung/go2_ws/src/go2_simulation/install/unitree_go/share/unitree_go/msg/SportModeCmd.msg
[75.276s] -- Installing: /home/samsung/go2_ws/src/go2_simulation/install/unitree_go/share/unitree_go/msg/SportModeState.msg
[75.276s] -- Installing: /home/samsung/go2_ws/src/go2_simulation/install/unitree_go/share/unitree_go/msg/TimeSpec.msg
[75.276s] -- Installing: /home/samsung/go2_ws/src/go2_simulation/install/unitree_go/share/unitree_go/msg/UwbState.msg
[75.277s] -- Installing: /home/samsung/go2_ws/src/go2_simulation/install/unitree_go/share/unitree_go/msg/UwbSwitch.msg
[75.277s] -- Installing: /home/samsung/go2_ws/src/go2_simulation/install/unitree_go/share/unitree_go/msg/WirelessController.msg
[75.277s] -- Installing: /home/samsung/go2_ws/src/go2_simulation/install/unitree_go/share/unitree_go/msg/dds_connext
[75.278s] -- Installing: /home/samsung/go2_ws/src/go2_simulation/install/unitree_go/share/unitree_go/msg/dds_connext/LowState_.idl
[75.278s] -- Installing: /home/samsung/go2_ws/src/go2_simulation/install/unitree_go/share/unitree_go/msg/dds_connext/MotorState_.idl
[75.278s] -- Installing: /home/samsung/go2_ws/src/go2_simulation/install/unitree_go/share/unitree_go/msg/dds_connext/UwbState_.idl
[75.278s] -- Installing: /home/samsung/go2_ws/src/go2_simulation/install/unitree_go/share/unitree_go/msg/dds_connext/WirelessController_.idl
[75.279s] -- Installing: /home/samsung/go2_ws/src/go2_simulation/install/unitree_go/share/unitree_go/msg/dds_connext/MotorCmd_.idl
[75.279s] -- Installing: /home/samsung/go2_ws/src/go2_simulation/install/unitree_go/share/unitree_go/msg/dds_connext/Req_.idl
[75.279s] -- Installing: /home/samsung/go2_ws/src/go2_simulation/install/unitree_go/share/unitree_go/msg/dds_connext/HeightMap_.idl
[75.279s] -- Installing: /home/samsung/go2_ws/src/go2_simulation/install/unitree_go/share/unitree_go/msg/dds_connext/BmsState_.idl
[75.279s] -- Installing: /home/samsung/go2_ws/src/go2_simulation/install/unitree_go/share/unitree_go/msg/dds_connext/BmsCmd_.idl
[75.280s] -- Installing: /home/samsung/go2_ws/src/go2_simulation/install/unitree_go/share/unitree_go/msg/dds_connext/MotorStates_.idl
[75.280s] -- Installing: /home/samsung/go2_ws/src/go2_simulation/install/unitree_go/share/unitree_go/msg/dds_connext/InterfaceConfig_.idl
[75.280s] -- Installing: /home/samsung/go2_ws/src/go2_simulation/install/unitree_go/share/unitree_go/msg/dds_connext/Error_.idl
[75.280s] -- Installing: /home/samsung/go2_ws/src/go2_simulation/install/unitree_go/share/unitree_go/msg/dds_connext/SportModeCmd_.idl
[75.281s] -- Installing: /home/samsung/go2_ws/src/go2_simulation/install/unitree_go/share/unitree_go/msg/dds_connext/LidarState_.idl
[75.281s] -- Installing: /home/samsung/go2_ws/src/go2_simulation/install/unitree_go/share/unitree_go/msg/dds_connext/IMUState_.idl
[75.281s] -- Installing: /home/samsung/go2_ws/src/go2_simulation/install/unitree_go/share/unitree_go/msg/dds_connext/SportModeState_.idl
[75.281s] -- Installing: /home/samsung/go2_ws/src/go2_simulation/install/unitree_go/share/unitree_go/msg/dds_connext/UwbSwitch_.idl
[75.282s] -- Installing: /home/samsung/go2_ws/src/go2_simulation/install/unitree_go/share/unitree_go/msg/dds_connext/LowCmd_.idl
[75.282s] -- Installing: /home/samsung/go2_ws/src/go2_simulation/install/unitree_go/share/unitree_go/msg/dds_connext/AudioData_.idl
[75.282s] -- Installing: /home/samsung/go2_ws/src/go2_simulation/install/unitree_go/share/unitree_go/msg/dds_connext/Res_.idl
[75.282s] -- Installing: /home/samsung/go2_ws/src/go2_simulation/install/unitree_go/share/unitree_go/msg/dds_connext/PathPoint_.idl
[75.283s] -- Installing: /home/samsung/go2_ws/src/go2_simulation/install/unitree_go/share/unitree_go/msg/dds_connext/MotorCmds_.idl
[75.283s] -- Installing: /home/samsung/go2_ws/src/go2_simulation/install/unitree_go/share/unitree_go/msg/dds_connext/TimeSpec_.idl
[75.283s] -- Installing: /home/samsung/go2_ws/src/go2_simulation/install/unitree_go/share/ament_index/resource_index/package_run_dependencies/unitree_go
[75.284s] -- Installing: /home/samsung/go2_ws/src/go2_simulation/install/unitree_go/share/ament_index/resource_index/parent_prefix_path/unitree_go
[75.284s] -- Installing: /home/samsung/go2_ws/src/go2_simulation/install/unitree_go/share/unitree_go/environment/ament_prefix_path.sh
[75.284s] -- Installing: /home/samsung/go2_ws/src/go2_simulation/install/unitree_go/share/unitree_go/environment/ament_prefix_path.dsv
[75.285s] -- Installing: /home/samsung/go2_ws/src/go2_simulation/install/unitree_go/share/unitree_go/environment/path.sh
[75.285s] -- Installing: /home/samsung/go2_ws/src/go2_simulation/install/unitree_go/share/unitree_go/environment/path.dsv
[75.285s] -- Installing: /home/samsung/go2_ws/src/go2_simulation/install/unitree_go/share/unitree_go/local_setup.bash
[75.286s] -- Installing: /home/samsung/go2_ws/src/go2_simulation/install/unitree_go/share/unitree_go/local_setup.sh
[75.286s] -- Installing: /home/samsung/go2_ws/src/go2_simulation/install/unitree_go/share/unitree_go/local_setup.zsh
[75.286s] -- Installing: /home/samsung/go2_ws/src/go2_simulation/install/unitree_go/share/unitree_go/local_setup.dsv
[75.287s] -- Installing: /home/samsung/go2_ws/src/go2_simulation/install/unitree_go/share/unitree_go/package.dsv
[75.287s] -- Installing: /home/samsung/go2_ws/src/go2_simulation/install/unitree_go/share/ament_index/resource_index/packages/unitree_go
[75.287s] -- Installing: /home/samsung/go2_ws/src/go2_simulation/install/unitree_go/share/unitree_go/cmake/export_unitree_go__rosidl_generator_cExport.cmake
[75.288s] -- Installing: /home/samsung/go2_ws/src/go2_simulation/install/unitree_go/share/unitree_go/cmake/export_unitree_go__rosidl_generator_cExport-noconfig.cmake
[75.288s] -- Installing: /home/samsung/go2_ws/src/go2_simulation/install/unitree_go/share/unitree_go/cmake/export_unitree_go__rosidl_typesupport_fastrtps_cExport.cmake
[75.288s] -- Installing: /home/samsung/go2_ws/src/go2_simulation/install/unitree_go/share/unitree_go/cmake/export_unitree_go__rosidl_typesupport_fastrtps_cExport-noconfig.cmake
[75.289s] -- Installing: /home/samsung/go2_ws/src/go2_simulation/install/unitree_go/share/unitree_go/cmake/export_unitree_go__rosidl_generator_cppExport.cmake
[75.289s] -- Installing: /home/samsung/go2_ws/src/go2_simulation/install/unitree_go/share/unitree_go/cmake/export_unitree_go__rosidl_typesupport_fastrtps_cppExport.cmake
[75.290s] -- Installing: /home/samsung/go2_ws/src/go2_simulation/install/unitree_go/share/unitree_go/cmake/export_unitree_go__rosidl_typesupport_fastrtps_cppExport-noconfig.cmake
[75.290s] -- Installing: /home/samsung/go2_ws/src/go2_simulation/install/unitree_go/share/unitree_go/cmake/unitree_go__rosidl_typesupport_introspection_cExport.cmake
[75.290s] -- Installing: /home/samsung/go2_ws/src/go2_simulation/install/unitree_go/share/unitree_go/cmake/unitree_go__rosidl_typesupport_introspection_cExport-noconfig.cmake
[75.291s] -- Installing: /home/samsung/go2_ws/src/go2_simulation/install/unitree_go/share/unitree_go/cmake/unitree_go__rosidl_typesupport_cExport.cmake
[75.291s] -- Installing: /home/samsung/go2_ws/src/go2_simulation/install/unitree_go/share/unitree_go/cmake/unitree_go__rosidl_typesupport_cExport-noconfig.cmake
[75.291s] -- Installing: /home/samsung/go2_ws/src/go2_simulation/install/unitree_go/share/unitree_go/cmake/unitree_go__rosidl_typesupport_introspection_cppExport.cmake
[75.292s] -- Installing: /home/samsung/go2_ws/src/go2_simulation/install/unitree_go/share/unitree_go/cmake/unitree_go__rosidl_typesupport_introspection_cppExport-noconfig.cmake
[75.292s] -- Installing: /home/samsung/go2_ws/src/go2_simulation/install/unitree_go/share/unitree_go/cmake/unitree_go__rosidl_typesupport_cppExport.cmake
[75.292s] -- Installing: /home/samsung/go2_ws/src/go2_simulation/install/unitree_go/share/unitree_go/cmake/unitree_go__rosidl_typesupport_cppExport-noconfig.cmake
[75.293s] -- Installing: /home/samsung/go2_ws/src/go2_simulation/install/unitree_go/share/unitree_go/cmake/export_unitree_go__rosidl_generator_pyExport.cmake
[75.293s] -- Installing: /home/samsung/go2_ws/src/go2_simulation/install/unitree_go/share/unitree_go/cmake/export_unitree_go__rosidl_generator_pyExport-noconfig.cmake
[75.294s] -- Installing: /home/samsung/go2_ws/src/go2_simulation/install/unitree_go/share/unitree_go/cmake/rosidl_cmake-extras.cmake
[75.294s] -- Installing: /home/samsung/go2_ws/src/go2_simulation/install/unitree_go/share/unitree_go/cmake/ament_cmake_export_dependencies-extras.cmake
[75.294s] -- Installing: /home/samsung/go2_ws/src/go2_simulation/install/unitree_go/share/unitree_go/cmake/ament_cmake_export_include_directories-extras.cmake
[75.294s] -- Installing: /home/samsung/go2_ws/src/go2_simulation/install/unitree_go/share/unitree_go/cmake/ament_cmake_export_libraries-extras.cmake
[75.295s] -- Installing: /home/samsung/go2_ws/src/go2_simulation/install/unitree_go/share/unitree_go/cmake/ament_cmake_export_targets-extras.cmake
[75.295s] -- Installing: /home/samsung/go2_ws/src/go2_simulation/install/unitree_go/share/unitree_go/cmake/rosidl_cmake_export_typesupport_targets-extras.cmake
[75.295s] -- Installing: /home/samsung/go2_ws/src/go2_simulation/install/unitree_go/share/unitree_go/cmake/rosidl_cmake_export_typesupport_libraries-extras.cmake
[75.296s] -- Installing: /home/samsung/go2_ws/src/go2_simulation/install/unitree_go/share/unitree_go/cmake/unitree_goConfig.cmake
[75.296s] -- Installing: /home/samsung/go2_ws/src/go2_simulation/install/unitree_go/share/unitree_go/cmake/unitree_goConfig-version.cmake
[75.297s] -- Installing: /home/samsung/go2_ws/src/go2_simulation/install/unitree_go/share/unitree_go/package.xml
[75.301s] Invoked command in '/home/samsung/go2_ws/src/go2_simulation/build/unitree_go' returned '0': CMAKE_PREFIX_PATH=${CMAKE_PREFIX_PATH}:/opt/ros/jazzy DEBUGINFOD_URLS=https://debuginfod.ubuntu.com /usr/bin/cmake --install /home/samsung/go2_ws/src/go2_simulation/build/unitree_go
