[0.027s] Invoking command in '/home/samsung/go2_ws/src/go2_simulation/build/go2_interfaces': CMAKE_PREFIX_PATH=${CMAKE_PREFIX_PATH}:/opt/ros/jazzy DEBUGINFOD_URLS=https://debuginfod.ubuntu.com /usr/bin/cmake /home/samsung/go2_ws/src/go2_simulation/go2_interfaces -DCMAKE_INSTALL_PREFIX=/home/samsung/go2_ws/src/go2_simulation/install/go2_interfaces
[0.176s] -- The C compiler identification is GNU 13.3.0
[0.329s] -- The CXX compiler identification is GNU 13.3.0
[0.382s] -- Detecting C compiler ABI info
[0.568s] -- Detecting C compiler ABI info - done
[0.613s] -- Check for working C compiler: /usr/bin/cc - skipped
[0.614s] -- Detecting C compile features
[0.616s] -- Detecting C compile features - done
[0.637s] -- Detecting CXX compiler ABI info
[0.849s] -- Detecting CXX compiler ABI info - done
[0.885s] -- Check for working CXX compiler: /usr/bin/c++ - skipped
[0.886s] -- Detecting CXX compile features
[0.888s] -- Detecting CXX compile features - done
[0.900s] -- Found ament_cmake: 2.5.4 (/opt/ros/jazzy/share/ament_cmake/cmake)
[1.231s] -- Found Python3: /usr/bin/python3 (found version "3.12.3") found components: Interpreter 
[1.613s] -- Found rosidl_default_generators: 1.6.0 (/opt/ros/jazzy/share/rosidl_default_generators/cmake)
[1.639s] -- Using all available rosidl_typesupport_c: rosidl_typesupport_fastrtps_c;rosidl_typesupport_introspection_c
[1.766s] -- Using all available rosidl_typesupport_cpp: rosidl_typesupport_fastrtps_cpp;rosidl_typesupport_introspection_cpp
[1.892s] -- Found rosidl_adapter: 4.6.6 (/opt/ros/jazzy/share/rosidl_adapter/cmake)
[3.363s] -- Found ament_cmake_ros: 0.12.0 (/opt/ros/jazzy/share/ament_cmake_ros/cmake)
[4.176s] -- Using all available rosidl_typesupport_c: rosidl_typesupport_fastrtps_c;rosidl_typesupport_introspection_c
[5.217s] -- Using all available rosidl_typesupport_cpp: rosidl_typesupport_fastrtps_cpp;rosidl_typesupport_introspection_cpp
[5.227s] -- Found python_cmake_module: 0.11.1 (/opt/ros/jazzy/share/python_cmake_module/cmake)
[5.480s] -- Found PythonExtra: /usr/bin/python3  
[6.359s] -- Found Python3: /usr/bin/python3 (found version "3.12.3") found components: Interpreter Development NumPy Development.Module Development.Embed 
[6.450s] -- Configuring done (6.4s)
[6.624s] -- Generating done (0.1s)
[6.652s] -- Build files have been written to: /home/samsung/go2_ws/src/go2_simulation/build/go2_interfaces
[6.667s] Invoked command in '/home/samsung/go2_ws/src/go2_simulation/build/go2_interfaces' returned '0': CMAKE_PREFIX_PATH=${CMAKE_PREFIX_PATH}:/opt/ros/jazzy DEBUGINFOD_URLS=https://debuginfod.ubuntu.com /usr/bin/cmake /home/samsung/go2_ws/src/go2_simulation/go2_interfaces -DCMAKE_INSTALL_PREFIX=/home/samsung/go2_ws/src/go2_simulation/install/go2_interfaces
[6.668s] Invoking command in '/home/samsung/go2_ws/src/go2_simulation/build/go2_interfaces': CMAKE_PREFIX_PATH=${CMAKE_PREFIX_PATH}:/opt/ros/jazzy DEBUGINFOD_URLS=https://debuginfod.ubuntu.com /usr/bin/cmake --build /home/samsung/go2_ws/src/go2_simulation/build/go2_interfaces -- -j8 -l8
[6.782s] [  0%] [34m[1mGenerating type hashes for ROS interfaces[0m
[6.795s] [  0%] Built target ament_cmake_python_copy_go2_interfaces
[7.183s] running egg_info
[7.184s] creating go2_interfaces.egg-info
[7.214s] writing go2_interfaces.egg-info/PKG-INFO
[7.215s] writing dependency_links to go2_interfaces.egg-info/dependency_links.txt
[7.215s] writing top-level names to go2_interfaces.egg-info/top_level.txt
[7.215s] writing manifest file 'go2_interfaces.egg-info/SOURCES.txt'
[7.307s] reading manifest file 'go2_interfaces.egg-info/SOURCES.txt'
[7.308s] writing manifest file 'go2_interfaces.egg-info/SOURCES.txt'
[7.366s] [  0%] Built target ament_cmake_python_build_go2_interfaces_egg
[8.168s] [  0%] Built target go2_interfaces__rosidl_generator_type_description
[8.188s] [  1%] [34m[1mGenerating C code for ROS interfaces[0m
[8.204s] [  1%] [34m[1mGenerating C++ code for ROS interfaces[0m
[11.122s] [  1%] Built target go2_interfaces__cpp
[12.309s] [  2%] [32mBuilding C object CMakeFiles/go2_interfaces__rosidl_generator_c.dir/rosidl_generator_c/go2_interfaces/msg/detail/bms_cmd__functions.c.o[0m
[12.317s] [  2%] [32mBuilding C object CMakeFiles/go2_interfaces__rosidl_generator_c.dir/rosidl_generator_c/go2_interfaces/msg/detail/bms_cmd__description.c.o[0m
[12.318s] [  2%] [32mBuilding C object CMakeFiles/go2_interfaces__rosidl_generator_c.dir/rosidl_generator_c/go2_interfaces/msg/detail/audio_data__description.c.o[0m
[12.322s] [  3%] [32mBuilding C object CMakeFiles/go2_interfaces__rosidl_generator_c.dir/rosidl_generator_c/go2_interfaces/msg/detail/audio_data__type_support.c.o[0m
[12.323s] [  3%] [32mBuilding C object CMakeFiles/go2_interfaces__rosidl_generator_c.dir/rosidl_generator_c/go2_interfaces/msg/detail/audio_data__functions.c.o[0m
[12.330s] [  3%] [32mBuilding C object CMakeFiles/go2_interfaces__rosidl_generator_c.dir/rosidl_generator_c/go2_interfaces/msg/detail/bms_cmd__type_support.c.o[0m
[12.335s] [  4%] [32mBuilding C object CMakeFiles/go2_interfaces__rosidl_generator_c.dir/rosidl_generator_c/go2_interfaces/msg/detail/bms_state__functions.c.o[0m
[12.344s] [  4%] [32mBuilding C object CMakeFiles/go2_interfaces__rosidl_generator_c.dir/rosidl_generator_c/go2_interfaces/msg/detail/bms_state__description.c.o[0m
[12.421s] [  4%] [32mBuilding C object CMakeFiles/go2_interfaces__rosidl_generator_c.dir/rosidl_generator_c/go2_interfaces/msg/detail/bms_state__type_support.c.o[0m
[12.486s] [  5%] [32mBuilding C object CMakeFiles/go2_interfaces__rosidl_generator_c.dir/rosidl_generator_c/go2_interfaces/msg/detail/error__functions.c.o[0m
[12.492s] [  5%] [32mBuilding C object CMakeFiles/go2_interfaces__rosidl_generator_c.dir/rosidl_generator_c/go2_interfaces/msg/detail/error__description.c.o[0m
[12.510s] [  5%] [32mBuilding C object CMakeFiles/go2_interfaces__rosidl_generator_c.dir/rosidl_generator_c/go2_interfaces/msg/detail/error__type_support.c.o[0m
[12.510s] [  6%] [32mBuilding C object CMakeFiles/go2_interfaces__rosidl_generator_c.dir/rosidl_generator_c/go2_interfaces/msg/detail/go2_front_video_data__description.c.o[0m
[12.521s] [  6%] [32mBuilding C object CMakeFiles/go2_interfaces__rosidl_generator_c.dir/rosidl_generator_c/go2_interfaces/msg/detail/go2_front_video_data__functions.c.o[0m
[12.521s] [  7%] [32mBuilding C object CMakeFiles/go2_interfaces__rosidl_generator_c.dir/rosidl_generator_c/go2_interfaces/msg/detail/height_map__description.c.o[0m
[12.536s] [  7%] [32mBuilding C object CMakeFiles/go2_interfaces__rosidl_generator_c.dir/rosidl_generator_c/go2_interfaces/msg/detail/go2_front_video_data__type_support.c.o[0m
[12.562s] [  7%] [32mBuilding C object CMakeFiles/go2_interfaces__rosidl_generator_c.dir/rosidl_generator_c/go2_interfaces/msg/detail/height_map__functions.c.o[0m
[12.650s] [  7%] [32mBuilding C object CMakeFiles/go2_interfaces__rosidl_generator_c.dir/rosidl_generator_c/go2_interfaces/msg/detail/height_map__type_support.c.o[0m
[12.669s] [  8%] [32mBuilding C object CMakeFiles/go2_interfaces__rosidl_generator_c.dir/rosidl_generator_c/go2_interfaces/msg/detail/imu_state__type_support.c.o[0m
[12.671s] [  9%] [32mBuilding C object CMakeFiles/go2_interfaces__rosidl_generator_c.dir/rosidl_generator_c/go2_interfaces/msg/detail/imu_state__description.c.o[0m
[12.675s] [  9%] [32mBuilding C object CMakeFiles/go2_interfaces__rosidl_generator_c.dir/rosidl_generator_c/go2_interfaces/msg/detail/imu_state__functions.c.o[0m
[12.688s] [  9%] [32mBuilding C object CMakeFiles/go2_interfaces__rosidl_generator_c.dir/rosidl_generator_c/go2_interfaces/msg/detail/interface_config__functions.c.o[0m
[12.697s] [  9%] [32mBuilding C object CMakeFiles/go2_interfaces__rosidl_generator_c.dir/rosidl_generator_c/go2_interfaces/msg/detail/interface_config__description.c.o[0m
[12.704s] [ 10%] [32mBuilding C object CMakeFiles/go2_interfaces__rosidl_generator_c.dir/rosidl_generator_c/go2_interfaces/msg/detail/interface_config__type_support.c.o[0m
[12.748s] [ 10%] [32mBuilding C object CMakeFiles/go2_interfaces__rosidl_generator_c.dir/rosidl_generator_c/go2_interfaces/msg/detail/lidar_state__description.c.o[0m
[12.765s] [ 10%] [32mBuilding C object CMakeFiles/go2_interfaces__rosidl_generator_c.dir/rosidl_generator_c/go2_interfaces/msg/detail/lidar_state__functions.c.o[0m
[12.812s] [ 10%] [32mBuilding C object CMakeFiles/go2_interfaces__rosidl_generator_c.dir/rosidl_generator_c/go2_interfaces/msg/detail/low_cmd__description.c.o[0m
[12.821s] [ 11%] [32mBuilding C object CMakeFiles/go2_interfaces__rosidl_generator_c.dir/rosidl_generator_c/go2_interfaces/msg/detail/lidar_state__type_support.c.o[0m
[12.824s] [ 12%] [32mBuilding C object CMakeFiles/go2_interfaces__rosidl_generator_c.dir/rosidl_generator_c/go2_interfaces/msg/detail/low_cmd__functions.c.o[0m
[12.846s] [ 12%] [32mBuilding C object CMakeFiles/go2_interfaces__rosidl_generator_c.dir/rosidl_generator_c/go2_interfaces/msg/detail/low_cmd__type_support.c.o[0m
[12.873s] [ 12%] [32mBuilding C object CMakeFiles/go2_interfaces__rosidl_generator_c.dir/rosidl_generator_c/go2_interfaces/msg/detail/low_state__description.c.o[0m
[12.888s] [ 13%] [32mBuilding C object CMakeFiles/go2_interfaces__rosidl_generator_c.dir/rosidl_generator_c/go2_interfaces/msg/detail/low_state__functions.c.o[0m
[12.924s] [ 13%] [32mBuilding C object CMakeFiles/go2_interfaces__rosidl_generator_c.dir/rosidl_generator_c/go2_interfaces/msg/detail/low_state__type_support.c.o[0m
[12.949s] [ 14%] [32mBuilding C object CMakeFiles/go2_interfaces__rosidl_generator_c.dir/rosidl_generator_c/go2_interfaces/msg/detail/motor_cmd__description.c.o[0m
[12.968s] [ 14%] [32mBuilding C object CMakeFiles/go2_interfaces__rosidl_generator_c.dir/rosidl_generator_c/go2_interfaces/msg/detail/motor_cmd__functions.c.o[0m
[12.985s] [ 14%] [32mBuilding C object CMakeFiles/go2_interfaces__rosidl_generator_c.dir/rosidl_generator_c/go2_interfaces/msg/detail/motor_cmd__type_support.c.o[0m
[13.004s] [ 15%] [32mBuilding C object CMakeFiles/go2_interfaces__rosidl_generator_c.dir/rosidl_generator_c/go2_interfaces/msg/detail/motor_cmds__description.c.o[0m
[13.012s] [ 15%] [32mBuilding C object CMakeFiles/go2_interfaces__rosidl_generator_c.dir/rosidl_generator_c/go2_interfaces/msg/detail/motor_cmds__functions.c.o[0m
[13.031s] [ 15%] [32mBuilding C object CMakeFiles/go2_interfaces__rosidl_generator_c.dir/rosidl_generator_c/go2_interfaces/msg/detail/motor_cmds__type_support.c.o[0m
[13.054s] [ 16%] [32mBuilding C object CMakeFiles/go2_interfaces__rosidl_generator_c.dir/rosidl_generator_c/go2_interfaces/msg/detail/motor_state__description.c.o[0m
[13.072s] [ 16%] [32mBuilding C object CMakeFiles/go2_interfaces__rosidl_generator_c.dir/rosidl_generator_c/go2_interfaces/msg/detail/motor_state__functions.c.o[0m
[13.100s] [ 16%] [32mBuilding C object CMakeFiles/go2_interfaces__rosidl_generator_c.dir/rosidl_generator_c/go2_interfaces/msg/detail/motor_states__description.c.o[0m
[13.102s] [ 17%] [32mBuilding C object CMakeFiles/go2_interfaces__rosidl_generator_c.dir/rosidl_generator_c/go2_interfaces/msg/detail/motor_state__type_support.c.o[0m
[13.168s] [ 17%] [32mBuilding C object CMakeFiles/go2_interfaces__rosidl_generator_c.dir/rosidl_generator_c/go2_interfaces/msg/detail/motor_states__functions.c.o[0m
[13.171s] [ 17%] [32mBuilding C object CMakeFiles/go2_interfaces__rosidl_generator_c.dir/rosidl_generator_c/go2_interfaces/msg/detail/path_point__description.c.o[0m
[13.172s] [ 18%] [32mBuilding C object CMakeFiles/go2_interfaces__rosidl_generator_c.dir/rosidl_generator_c/go2_interfaces/msg/detail/motor_states__type_support.c.o[0m
[13.228s] [ 18%] [32mBuilding C object CMakeFiles/go2_interfaces__rosidl_generator_c.dir/rosidl_generator_c/go2_interfaces/msg/detail/path_point__functions.c.o[0m
[13.230s] [ 19%] [32mBuilding C object CMakeFiles/go2_interfaces__rosidl_generator_c.dir/rosidl_generator_c/go2_interfaces/msg/detail/path_point__type_support.c.o[0m
[13.237s] [ 19%] [32mBuilding C object CMakeFiles/go2_interfaces__rosidl_generator_c.dir/rosidl_generator_c/go2_interfaces/msg/detail/req__description.c.o[0m
[13.260s] [ 20%] [32mBuilding C object CMakeFiles/go2_interfaces__rosidl_generator_c.dir/rosidl_generator_c/go2_interfaces/msg/detail/req__functions.c.o[0m
[13.274s] [ 20%] [32mBuilding C object CMakeFiles/go2_interfaces__rosidl_generator_c.dir/rosidl_generator_c/go2_interfaces/msg/detail/res__description.c.o[0m
[13.282s] [ 20%] [32mBuilding C object CMakeFiles/go2_interfaces__rosidl_generator_c.dir/rosidl_generator_c/go2_interfaces/msg/detail/req__type_support.c.o[0m
[13.315s] [ 20%] [32mBuilding C object CMakeFiles/go2_interfaces__rosidl_generator_c.dir/rosidl_generator_c/go2_interfaces/msg/detail/sport_mode_cmd__description.c.o[0m
[13.340s] [ 20%] [32mBuilding C object CMakeFiles/go2_interfaces__rosidl_generator_c.dir/rosidl_generator_c/go2_interfaces/msg/detail/res__type_support.c.o[0m
[13.343s] [ 21%] [32mBuilding C object CMakeFiles/go2_interfaces__rosidl_generator_c.dir/rosidl_generator_c/go2_interfaces/msg/detail/res__functions.c.o[0m
[13.385s] [ 22%] [32mBuilding C object CMakeFiles/go2_interfaces__rosidl_generator_c.dir/rosidl_generator_c/go2_interfaces/msg/detail/sport_mode_cmd__functions.c.o[0m
[13.431s] [ 23%] [32mBuilding C object CMakeFiles/go2_interfaces__rosidl_generator_c.dir/rosidl_generator_c/go2_interfaces/msg/detail/sport_mode_state__description.c.o[0m
[13.431s] [ 23%] [32mBuilding C object CMakeFiles/go2_interfaces__rosidl_generator_c.dir/rosidl_generator_c/go2_interfaces/msg/detail/sport_mode_cmd__type_support.c.o[0m
[13.436s] [ 23%] [32mBuilding C object CMakeFiles/go2_interfaces__rosidl_generator_c.dir/rosidl_generator_c/go2_interfaces/msg/detail/sport_mode_state__functions.c.o[0m
[13.437s] [ 23%] [32mBuilding C object CMakeFiles/go2_interfaces__rosidl_generator_c.dir/rosidl_generator_c/go2_interfaces/msg/detail/sport_mode_state__type_support.c.o[0m
[13.479s] [ 24%] [32mBuilding C object CMakeFiles/go2_interfaces__rosidl_generator_c.dir/rosidl_generator_c/go2_interfaces/msg/detail/time_spec__description.c.o[0m
[13.524s] [ 24%] [32mBuilding C object CMakeFiles/go2_interfaces__rosidl_generator_c.dir/rosidl_generator_c/go2_interfaces/msg/detail/time_spec__functions.c.o[0m
[13.561s] [ 24%] [32mBuilding C object CMakeFiles/go2_interfaces__rosidl_generator_c.dir/rosidl_generator_c/go2_interfaces/msg/detail/uwb_state__description.c.o[0m
[13.576s] [ 25%] [32mBuilding C object CMakeFiles/go2_interfaces__rosidl_generator_c.dir/rosidl_generator_c/go2_interfaces/msg/detail/time_spec__type_support.c.o[0m
[13.620s] [ 25%] [32mBuilding C object CMakeFiles/go2_interfaces__rosidl_generator_c.dir/rosidl_generator_c/go2_interfaces/msg/detail/uwb_state__functions.c.o[0m
[13.689s] [ 25%] [32mBuilding C object CMakeFiles/go2_interfaces__rosidl_generator_c.dir/rosidl_generator_c/go2_interfaces/msg/detail/uwb_switch__description.c.o[0m
[13.689s] [ 26%] [32mBuilding C object CMakeFiles/go2_interfaces__rosidl_generator_c.dir/rosidl_generator_c/go2_interfaces/msg/detail/uwb_state__type_support.c.o[0m
[13.696s] [ 26%] [32mBuilding C object CMakeFiles/go2_interfaces__rosidl_generator_c.dir/rosidl_generator_c/go2_interfaces/msg/detail/uwb_switch__functions.c.o[0m
[13.738s] [ 27%] [32mBuilding C object CMakeFiles/go2_interfaces__rosidl_generator_c.dir/rosidl_generator_c/go2_interfaces/msg/detail/uwb_switch__type_support.c.o[0m
[13.757s] [ 27%] [32mBuilding C object CMakeFiles/go2_interfaces__rosidl_generator_c.dir/rosidl_generator_c/go2_interfaces/msg/detail/wireless_controller__description.c.o[0m
[13.783s] [ 28%] [32mBuilding C object CMakeFiles/go2_interfaces__rosidl_generator_c.dir/rosidl_generator_c/go2_interfaces/msg/detail/wireless_controller__functions.c.o[0m
[13.851s] [ 28%] [32mBuilding C object CMakeFiles/go2_interfaces__rosidl_generator_c.dir/rosidl_generator_c/go2_interfaces/msg/detail/wireless_controller__type_support.c.o[0m
[13.982s] [ 28%] [32m[1mLinking C shared library libgo2_interfaces__rosidl_generator_c.so[0m
[14.118s] [ 28%] Built target go2_interfaces__rosidl_generator_c
[14.161s] [ 28%] [34m[1mGenerating C type support for eProsima Fast-RTPS[0m
[14.165s] [ 28%] [34m[1mGenerating C introspection for ROS interfaces[0m
[14.170s] [ 29%] [34m[1mGenerating C type support dispatch for ROS interfaces[0m
[14.177s] [ 29%] [34m[1mGenerating C++ type support dispatch for ROS interfaces[0m
[14.182s] [ 30%] [34m[1mGenerating C++ introspection for ROS interfaces[0m
[14.193s] [ 30%] [34m[1mGenerating C++ type support for eProsima Fast-RTPS[0m
[18.897s] [ 30%] [32mBuilding CXX object CMakeFiles/go2_interfaces__rosidl_typesupport_c.dir/rosidl_typesupport_c/go2_interfaces/msg/bms_cmd__type_support.cpp.o[0m
[18.906s] [ 30%] [32mBuilding CXX object CMakeFiles/go2_interfaces__rosidl_typesupport_c.dir/rosidl_typesupport_c/go2_interfaces/msg/audio_data__type_support.cpp.o[0m
[18.910s] [ 31%] [32mBuilding CXX object CMakeFiles/go2_interfaces__rosidl_typesupport_c.dir/rosidl_typesupport_c/go2_interfaces/msg/bms_state__type_support.cpp.o[0m
[19.136s] [ 31%] [32mBuilding CXX object CMakeFiles/go2_interfaces__rosidl_typesupport_c.dir/rosidl_typesupport_c/go2_interfaces/msg/go2_front_video_data__type_support.cpp.o[0m
[19.139s] [ 31%] [32mBuilding CXX object CMakeFiles/go2_interfaces__rosidl_typesupport_c.dir/rosidl_typesupport_c/go2_interfaces/msg/error__type_support.cpp.o[0m
[19.181s] [ 32%] [32mBuilding CXX object CMakeFiles/go2_interfaces__rosidl_typesupport_c.dir/rosidl_typesupport_c/go2_interfaces/msg/height_map__type_support.cpp.o[0m
[19.367s] [ 32%] [32mBuilding CXX object CMakeFiles/go2_interfaces__rosidl_typesupport_c.dir/rosidl_typesupport_c/go2_interfaces/msg/imu_state__type_support.cpp.o[0m
[19.453s] [ 33%] [32mBuilding CXX object CMakeFiles/go2_interfaces__rosidl_typesupport_c.dir/rosidl_typesupport_c/go2_interfaces/msg/interface_config__type_support.cpp.o[0m
[19.479s] [ 33%] [32mBuilding CXX object CMakeFiles/go2_interfaces__rosidl_typesupport_c.dir/rosidl_typesupport_c/go2_interfaces/msg/lidar_state__type_support.cpp.o[0m
[19.618s] [ 34%] [32mBuilding CXX object CMakeFiles/go2_interfaces__rosidl_typesupport_cpp.dir/rosidl_typesupport_cpp/go2_interfaces/msg/audio_data__type_support.cpp.o[0m
[19.711s] [ 34%] [32mBuilding CXX object CMakeFiles/go2_interfaces__rosidl_typesupport_c.dir/rosidl_typesupport_c/go2_interfaces/msg/low_cmd__type_support.cpp.o[0m
[19.756s] [ 34%] [32mBuilding CXX object CMakeFiles/go2_interfaces__rosidl_typesupport_cpp.dir/rosidl_typesupport_cpp/go2_interfaces/msg/bms_cmd__type_support.cpp.o[0m
[19.872s] [ 35%] [32mBuilding CXX object CMakeFiles/go2_interfaces__rosidl_typesupport_c.dir/rosidl_typesupport_c/go2_interfaces/msg/low_state__type_support.cpp.o[0m
[19.886s] [ 36%] [32mBuilding CXX object CMakeFiles/go2_interfaces__rosidl_typesupport_cpp.dir/rosidl_typesupport_cpp/go2_interfaces/msg/bms_state__type_support.cpp.o[0m
[20.082s] [ 36%] [32mBuilding CXX object CMakeFiles/go2_interfaces__rosidl_typesupport_c.dir/rosidl_typesupport_c/go2_interfaces/msg/motor_cmd__type_support.cpp.o[0m
[20.349s] [ 36%] [32mBuilding CXX object CMakeFiles/go2_interfaces__rosidl_typesupport_c.dir/rosidl_typesupport_c/go2_interfaces/msg/motor_cmds__type_support.cpp.o[0m
[20.680s] [ 37%] [32mBuilding CXX object CMakeFiles/go2_interfaces__rosidl_typesupport_c.dir/rosidl_typesupport_c/go2_interfaces/msg/motor_state__type_support.cpp.o[0m
[20.888s] [ 37%] [32mBuilding CXX object CMakeFiles/go2_interfaces__rosidl_typesupport_c.dir/rosidl_typesupport_c/go2_interfaces/msg/motor_states__type_support.cpp.o[0m
[21.166s] [ 38%] [32mBuilding CXX object CMakeFiles/go2_interfaces__rosidl_typesupport_c.dir/rosidl_typesupport_c/go2_interfaces/msg/path_point__type_support.cpp.o[0m
[21.196s] [ 38%] [32mBuilding CXX object CMakeFiles/go2_interfaces__rosidl_typesupport_cpp.dir/rosidl_typesupport_cpp/go2_interfaces/msg/error__type_support.cpp.o[0m
[21.487s] [ 38%] [32mBuilding CXX object CMakeFiles/go2_interfaces__rosidl_typesupport_c.dir/rosidl_typesupport_c/go2_interfaces/msg/req__type_support.cpp.o[0m
[21.581s] [ 38%] [32mBuilding C object CMakeFiles/go2_interfaces__rosidl_typesupport_introspection_c.dir/rosidl_typesupport_introspection_c/go2_interfaces/msg/detail/audio_data__type_support.c.o[0m
[21.690s] [ 39%] [32mBuilding C object CMakeFiles/go2_interfaces__rosidl_typesupport_introspection_c.dir/rosidl_typesupport_introspection_c/go2_interfaces/msg/detail/bms_cmd__type_support.c.o[0m
[21.776s] [ 39%] [32mBuilding CXX object CMakeFiles/go2_interfaces__rosidl_typesupport_c.dir/rosidl_typesupport_c/go2_interfaces/msg/res__type_support.cpp.o[0m
[21.856s] [ 40%] [32mBuilding CXX object CMakeFiles/go2_interfaces__rosidl_typesupport_c.dir/rosidl_typesupport_c/go2_interfaces/msg/sport_mode_cmd__type_support.cpp.o[0m
[21.967s] [ 40%] [32mBuilding C object CMakeFiles/go2_interfaces__rosidl_typesupport_introspection_c.dir/rosidl_typesupport_introspection_c/go2_interfaces/msg/detail/bms_state__type_support.c.o[0m
[21.997s] [ 40%] [32mBuilding CXX object CMakeFiles/go2_interfaces__rosidl_typesupport_cpp.dir/rosidl_typesupport_cpp/go2_interfaces/msg/go2_front_video_data__type_support.cpp.o[0m
[22.150s] [ 40%] [32mBuilding CXX object CMakeFiles/go2_interfaces__rosidl_typesupport_c.dir/rosidl_typesupport_c/go2_interfaces/msg/sport_mode_state__type_support.cpp.o[0m
[22.172s] [ 40%] [32mBuilding C object CMakeFiles/go2_interfaces__rosidl_typesupport_introspection_c.dir/rosidl_typesupport_introspection_c/go2_interfaces/msg/detail/error__type_support.c.o[0m
[22.241s] [ 40%] [32mBuilding CXX object CMakeFiles/go2_interfaces__rosidl_typesupport_introspection_cpp.dir/rosidl_typesupport_introspection_cpp/go2_interfaces/msg/detail/audio_data__type_support.cpp.o[0m
[22.293s] [ 41%] [32mBuilding CXX object CMakeFiles/go2_interfaces__rosidl_typesupport_introspection_cpp.dir/rosidl_typesupport_introspection_cpp/go2_interfaces/msg/detail/bms_cmd__type_support.cpp.o[0m
[22.418s] [ 42%] [32mBuilding C object CMakeFiles/go2_interfaces__rosidl_typesupport_introspection_c.dir/rosidl_typesupport_introspection_c/go2_interfaces/msg/detail/go2_front_video_data__type_support.c.o[0m
[22.430s] [ 42%] [32mBuilding CXX object CMakeFiles/go2_interfaces__rosidl_typesupport_c.dir/rosidl_typesupport_c/go2_interfaces/msg/time_spec__type_support.cpp.o[0m
[22.473s] [ 43%] [32mBuilding CXX object CMakeFiles/go2_interfaces__rosidl_typesupport_cpp.dir/rosidl_typesupport_cpp/go2_interfaces/msg/height_map__type_support.cpp.o[0m
[22.746s] [ 43%] [32mBuilding C object CMakeFiles/go2_interfaces__rosidl_typesupport_introspection_c.dir/rosidl_typesupport_introspection_c/go2_interfaces/msg/detail/height_map__type_support.c.o[0m
[22.751s] [ 44%] [32mBuilding CXX object CMakeFiles/go2_interfaces__rosidl_typesupport_c.dir/rosidl_typesupport_c/go2_interfaces/msg/uwb_state__type_support.cpp.o[0m
[23.042s] [ 45%] [32mBuilding C object CMakeFiles/go2_interfaces__rosidl_typesupport_introspection_c.dir/rosidl_typesupport_introspection_c/go2_interfaces/msg/detail/imu_state__type_support.c.o[0m
[23.087s] [ 45%] [32mBuilding CXX object CMakeFiles/go2_interfaces__rosidl_typesupport_c.dir/rosidl_typesupport_c/go2_interfaces/msg/uwb_switch__type_support.cpp.o[0m
[23.340s] [ 45%] [32mBuilding C object CMakeFiles/go2_interfaces__rosidl_typesupport_introspection_c.dir/rosidl_typesupport_introspection_c/go2_interfaces/msg/detail/interface_config__type_support.c.o[0m
[23.422s] [ 46%] [32mBuilding CXX object CMakeFiles/go2_interfaces__rosidl_typesupport_c.dir/rosidl_typesupport_c/go2_interfaces/msg/wireless_controller__type_support.cpp.o[0m
[23.632s] [ 46%] [32mBuilding C object CMakeFiles/go2_interfaces__rosidl_typesupport_introspection_c.dir/rosidl_typesupport_introspection_c/go2_interfaces/msg/detail/lidar_state__type_support.c.o[0m
[23.746s] [ 46%] [32m[1mLinking CXX shared library libgo2_interfaces__rosidl_typesupport_c.so[0m
[23.857s] [ 47%] [32mBuilding C object CMakeFiles/go2_interfaces__rosidl_typesupport_introspection_c.dir/rosidl_typesupport_introspection_c/go2_interfaces/msg/detail/low_cmd__type_support.c.o[0m
[24.020s] [ 47%] Built target go2_interfaces__rosidl_typesupport_c
[24.078s] [ 47%] [32mBuilding CXX object CMakeFiles/go2_interfaces__rosidl_typesupport_introspection_cpp.dir/rosidl_typesupport_introspection_cpp/go2_interfaces/msg/detail/bms_state__type_support.cpp.o[0m
[24.337s] [ 47%] [32mBuilding CXX object CMakeFiles/go2_interfaces__rosidl_typesupport_cpp.dir/rosidl_typesupport_cpp/go2_interfaces/msg/imu_state__type_support.cpp.o[0m
[24.361s] [ 47%] [32mBuilding C object CMakeFiles/go2_interfaces__rosidl_typesupport_introspection_c.dir/rosidl_typesupport_introspection_c/go2_interfaces/msg/detail/low_state__type_support.c.o[0m
[24.412s] [ 47%] [32mBuilding CXX object CMakeFiles/go2_interfaces__rosidl_typesupport_cpp.dir/rosidl_typesupport_cpp/go2_interfaces/msg/interface_config__type_support.cpp.o[0m
[24.555s] [ 47%] [32mBuilding CXX object CMakeFiles/go2_interfaces__rosidl_typesupport_fastrtps_cpp.dir/rosidl_typesupport_fastrtps_cpp/go2_interfaces/msg/detail/dds_fastrtps/audio_data__type_support.cpp.o[0m
[24.740s] [ 47%] [32mBuilding C object CMakeFiles/go2_interfaces__rosidl_typesupport_introspection_c.dir/rosidl_typesupport_introspection_c/go2_interfaces/msg/detail/motor_cmd__type_support.c.o[0m
[24.801s] [ 47%] [32mBuilding CXX object CMakeFiles/go2_interfaces__rosidl_typesupport_introspection_cpp.dir/rosidl_typesupport_introspection_cpp/go2_interfaces/msg/detail/error__type_support.cpp.o[0m
[24.877s] [ 48%] [32mBuilding CXX object CMakeFiles/go2_interfaces__rosidl_typesupport_cpp.dir/rosidl_typesupport_cpp/go2_interfaces/msg/lidar_state__type_support.cpp.o[0m
[25.035s] [ 49%] [32mBuilding CXX object CMakeFiles/go2_interfaces__rosidl_typesupport_fastrtps_c.dir/rosidl_typesupport_fastrtps_c/go2_interfaces/msg/detail/audio_data__type_support_c.cpp.o[0m
[25.055s] [ 50%] [32mBuilding C object CMakeFiles/go2_interfaces__rosidl_typesupport_introspection_c.dir/rosidl_typesupport_introspection_c/go2_interfaces/msg/detail/motor_cmds__type_support.c.o[0m
[25.348s] [ 50%] [32mBuilding C object CMakeFiles/go2_interfaces__rosidl_typesupport_introspection_c.dir/rosidl_typesupport_introspection_c/go2_interfaces/msg/detail/motor_state__type_support.c.o[0m
[25.628s] [ 51%] [32mBuilding C object CMakeFiles/go2_interfaces__rosidl_typesupport_introspection_c.dir/rosidl_typesupport_introspection_c/go2_interfaces/msg/detail/motor_states__type_support.c.o[0m
[25.801s] [ 51%] [32mBuilding C object CMakeFiles/go2_interfaces__rosidl_typesupport_introspection_c.dir/rosidl_typesupport_introspection_c/go2_interfaces/msg/detail/path_point__type_support.c.o[0m
[26.047s] [ 51%] [32mBuilding C object CMakeFiles/go2_interfaces__rosidl_typesupport_introspection_c.dir/rosidl_typesupport_introspection_c/go2_interfaces/msg/detail/req__type_support.c.o[0m
[26.183s] [ 52%] [32mBuilding CXX object CMakeFiles/go2_interfaces__rosidl_typesupport_introspection_cpp.dir/rosidl_typesupport_introspection_cpp/go2_interfaces/msg/detail/go2_front_video_data__type_support.cpp.o[0m
[26.299s] [ 53%] [32mBuilding C object CMakeFiles/go2_interfaces__rosidl_typesupport_introspection_c.dir/rosidl_typesupport_introspection_c/go2_interfaces/msg/detail/res__type_support.c.o[0m
[26.382s] [ 53%] [32mBuilding CXX object CMakeFiles/go2_interfaces__rosidl_typesupport_cpp.dir/rosidl_typesupport_cpp/go2_interfaces/msg/low_cmd__type_support.cpp.o[0m
[26.574s] [ 53%] [32mBuilding C object CMakeFiles/go2_interfaces__rosidl_typesupport_introspection_c.dir/rosidl_typesupport_introspection_c/go2_interfaces/msg/detail/sport_mode_cmd__type_support.c.o[0m
[26.771s] [ 54%] [32mBuilding CXX object CMakeFiles/go2_interfaces__rosidl_typesupport_fastrtps_cpp.dir/rosidl_typesupport_fastrtps_cpp/go2_interfaces/msg/detail/dds_fastrtps/bms_cmd__type_support.cpp.o[0m
[26.841s] [ 54%] [32mBuilding C object CMakeFiles/go2_interfaces__rosidl_typesupport_introspection_c.dir/rosidl_typesupport_introspection_c/go2_interfaces/msg/detail/sport_mode_state__type_support.c.o[0m
[27.117s] [ 55%] [32mBuilding C object CMakeFiles/go2_interfaces__rosidl_typesupport_introspection_c.dir/rosidl_typesupport_introspection_c/go2_interfaces/msg/detail/time_spec__type_support.c.o[0m
[27.294s] [ 55%] [32mBuilding C object CMakeFiles/go2_interfaces__rosidl_typesupport_introspection_c.dir/rosidl_typesupport_introspection_c/go2_interfaces/msg/detail/uwb_state__type_support.c.o[0m
[27.296s] [ 55%] [32mBuilding CXX object CMakeFiles/go2_interfaces__rosidl_typesupport_fastrtps_c.dir/rosidl_typesupport_fastrtps_c/go2_interfaces/msg/detail/bms_cmd__type_support_c.cpp.o[0m
[27.322s] [ 55%] [32mBuilding CXX object CMakeFiles/go2_interfaces__rosidl_typesupport_fastrtps_cpp.dir/rosidl_typesupport_fastrtps_cpp/go2_interfaces/msg/detail/dds_fastrtps/bms_state__type_support.cpp.o[0m
[27.609s] [ 56%] [32mBuilding C object CMakeFiles/go2_interfaces__rosidl_typesupport_introspection_c.dir/rosidl_typesupport_introspection_c/go2_interfaces/msg/detail/uwb_switch__type_support.c.o[0m
[27.790s] [ 56%] [32mBuilding C object CMakeFiles/go2_interfaces__rosidl_typesupport_introspection_c.dir/rosidl_typesupport_introspection_c/go2_interfaces/msg/detail/wireless_controller__type_support.c.o[0m
[27.969s] [ 56%] [32m[1mLinking C shared library libgo2_interfaces__rosidl_typesupport_introspection_c.so[0m
[28.188s] [ 57%] [32mBuilding CXX object CMakeFiles/go2_interfaces__rosidl_typesupport_cpp.dir/rosidl_typesupport_cpp/go2_interfaces/msg/low_state__type_support.cpp.o[0m
[28.349s] [ 57%] Built target go2_interfaces__rosidl_typesupport_introspection_c
[28.350s] [ 58%] [32mBuilding CXX object CMakeFiles/go2_interfaces__rosidl_typesupport_fastrtps_cpp.dir/rosidl_typesupport_fastrtps_cpp/go2_interfaces/msg/detail/dds_fastrtps/error__type_support.cpp.o[0m
[28.424s] [ 58%] [32mBuilding CXX object CMakeFiles/go2_interfaces__rosidl_typesupport_fastrtps_c.dir/rosidl_typesupport_fastrtps_c/go2_interfaces/msg/detail/bms_state__type_support_c.cpp.o[0m
[28.594s] [ 58%] [32mBuilding CXX object CMakeFiles/go2_interfaces__rosidl_typesupport_introspection_cpp.dir/rosidl_typesupport_introspection_cpp/go2_interfaces/msg/detail/height_map__type_support.cpp.o[0m
[29.302s] [ 58%] [32mBuilding CXX object CMakeFiles/go2_interfaces__rosidl_typesupport_introspection_cpp.dir/rosidl_typesupport_introspection_cpp/go2_interfaces/msg/detail/imu_state__type_support.cpp.o[0m
[29.922s] [ 58%] [32mBuilding CXX object CMakeFiles/go2_interfaces__rosidl_typesupport_cpp.dir/rosidl_typesupport_cpp/go2_interfaces/msg/motor_cmd__type_support.cpp.o[0m
[31.003s] [ 58%] [32mBuilding CXX object CMakeFiles/go2_interfaces__rosidl_typesupport_fastrtps_cpp.dir/rosidl_typesupport_fastrtps_cpp/go2_interfaces/msg/detail/dds_fastrtps/go2_front_video_data__type_support.cpp.o[0m
[31.078s] [ 59%] [32mBuilding CXX object CMakeFiles/go2_interfaces__rosidl_typesupport_introspection_cpp.dir/rosidl_typesupport_introspection_cpp/go2_interfaces/msg/detail/interface_config__type_support.cpp.o[0m
[31.745s] [ 60%] [32mBuilding CXX object CMakeFiles/go2_interfaces__rosidl_typesupport_fastrtps_c.dir/rosidl_typesupport_fastrtps_c/go2_interfaces/msg/detail/error__type_support_c.cpp.o[0m
[31.757s] [ 60%] [32mBuilding CXX object CMakeFiles/go2_interfaces__rosidl_typesupport_cpp.dir/rosidl_typesupport_cpp/go2_interfaces/msg/motor_cmds__type_support.cpp.o[0m
[31.810s] [ 60%] [32mBuilding CXX object CMakeFiles/go2_interfaces__rosidl_typesupport_fastrtps_cpp.dir/rosidl_typesupport_fastrtps_cpp/go2_interfaces/msg/detail/dds_fastrtps/height_map__type_support.cpp.o[0m
[31.875s] [ 60%] [32mBuilding CXX object CMakeFiles/go2_interfaces__rosidl_typesupport_introspection_cpp.dir/rosidl_typesupport_introspection_cpp/go2_interfaces/msg/detail/lidar_state__type_support.cpp.o[0m
[32.065s] [ 60%] [32mBuilding CXX object CMakeFiles/go2_interfaces__rosidl_typesupport_fastrtps_c.dir/rosidl_typesupport_fastrtps_c/go2_interfaces/msg/detail/go2_front_video_data__type_support_c.cpp.o[0m
[32.496s] [ 61%] [32mBuilding CXX object CMakeFiles/go2_interfaces__rosidl_typesupport_fastrtps_cpp.dir/rosidl_typesupport_fastrtps_cpp/go2_interfaces/msg/detail/dds_fastrtps/imu_state__type_support.cpp.o[0m
[33.558s] [ 62%] [32mBuilding CXX object CMakeFiles/go2_interfaces__rosidl_typesupport_introspection_cpp.dir/rosidl_typesupport_introspection_cpp/go2_interfaces/msg/detail/low_cmd__type_support.cpp.o[0m
[34.151s] [ 62%] [32mBuilding CXX object CMakeFiles/go2_interfaces__rosidl_typesupport_fastrtps_c.dir/rosidl_typesupport_fastrtps_c/go2_interfaces/msg/detail/height_map__type_support_c.cpp.o[0m
[34.285s] [ 63%] [32mBuilding CXX object CMakeFiles/go2_interfaces__rosidl_typesupport_cpp.dir/rosidl_typesupport_cpp/go2_interfaces/msg/motor_state__type_support.cpp.o[0m
[34.616s] [ 63%] [32mBuilding CXX object CMakeFiles/go2_interfaces__rosidl_typesupport_fastrtps_cpp.dir/rosidl_typesupport_fastrtps_cpp/go2_interfaces/msg/detail/dds_fastrtps/interface_config__type_support.cpp.o[0m
[34.703s] [ 64%] [32mBuilding CXX object CMakeFiles/go2_interfaces__rosidl_typesupport_fastrtps_c.dir/rosidl_typesupport_fastrtps_c/go2_interfaces/msg/detail/imu_state__type_support_c.cpp.o[0m
[35.337s] [ 64%] [32mBuilding CXX object CMakeFiles/go2_interfaces__rosidl_typesupport_cpp.dir/rosidl_typesupport_cpp/go2_interfaces/msg/motor_states__type_support.cpp.o[0m
[35.734s] [ 64%] [32mBuilding CXX object CMakeFiles/go2_interfaces__rosidl_typesupport_fastrtps_c.dir/rosidl_typesupport_fastrtps_c/go2_interfaces/msg/detail/interface_config__type_support_c.cpp.o[0m
[36.442s] [ 64%] [32mBuilding CXX object CMakeFiles/go2_interfaces__rosidl_typesupport_introspection_cpp.dir/rosidl_typesupport_introspection_cpp/go2_interfaces/msg/detail/low_state__type_support.cpp.o[0m
[36.818s] [ 64%] [32mBuilding CXX object CMakeFiles/go2_interfaces__rosidl_typesupport_introspection_cpp.dir/rosidl_typesupport_introspection_cpp/go2_interfaces/msg/detail/motor_cmd__type_support.cpp.o[0m
[37.074s] [ 64%] [32mBuilding CXX object CMakeFiles/go2_interfaces__rosidl_typesupport_fastrtps_cpp.dir/rosidl_typesupport_fastrtps_cpp/go2_interfaces/msg/detail/dds_fastrtps/lidar_state__type_support.cpp.o[0m
[37.093s] [ 64%] [32mBuilding CXX object CMakeFiles/go2_interfaces__rosidl_typesupport_cpp.dir/rosidl_typesupport_cpp/go2_interfaces/msg/path_point__type_support.cpp.o[0m
[38.287s] [ 65%] [32mBuilding CXX object CMakeFiles/go2_interfaces__rosidl_typesupport_cpp.dir/rosidl_typesupport_cpp/go2_interfaces/msg/req__type_support.cpp.o[0m
[38.523s] [ 65%] [32mBuilding CXX object CMakeFiles/go2_interfaces__rosidl_typesupport_cpp.dir/rosidl_typesupport_cpp/go2_interfaces/msg/res__type_support.cpp.o[0m
[38.644s] [ 66%] [32mBuilding CXX object CMakeFiles/go2_interfaces__rosidl_typesupport_introspection_cpp.dir/rosidl_typesupport_introspection_cpp/go2_interfaces/msg/detail/motor_cmds__type_support.cpp.o[0m
[38.731s] [ 67%] [32mBuilding CXX object CMakeFiles/go2_interfaces__rosidl_typesupport_fastrtps_c.dir/rosidl_typesupport_fastrtps_c/go2_interfaces/msg/detail/lidar_state__type_support_c.cpp.o[0m
[38.983s] [ 68%] [32mBuilding CXX object CMakeFiles/go2_interfaces__rosidl_typesupport_fastrtps_cpp.dir/rosidl_typesupport_fastrtps_cpp/go2_interfaces/msg/detail/dds_fastrtps/low_cmd__type_support.cpp.o[0m
[39.187s] [ 68%] [32mBuilding CXX object CMakeFiles/go2_interfaces__rosidl_typesupport_fastrtps_cpp.dir/rosidl_typesupport_fastrtps_cpp/go2_interfaces/msg/detail/dds_fastrtps/low_state__type_support.cpp.o[0m
[40.036s] [ 68%] [32mBuilding CXX object CMakeFiles/go2_interfaces__rosidl_typesupport_introspection_cpp.dir/rosidl_typesupport_introspection_cpp/go2_interfaces/msg/detail/motor_state__type_support.cpp.o[0m
[40.994s] [ 68%] [32mBuilding CXX object CMakeFiles/go2_interfaces__rosidl_typesupport_introspection_cpp.dir/rosidl_typesupport_introspection_cpp/go2_interfaces/msg/detail/motor_states__type_support.cpp.o[0m
[41.148s] [ 69%] [32mBuilding CXX object CMakeFiles/go2_interfaces__rosidl_typesupport_cpp.dir/rosidl_typesupport_cpp/go2_interfaces/msg/sport_mode_cmd__type_support.cpp.o[0m
[41.368s] [ 70%] [32mBuilding CXX object CMakeFiles/go2_interfaces__rosidl_typesupport_fastrtps_cpp.dir/rosidl_typesupport_fastrtps_cpp/go2_interfaces/msg/detail/dds_fastrtps/motor_cmd__type_support.cpp.o[0m
[41.850s] [ 70%] [32mBuilding CXX object CMakeFiles/go2_interfaces__rosidl_typesupport_fastrtps_c.dir/rosidl_typesupport_fastrtps_c/go2_interfaces/msg/detail/low_cmd__type_support_c.cpp.o[0m
[42.058s] [ 70%] [32mBuilding CXX object CMakeFiles/go2_interfaces__rosidl_typesupport_cpp.dir/rosidl_typesupport_cpp/go2_interfaces/msg/sport_mode_state__type_support.cpp.o[0m
[42.341s] [ 70%] [32mBuilding CXX object CMakeFiles/go2_interfaces__rosidl_typesupport_fastrtps_cpp.dir/rosidl_typesupport_fastrtps_cpp/go2_interfaces/msg/detail/dds_fastrtps/motor_cmds__type_support.cpp.o[0m
[42.951s] [ 70%] [32mBuilding CXX object CMakeFiles/go2_interfaces__rosidl_typesupport_cpp.dir/rosidl_typesupport_cpp/go2_interfaces/msg/time_spec__type_support.cpp.o[0m
[43.400s] [ 71%] [32mBuilding CXX object CMakeFiles/go2_interfaces__rosidl_typesupport_cpp.dir/rosidl_typesupport_cpp/go2_interfaces/msg/uwb_state__type_support.cpp.o[0m
[43.475s] [ 72%] [32mBuilding CXX object CMakeFiles/go2_interfaces__rosidl_typesupport_introspection_cpp.dir/rosidl_typesupport_introspection_cpp/go2_interfaces/msg/detail/path_point__type_support.cpp.o[0m
[43.627s] [ 72%] [32mBuilding CXX object CMakeFiles/go2_interfaces__rosidl_typesupport_introspection_cpp.dir/rosidl_typesupport_introspection_cpp/go2_interfaces/msg/detail/req__type_support.cpp.o[0m
[44.204s] [ 72%] [32mBuilding CXX object CMakeFiles/go2_interfaces__rosidl_typesupport_fastrtps_c.dir/rosidl_typesupport_fastrtps_c/go2_interfaces/msg/detail/low_state__type_support_c.cpp.o[0m
[44.323s] [ 72%] [32mBuilding CXX object CMakeFiles/go2_interfaces__rosidl_typesupport_fastrtps_cpp.dir/rosidl_typesupport_fastrtps_cpp/go2_interfaces/msg/detail/dds_fastrtps/motor_state__type_support.cpp.o[0m
[44.916s] [ 72%] [32mBuilding CXX object CMakeFiles/go2_interfaces__rosidl_typesupport_cpp.dir/rosidl_typesupport_cpp/go2_interfaces/msg/uwb_switch__type_support.cpp.o[0m
[45.954s] [ 73%] [32mBuilding CXX object CMakeFiles/go2_interfaces__rosidl_typesupport_introspection_cpp.dir/rosidl_typesupport_introspection_cpp/go2_interfaces/msg/detail/res__type_support.cpp.o[0m
[46.519s] [ 73%] [32mBuilding CXX object CMakeFiles/go2_interfaces__rosidl_typesupport_cpp.dir/rosidl_typesupport_cpp/go2_interfaces/msg/wireless_controller__type_support.cpp.o[0m
[46.828s] [ 73%] [32mBuilding CXX object CMakeFiles/go2_interfaces__rosidl_typesupport_fastrtps_cpp.dir/rosidl_typesupport_fastrtps_cpp/go2_interfaces/msg/detail/dds_fastrtps/path_point__type_support.cpp.o[0m
[46.890s] [ 73%] [32mBuilding CXX object CMakeFiles/go2_interfaces__rosidl_typesupport_fastrtps_c.dir/rosidl_typesupport_fastrtps_c/go2_interfaces/msg/detail/motor_cmds__type_support_c.cpp.o[0m
[47.745s] [ 73%] [32mBuilding CXX object CMakeFiles/go2_interfaces__rosidl_typesupport_introspection_cpp.dir/rosidl_typesupport_introspection_cpp/go2_interfaces/msg/detail/sport_mode_state__type_support.cpp.o[0m
[47.863s] [ 74%] [32m[1mLinking CXX shared library libgo2_interfaces__rosidl_typesupport_cpp.so[0m
[48.168s] [ 74%] Built target go2_interfaces__rosidl_typesupport_cpp
[48.439s] [ 75%] [32mBuilding CXX object CMakeFiles/go2_interfaces__rosidl_typesupport_fastrtps_c.dir/rosidl_typesupport_fastrtps_c/go2_interfaces/msg/detail/motor_cmd__type_support_c.cpp.o[0m
[48.908s] [ 75%] [32mBuilding CXX object CMakeFiles/go2_interfaces__rosidl_typesupport_introspection_cpp.dir/rosidl_typesupport_introspection_cpp/go2_interfaces/msg/detail/sport_mode_cmd__type_support.cpp.o[0m
[49.328s] [ 76%] [32mBuilding CXX object CMakeFiles/go2_interfaces__rosidl_typesupport_fastrtps_cpp.dir/rosidl_typesupport_fastrtps_cpp/go2_interfaces/msg/detail/dds_fastrtps/sport_mode_state__type_support.cpp.o[0m
[49.962s] [ 77%] [32mBuilding CXX object CMakeFiles/go2_interfaces__rosidl_typesupport_fastrtps_c.dir/rosidl_typesupport_fastrtps_c/go2_interfaces/msg/detail/motor_state__type_support_c.cpp.o[0m
[49.990s] [ 78%] [32mBuilding CXX object CMakeFiles/go2_interfaces__rosidl_typesupport_introspection_cpp.dir/rosidl_typesupport_introspection_cpp/go2_interfaces/msg/detail/time_spec__type_support.cpp.o[0m
[50.998s] [ 78%] [32mBuilding CXX object CMakeFiles/go2_interfaces__rosidl_typesupport_introspection_cpp.dir/rosidl_typesupport_introspection_cpp/go2_interfaces/msg/detail/uwb_state__type_support.cpp.o[0m
[51.059s] [ 78%] [32mBuilding CXX object CMakeFiles/go2_interfaces__rosidl_typesupport_fastrtps_cpp.dir/rosidl_typesupport_fastrtps_cpp/go2_interfaces/msg/detail/dds_fastrtps/time_spec__type_support.cpp.o[0m
[51.428s] [ 78%] [32mBuilding CXX object CMakeFiles/go2_interfaces__rosidl_typesupport_fastrtps_c.dir/rosidl_typesupport_fastrtps_c/go2_interfaces/msg/detail/motor_states__type_support_c.cpp.o[0m
[52.023s] [ 78%] [32mBuilding CXX object CMakeFiles/go2_interfaces__rosidl_typesupport_introspection_cpp.dir/rosidl_typesupport_introspection_cpp/go2_interfaces/msg/detail/uwb_switch__type_support.cpp.o[0m
[52.353s] [ 78%] [32mBuilding CXX object CMakeFiles/go2_interfaces__rosidl_typesupport_fastrtps_cpp.dir/rosidl_typesupport_fastrtps_cpp/go2_interfaces/msg/detail/dds_fastrtps/sport_mode_cmd__type_support.cpp.o[0m
[52.864s] [ 79%] [32mBuilding CXX object CMakeFiles/go2_interfaces__rosidl_typesupport_fastrtps_c.dir/rosidl_typesupport_fastrtps_c/go2_interfaces/msg/detail/req__type_support_c.cpp.o[0m
[52.961s] [ 80%] [32mBuilding CXX object CMakeFiles/go2_interfaces__rosidl_typesupport_introspection_cpp.dir/rosidl_typesupport_introspection_cpp/go2_interfaces/msg/detail/wireless_controller__type_support.cpp.o[0m
[53.585s] [ 80%] [32m[1mLinking CXX shared library libgo2_interfaces__rosidl_typesupport_introspection_cpp.so[0m
[53.783s] [ 80%] Built target go2_interfaces__rosidl_typesupport_introspection_cpp
[53.863s] [ 81%] [32mBuilding CXX object CMakeFiles/go2_interfaces__rosidl_typesupport_fastrtps_cpp.dir/rosidl_typesupport_fastrtps_cpp/go2_interfaces/msg/detail/dds_fastrtps/uwb_switch__type_support.cpp.o[0m
[54.147s] [ 81%] [32mBuilding CXX object CMakeFiles/go2_interfaces__rosidl_typesupport_fastrtps_c.dir/rosidl_typesupport_fastrtps_c/go2_interfaces/msg/detail/res__type_support_c.cpp.o[0m
[54.770s] [ 81%] [32mBuilding CXX object CMakeFiles/go2_interfaces__rosidl_typesupport_fastrtps_cpp.dir/rosidl_typesupport_fastrtps_cpp/go2_interfaces/msg/detail/dds_fastrtps/wireless_controller__type_support.cpp.o[0m
[55.619s] [ 81%] [32mBuilding CXX object CMakeFiles/go2_interfaces__rosidl_typesupport_fastrtps_c.dir/rosidl_typesupport_fastrtps_c/go2_interfaces/msg/detail/sport_mode_cmd__type_support_c.cpp.o[0m
[55.968s] [ 81%] [32mBuilding CXX object CMakeFiles/go2_interfaces__rosidl_typesupport_fastrtps_cpp.dir/rosidl_typesupport_fastrtps_cpp/go2_interfaces/msg/detail/dds_fastrtps/uwb_state__type_support.cpp.o[0m
[56.629s] [ 81%] [32mBuilding CXX object CMakeFiles/go2_interfaces__rosidl_typesupport_fastrtps_c.dir/rosidl_typesupport_fastrtps_c/go2_interfaces/msg/detail/time_spec__type_support_c.cpp.o[0m
[57.225s] [ 81%] [32mBuilding CXX object CMakeFiles/go2_interfaces__rosidl_typesupport_fastrtps_cpp.dir/rosidl_typesupport_fastrtps_cpp/go2_interfaces/msg/detail/dds_fastrtps/res__type_support.cpp.o[0m
[57.979s] [ 81%] [32mBuilding CXX object CMakeFiles/go2_interfaces__rosidl_typesupport_fastrtps_c.dir/rosidl_typesupport_fastrtps_c/go2_interfaces/msg/detail/uwb_switch__type_support_c.cpp.o[0m
[58.193s] [ 82%] [32mBuilding CXX object CMakeFiles/go2_interfaces__rosidl_typesupport_fastrtps_cpp.dir/rosidl_typesupport_fastrtps_cpp/go2_interfaces/msg/detail/dds_fastrtps/req__type_support.cpp.o[0m
[58.930s] [ 82%] [32mBuilding CXX object CMakeFiles/go2_interfaces__rosidl_typesupport_fastrtps_c.dir/rosidl_typesupport_fastrtps_c/go2_interfaces/msg/detail/wireless_controller__type_support_c.cpp.o[0m
[59.626s] [ 83%] [32mBuilding CXX object CMakeFiles/go2_interfaces__rosidl_typesupport_fastrtps_cpp.dir/rosidl_typesupport_fastrtps_cpp/go2_interfaces/msg/detail/dds_fastrtps/motor_states__type_support.cpp.o[0m
[59.835s] [ 84%] [32mBuilding CXX object CMakeFiles/go2_interfaces__rosidl_typesupport_fastrtps_c.dir/rosidl_typesupport_fastrtps_c/go2_interfaces/msg/detail/uwb_state__type_support_c.cpp.o[0m
[60.608s] [ 85%] [32m[1mLinking CXX shared library libgo2_interfaces__rosidl_typesupport_fastrtps_cpp.so[0m
[60.810s] [ 85%] Built target go2_interfaces__rosidl_typesupport_fastrtps_cpp
[61.026s] [ 86%] [32mBuilding CXX object CMakeFiles/go2_interfaces__rosidl_typesupport_fastrtps_c.dir/rosidl_typesupport_fastrtps_c/go2_interfaces/msg/detail/sport_mode_state__type_support_c.cpp.o[0m
[61.939s] [ 86%] [32mBuilding CXX object CMakeFiles/go2_interfaces__rosidl_typesupport_fastrtps_c.dir/rosidl_typesupport_fastrtps_c/go2_interfaces/msg/detail/path_point__type_support_c.cpp.o[0m
[62.811s] [ 87%] [32m[1mLinking CXX shared library libgo2_interfaces__rosidl_typesupport_fastrtps_c.so[0m
[62.993s] [ 87%] Built target go2_interfaces__rosidl_typesupport_fastrtps_c
[63.035s] [ 87%] Built target go2_interfaces
[63.076s] [ 87%] [34m[1mGenerating Python code for ROS interfaces[0m
[68.537s] [ 87%] Built target go2_interfaces__py
[68.577s] [ 87%] [32mBuilding C object CMakeFiles/go2_interfaces__rosidl_generator_py.dir/rosidl_generator_py/go2_interfaces/msg/_bms_state_s.c.o[0m
[68.577s] [ 87%] [32mBuilding C object CMakeFiles/go2_interfaces__rosidl_generator_py.dir/rosidl_generator_py/go2_interfaces/msg/_bms_cmd_s.c.o[0m
[68.583s] [ 88%] [32mBuilding C object CMakeFiles/go2_interfaces__rosidl_generator_py.dir/rosidl_generator_py/go2_interfaces/msg/_audio_data_s.c.o[0m
[68.794s] [ 88%] [32mBuilding C object CMakeFiles/go2_interfaces__rosidl_generator_py.dir/rosidl_generator_py/go2_interfaces/msg/_imu_state_s.c.o[0m
[68.795s] [ 88%] [32mBuilding C object CMakeFiles/go2_interfaces__rosidl_generator_py.dir/rosidl_generator_py/go2_interfaces/msg/_interface_config_s.c.o[0m
[68.863s] [ 89%] [32mBuilding C object CMakeFiles/go2_interfaces__rosidl_generator_py.dir/rosidl_generator_py/go2_interfaces/msg/_lidar_state_s.c.o[0m
[68.941s] [ 89%] [32mBuilding C object CMakeFiles/go2_interfaces__rosidl_generator_py.dir/rosidl_generator_py/go2_interfaces/msg/_low_cmd_s.c.o[0m
[69.031s] [ 89%] [32mBuilding C object CMakeFiles/go2_interfaces__rosidl_generator_py.dir/rosidl_generator_py/go2_interfaces/msg/_low_state_s.c.o[0m
[69.180s] [ 90%] [32mBuilding C object CMakeFiles/go2_interfaces__rosidl_generator_py.dir/rosidl_generator_py/go2_interfaces/msg/_motor_cmd_s.c.o[0m
[69.298s] [ 90%] [32mBuilding C object CMakeFiles/go2_interfaces__rosidl_generator_py.dir/rosidl_generator_py/go2_interfaces/msg/_motor_cmds_s.c.o[0m
[69.437s] [ 91%] [32mBuilding C object CMakeFiles/go2_interfaces__rosidl_generator_py.dir/rosidl_generator_py/go2_interfaces/msg/_motor_state_s.c.o[0m
[69.512s] [ 91%] [32mBuilding C object CMakeFiles/go2_interfaces__rosidl_generator_py.dir/rosidl_generator_py/go2_interfaces/msg/_motor_states_s.c.o[0m
[69.581s] [ 91%] [32mBuilding C object CMakeFiles/go2_interfaces__rosidl_generator_py.dir/rosidl_generator_py/go2_interfaces/msg/_path_point_s.c.o[0m
[69.624s] [ 92%] [32mBuilding C object CMakeFiles/go2_interfaces__rosidl_generator_py.dir/rosidl_generator_py/go2_interfaces/msg/_req_s.c.o[0m
[69.868s] [ 93%] [32mBuilding C object CMakeFiles/go2_interfaces__rosidl_generator_py.dir/rosidl_generator_py/go2_interfaces/msg/_height_map_s.c.o[0m
[69.875s] [ 93%] [32mBuilding C object CMakeFiles/go2_interfaces__rosidl_generator_py.dir/rosidl_generator_py/go2_interfaces/msg/_res_s.c.o[0m
[69.882s] [ 93%] [32mBuilding C object CMakeFiles/go2_interfaces__rosidl_generator_py.dir/rosidl_generator_py/go2_interfaces/msg/_sport_mode_cmd_s.c.o[0m
[69.930s] [ 94%] [32mBuilding C object CMakeFiles/go2_interfaces__rosidl_generator_py.dir/rosidl_generator_py/go2_interfaces/msg/_sport_mode_state_s.c.o[0m
[69.943s] [ 94%] [32mBuilding C object CMakeFiles/go2_interfaces__rosidl_generator_py.dir/rosidl_generator_py/go2_interfaces/msg/_time_spec_s.c.o[0m
[70.273s] [ 95%] [32mBuilding C object CMakeFiles/go2_interfaces__rosidl_generator_py.dir/rosidl_generator_py/go2_interfaces/msg/_uwb_state_s.c.o[0m
[70.280s] [ 95%] [32mBuilding C object CMakeFiles/go2_interfaces__rosidl_generator_py.dir/rosidl_generator_py/go2_interfaces/msg/_uwb_switch_s.c.o[0m
[70.288s] [ 95%] [32mBuilding C object CMakeFiles/go2_interfaces__rosidl_generator_py.dir/rosidl_generator_py/go2_interfaces/msg/_wireless_controller_s.c.o[0m
[70.330s] [ 95%] [32mBuilding C object CMakeFiles/go2_interfaces__rosidl_generator_py.dir/rosidl_generator_py/go2_interfaces/msg/_go2_front_video_data_s.c.o[0m
[70.365s] [ 96%] [32mBuilding C object CMakeFiles/go2_interfaces__rosidl_generator_py.dir/rosidl_generator_py/go2_interfaces/msg/_error_s.c.o[0m
[70.736s] [ 97%] [32m[1mLinking C shared library libgo2_interfaces__rosidl_generator_py.so[0m
[70.818s] [ 97%] Built target go2_interfaces__rosidl_generator_py
[70.859s] [ 98%] [32mBuilding C object CMakeFiles/go2_interfaces_s__rosidl_typesupport_c.dir/rosidl_generator_py/go2_interfaces/_go2_interfaces_s.ep.rosidl_typesupport_c.c.o[0m
[70.874s] [ 98%] [32mBuilding C object CMakeFiles/go2_interfaces_s__rosidl_typesupport_fastrtps_c.dir/rosidl_generator_py/go2_interfaces/_go2_interfaces_s.ep.rosidl_typesupport_fastrtps_c.c.o[0m
[70.874s] [ 98%] [32mBuilding C object CMakeFiles/go2_interfaces_s__rosidl_typesupport_introspection_c.dir/rosidl_generator_py/go2_interfaces/_go2_interfaces_s.ep.rosidl_typesupport_introspection_c.c.o[0m
[71.221s] [ 99%] [32m[1mLinking C shared module rosidl_generator_py/go2_interfaces/go2_interfaces_s__rosidl_typesupport_fastrtps_c.so[0m
[71.283s] [ 99%] Built target go2_interfaces_s__rosidl_typesupport_fastrtps_c
[71.364s] [ 99%] [32m[1mLinking C shared module rosidl_generator_py/go2_interfaces/go2_interfaces_s__rosidl_typesupport_c.so[0m
[71.382s] [100%] [32m[1mLinking C shared module rosidl_generator_py/go2_interfaces/go2_interfaces_s__rosidl_typesupport_introspection_c.so[0m
[71.422s] [100%] Built target go2_interfaces_s__rosidl_typesupport_c
[71.440s] [100%] Built target go2_interfaces_s__rosidl_typesupport_introspection_c
[71.464s] Invoked command in '/home/samsung/go2_ws/src/go2_simulation/build/go2_interfaces' returned '0': CMAKE_PREFIX_PATH=${CMAKE_PREFIX_PATH}:/opt/ros/jazzy DEBUGINFOD_URLS=https://debuginfod.ubuntu.com /usr/bin/cmake --build /home/samsung/go2_ws/src/go2_simulation/build/go2_interfaces -- -j8 -l8
[71.466s] Invoking command in '/home/samsung/go2_ws/src/go2_simulation/build/go2_interfaces': CMAKE_PREFIX_PATH=${CMAKE_PREFIX_PATH}:/opt/ros/jazzy DEBUGINFOD_URLS=https://debuginfod.ubuntu.com /usr/bin/cmake --install /home/samsung/go2_ws/src/go2_simulation/build/go2_interfaces
[71.482s] -- Install configuration: ""
[71.482s] -- Installing: /home/samsung/go2_ws/src/go2_simulation/install/go2_interfaces/share/ament_index/resource_index/rosidl_interfaces/go2_interfaces
[71.483s] -- Installing: /home/samsung/go2_ws/src/go2_simulation/install/go2_interfaces/share/go2_interfaces/msg/AudioData.json
[71.483s] -- Installing: /home/samsung/go2_ws/src/go2_simulation/install/go2_interfaces/share/go2_interfaces/msg/BmsCmd.json
[71.483s] -- Installing: /home/samsung/go2_ws/src/go2_simulation/install/go2_interfaces/share/go2_interfaces/msg/BmsState.json
[71.484s] -- Installing: /home/samsung/go2_ws/src/go2_simulation/install/go2_interfaces/share/go2_interfaces/msg/Error.json
[71.484s] -- Installing: /home/samsung/go2_ws/src/go2_simulation/install/go2_interfaces/share/go2_interfaces/msg/Go2FrontVideoData.json
[71.484s] -- Installing: /home/samsung/go2_ws/src/go2_simulation/install/go2_interfaces/share/go2_interfaces/msg/HeightMap.json
[71.485s] -- Installing: /home/samsung/go2_ws/src/go2_simulation/install/go2_interfaces/share/go2_interfaces/msg/IMUState.json
[71.485s] -- Installing: /home/samsung/go2_ws/src/go2_simulation/install/go2_interfaces/share/go2_interfaces/msg/InterfaceConfig.json
[71.485s] -- Installing: /home/samsung/go2_ws/src/go2_simulation/install/go2_interfaces/share/go2_interfaces/msg/LidarState.json
[71.486s] -- Installing: /home/samsung/go2_ws/src/go2_simulation/install/go2_interfaces/share/go2_interfaces/msg/LowCmd.json
[71.486s] -- Installing: /home/samsung/go2_ws/src/go2_simulation/install/go2_interfaces/share/go2_interfaces/msg/LowState.json
[71.486s] -- Installing: /home/samsung/go2_ws/src/go2_simulation/install/go2_interfaces/share/go2_interfaces/msg/MotorCmd.json
[71.487s] -- Installing: /home/samsung/go2_ws/src/go2_simulation/install/go2_interfaces/share/go2_interfaces/msg/MotorCmds.json
[71.487s] -- Installing: /home/samsung/go2_ws/src/go2_simulation/install/go2_interfaces/share/go2_interfaces/msg/MotorState.json
[71.487s] -- Installing: /home/samsung/go2_ws/src/go2_simulation/install/go2_interfaces/share/go2_interfaces/msg/MotorStates.json
[71.488s] -- Installing: /home/samsung/go2_ws/src/go2_simulation/install/go2_interfaces/share/go2_interfaces/msg/PathPoint.json
[71.488s] -- Installing: /home/samsung/go2_ws/src/go2_simulation/install/go2_interfaces/share/go2_interfaces/msg/Req.json
[71.488s] -- Installing: /home/samsung/go2_ws/src/go2_simulation/install/go2_interfaces/share/go2_interfaces/msg/Res.json
[71.489s] -- Installing: /home/samsung/go2_ws/src/go2_simulation/install/go2_interfaces/share/go2_interfaces/msg/SportModeCmd.json
[71.489s] -- Installing: /home/samsung/go2_ws/src/go2_simulation/install/go2_interfaces/share/go2_interfaces/msg/SportModeState.json
[71.489s] -- Installing: /home/samsung/go2_ws/src/go2_simulation/install/go2_interfaces/share/go2_interfaces/msg/TimeSpec.json
[71.490s] -- Installing: /home/samsung/go2_ws/src/go2_simulation/install/go2_interfaces/share/go2_interfaces/msg/UwbState.json
[71.490s] -- Installing: /home/samsung/go2_ws/src/go2_simulation/install/go2_interfaces/share/go2_interfaces/msg/UwbSwitch.json
[71.490s] -- Installing: /home/samsung/go2_ws/src/go2_simulation/install/go2_interfaces/share/go2_interfaces/msg/WirelessController.json
[71.491s] -- Installing: /home/samsung/go2_ws/src/go2_simulation/install/go2_interfaces/include/go2_interfaces/go2_interfaces
[71.491s] -- Installing: /home/samsung/go2_ws/src/go2_simulation/install/go2_interfaces/include/go2_interfaces/go2_interfaces/msg
[71.491s] -- Installing: /home/samsung/go2_ws/src/go2_simulation/install/go2_interfaces/include/go2_interfaces/go2_interfaces/msg/detail
[71.492s] -- Installing: /home/samsung/go2_ws/src/go2_simulation/install/go2_interfaces/include/go2_interfaces/go2_interfaces/msg/detail/height_map__struct.h
[71.492s] -- Installing: /home/samsung/go2_ws/src/go2_simulation/install/go2_interfaces/include/go2_interfaces/go2_interfaces/msg/detail/sport_mode_cmd__functions.c
[71.492s] -- Installing: /home/samsung/go2_ws/src/go2_simulation/install/go2_interfaces/include/go2_interfaces/go2_interfaces/msg/detail/time_spec__description.c
[71.493s] -- Installing: /home/samsung/go2_ws/src/go2_simulation/install/go2_interfaces/include/go2_interfaces/go2_interfaces/msg/detail/motor_state__type_support.c
[71.493s] -- Installing: /home/samsung/go2_ws/src/go2_simulation/install/go2_interfaces/include/go2_interfaces/go2_interfaces/msg/detail/imu_state__functions.c
[71.493s] -- Installing: /home/samsung/go2_ws/src/go2_simulation/install/go2_interfaces/include/go2_interfaces/go2_interfaces/msg/detail/req__type_support.c
[71.493s] -- Installing: /home/samsung/go2_ws/src/go2_simulation/install/go2_interfaces/include/go2_interfaces/go2_interfaces/msg/detail/go2_front_video_data__functions.h
[71.494s] -- Installing: /home/samsung/go2_ws/src/go2_simulation/install/go2_interfaces/include/go2_interfaces/go2_interfaces/msg/detail/error__description.c
[71.494s] -- Installing: /home/samsung/go2_ws/src/go2_simulation/install/go2_interfaces/include/go2_interfaces/go2_interfaces/msg/detail/imu_state__type_support.c
[71.494s] -- Installing: /home/samsung/go2_ws/src/go2_simulation/install/go2_interfaces/include/go2_interfaces/go2_interfaces/msg/detail/audio_data__functions.c
[71.495s] -- Installing: /home/samsung/go2_ws/src/go2_simulation/install/go2_interfaces/include/go2_interfaces/go2_interfaces/msg/detail/error__functions.h
[71.495s] -- Installing: /home/samsung/go2_ws/src/go2_simulation/install/go2_interfaces/include/go2_interfaces/go2_interfaces/msg/detail/audio_data__type_support.h
[71.495s] -- Installing: /home/samsung/go2_ws/src/go2_simulation/install/go2_interfaces/include/go2_interfaces/go2_interfaces/msg/detail/uwb_switch__description.c
[71.495s] -- Installing: /home/samsung/go2_ws/src/go2_simulation/install/go2_interfaces/include/go2_interfaces/go2_interfaces/msg/detail/bms_state__functions.c
[71.496s] -- Installing: /home/samsung/go2_ws/src/go2_simulation/install/go2_interfaces/include/go2_interfaces/go2_interfaces/msg/detail/wireless_controller__struct.h
[71.496s] -- Installing: /home/samsung/go2_ws/src/go2_simulation/install/go2_interfaces/include/go2_interfaces/go2_interfaces/msg/detail/height_map__description.c
[71.496s] -- Installing: /home/samsung/go2_ws/src/go2_simulation/install/go2_interfaces/include/go2_interfaces/go2_interfaces/msg/detail/motor_state__functions.h
[71.497s] -- Installing: /home/samsung/go2_ws/src/go2_simulation/install/go2_interfaces/include/go2_interfaces/go2_interfaces/msg/detail/interface_config__type_support.c
[71.497s] -- Installing: /home/samsung/go2_ws/src/go2_simulation/install/go2_interfaces/include/go2_interfaces/go2_interfaces/msg/detail/bms_state__functions.h
[71.497s] -- Installing: /home/samsung/go2_ws/src/go2_simulation/install/go2_interfaces/include/go2_interfaces/go2_interfaces/msg/detail/audio_data__struct.h
[71.498s] -- Installing: /home/samsung/go2_ws/src/go2_simulation/install/go2_interfaces/include/go2_interfaces/go2_interfaces/msg/detail/lidar_state__functions.h
[71.498s] -- Installing: /home/samsung/go2_ws/src/go2_simulation/install/go2_interfaces/include/go2_interfaces/go2_interfaces/msg/detail/motor_states__type_support.h
[71.498s] -- Installing: /home/samsung/go2_ws/src/go2_simulation/install/go2_interfaces/include/go2_interfaces/go2_interfaces/msg/detail/imu_state__functions.h
[71.498s] -- Installing: /home/samsung/go2_ws/src/go2_simulation/install/go2_interfaces/include/go2_interfaces/go2_interfaces/msg/detail/bms_state__description.c
[71.499s] -- Installing: /home/samsung/go2_ws/src/go2_simulation/install/go2_interfaces/include/go2_interfaces/go2_interfaces/msg/detail/go2_front_video_data__functions.c
[71.499s] -- Installing: /home/samsung/go2_ws/src/go2_simulation/install/go2_interfaces/include/go2_interfaces/go2_interfaces/msg/detail/error__type_support.c
[71.499s] -- Installing: /home/samsung/go2_ws/src/go2_simulation/install/go2_interfaces/include/go2_interfaces/go2_interfaces/msg/detail/lidar_state__description.c
[71.500s] -- Installing: /home/samsung/go2_ws/src/go2_simulation/install/go2_interfaces/include/go2_interfaces/go2_interfaces/msg/detail/audio_data__type_support.c
[71.500s] -- Installing: /home/samsung/go2_ws/src/go2_simulation/install/go2_interfaces/include/go2_interfaces/go2_interfaces/msg/detail/low_state__struct.h
[71.500s] -- Installing: /home/samsung/go2_ws/src/go2_simulation/install/go2_interfaces/include/go2_interfaces/go2_interfaces/msg/detail/go2_front_video_data__description.c
[71.501s] -- Installing: /home/samsung/go2_ws/src/go2_simulation/install/go2_interfaces/include/go2_interfaces/go2_interfaces/msg/detail/path_point__struct.h
[71.501s] -- Installing: /home/samsung/go2_ws/src/go2_simulation/install/go2_interfaces/include/go2_interfaces/go2_interfaces/msg/detail/imu_state__description.c
[71.501s] -- Installing: /home/samsung/go2_ws/src/go2_simulation/install/go2_interfaces/include/go2_interfaces/go2_interfaces/msg/detail/motor_state__description.c
[71.501s] -- Installing: /home/samsung/go2_ws/src/go2_simulation/install/go2_interfaces/include/go2_interfaces/go2_interfaces/msg/detail/motor_cmd__functions.c
[71.502s] -- Installing: /home/samsung/go2_ws/src/go2_simulation/install/go2_interfaces/include/go2_interfaces/go2_interfaces/msg/detail/imu_state__type_support.h
[71.502s] -- Installing: /home/samsung/go2_ws/src/go2_simulation/install/go2_interfaces/include/go2_interfaces/go2_interfaces/msg/detail/time_spec__functions.h
[71.502s] -- Installing: /home/samsung/go2_ws/src/go2_simulation/install/go2_interfaces/include/go2_interfaces/go2_interfaces/msg/detail/low_cmd__struct.h
[71.503s] -- Installing: /home/samsung/go2_ws/src/go2_simulation/install/go2_interfaces/include/go2_interfaces/go2_interfaces/msg/detail/interface_config__functions.h
[71.503s] -- Installing: /home/samsung/go2_ws/src/go2_simulation/install/go2_interfaces/include/go2_interfaces/go2_interfaces/msg/detail/req__functions.c
[71.503s] -- Installing: /home/samsung/go2_ws/src/go2_simulation/install/go2_interfaces/include/go2_interfaces/go2_interfaces/msg/detail/low_cmd__type_support.c
[71.504s] -- Installing: /home/samsung/go2_ws/src/go2_simulation/install/go2_interfaces/include/go2_interfaces/go2_interfaces/msg/detail/interface_config__struct.h
[71.504s] -- Installing: /home/samsung/go2_ws/src/go2_simulation/install/go2_interfaces/include/go2_interfaces/go2_interfaces/msg/detail/interface_config__type_support.h
[71.504s] -- Installing: /home/samsung/go2_ws/src/go2_simulation/install/go2_interfaces/include/go2_interfaces/go2_interfaces/msg/detail/time_spec__struct.h
[71.504s] -- Installing: /home/samsung/go2_ws/src/go2_simulation/install/go2_interfaces/include/go2_interfaces/go2_interfaces/msg/detail/uwb_state__type_support.c
[71.505s] -- Installing: /home/samsung/go2_ws/src/go2_simulation/install/go2_interfaces/include/go2_interfaces/go2_interfaces/msg/detail/low_cmd__type_support.h
[71.505s] -- Installing: /home/samsung/go2_ws/src/go2_simulation/install/go2_interfaces/include/go2_interfaces/go2_interfaces/msg/detail/path_point__description.c
[71.505s] -- Installing: /home/samsung/go2_ws/src/go2_simulation/install/go2_interfaces/include/go2_interfaces/go2_interfaces/msg/detail/motor_cmd__description.c
[71.506s] -- Installing: /home/samsung/go2_ws/src/go2_simulation/install/go2_interfaces/include/go2_interfaces/go2_interfaces/msg/detail/motor_cmds__type_support.c
[71.506s] -- Installing: /home/samsung/go2_ws/src/go2_simulation/install/go2_interfaces/include/go2_interfaces/go2_interfaces/msg/detail/height_map__functions.c
[71.506s] -- Installing: /home/samsung/go2_ws/src/go2_simulation/install/go2_interfaces/include/go2_interfaces/go2_interfaces/msg/detail/audio_data__description.c
[71.506s] -- Installing: /home/samsung/go2_ws/src/go2_simulation/install/go2_interfaces/include/go2_interfaces/go2_interfaces/msg/detail/height_map__type_support.c
[71.507s] -- Installing: /home/samsung/go2_ws/src/go2_simulation/install/go2_interfaces/include/go2_interfaces/go2_interfaces/msg/detail/uwb_switch__functions.c
[71.507s] -- Installing: /home/samsung/go2_ws/src/go2_simulation/install/go2_interfaces/include/go2_interfaces/go2_interfaces/msg/detail/res__functions.c
[71.507s] -- Installing: /home/samsung/go2_ws/src/go2_simulation/install/go2_interfaces/include/go2_interfaces/go2_interfaces/msg/detail/sport_mode_state__type_support.h
[71.508s] -- Installing: /home/samsung/go2_ws/src/go2_simulation/install/go2_interfaces/include/go2_interfaces/go2_interfaces/msg/detail/motor_cmd__struct.h
[71.508s] -- Installing: /home/samsung/go2_ws/src/go2_simulation/install/go2_interfaces/include/go2_interfaces/go2_interfaces/msg/detail/bms_state__type_support.c
[71.508s] -- Installing: /home/samsung/go2_ws/src/go2_simulation/install/go2_interfaces/include/go2_interfaces/go2_interfaces/msg/detail/low_state__type_support.h
[71.508s] -- Installing: /home/samsung/go2_ws/src/go2_simulation/install/go2_interfaces/include/go2_interfaces/go2_interfaces/msg/detail/lidar_state__type_support.c
[71.509s] -- Installing: /home/samsung/go2_ws/src/go2_simulation/install/go2_interfaces/include/go2_interfaces/go2_interfaces/msg/detail/req__type_support.h
[71.509s] -- Installing: /home/samsung/go2_ws/src/go2_simulation/install/go2_interfaces/include/go2_interfaces/go2_interfaces/msg/detail/time_spec__type_support.h
[71.509s] -- Installing: /home/samsung/go2_ws/src/go2_simulation/install/go2_interfaces/include/go2_interfaces/go2_interfaces/msg/detail/sport_mode_cmd__type_support.c
[71.510s] -- Installing: /home/samsung/go2_ws/src/go2_simulation/install/go2_interfaces/include/go2_interfaces/go2_interfaces/msg/detail/bms_state__type_support.h
[71.510s] -- Installing: /home/samsung/go2_ws/src/go2_simulation/install/go2_interfaces/include/go2_interfaces/go2_interfaces/msg/detail/uwb_state__description.c
[71.510s] -- Installing: /home/samsung/go2_ws/src/go2_simulation/install/go2_interfaces/include/go2_interfaces/go2_interfaces/msg/detail/path_point__functions.c
[71.511s] -- Installing: /home/samsung/go2_ws/src/go2_simulation/install/go2_interfaces/include/go2_interfaces/go2_interfaces/msg/detail/go2_front_video_data__struct.h
[71.511s] -- Installing: /home/samsung/go2_ws/src/go2_simulation/install/go2_interfaces/include/go2_interfaces/go2_interfaces/msg/detail/bms_cmd__functions.h
[71.511s] -- Installing: /home/samsung/go2_ws/src/go2_simulation/install/go2_interfaces/include/go2_interfaces/go2_interfaces/msg/detail/req__description.c
[71.511s] -- Installing: /home/samsung/go2_ws/src/go2_simulation/install/go2_interfaces/include/go2_interfaces/go2_interfaces/msg/detail/bms_cmd__struct.h
[71.512s] -- Installing: /home/samsung/go2_ws/src/go2_simulation/install/go2_interfaces/include/go2_interfaces/go2_interfaces/msg/detail/low_state__functions.c
[71.512s] -- Installing: /home/samsung/go2_ws/src/go2_simulation/install/go2_interfaces/include/go2_interfaces/go2_interfaces/msg/detail/uwb_switch__type_support.c
[71.512s] -- Installing: /home/samsung/go2_ws/src/go2_simulation/install/go2_interfaces/include/go2_interfaces/go2_interfaces/msg/detail/res__struct.h
[71.513s] -- Installing: /home/samsung/go2_ws/src/go2_simulation/install/go2_interfaces/include/go2_interfaces/go2_interfaces/msg/detail/motor_cmds__type_support.h
[71.513s] -- Installing: /home/samsung/go2_ws/src/go2_simulation/install/go2_interfaces/include/go2_interfaces/go2_interfaces/msg/detail/sport_mode_state__functions.h
[71.513s] -- Installing: /home/samsung/go2_ws/src/go2_simulation/install/go2_interfaces/include/go2_interfaces/go2_interfaces/msg/detail/interface_config__description.c
[71.513s] -- Installing: /home/samsung/go2_ws/src/go2_simulation/install/go2_interfaces/include/go2_interfaces/go2_interfaces/msg/detail/bms_state__struct.h
[71.514s] -- Installing: /home/samsung/go2_ws/src/go2_simulation/install/go2_interfaces/include/go2_interfaces/go2_interfaces/msg/detail/lidar_state__functions.c
[71.514s] -- Installing: /home/samsung/go2_ws/src/go2_simulation/install/go2_interfaces/include/go2_interfaces/go2_interfaces/msg/detail/wireless_controller__description.c
[71.514s] -- Installing: /home/samsung/go2_ws/src/go2_simulation/install/go2_interfaces/include/go2_interfaces/go2_interfaces/msg/detail/lidar_state__struct.h
[71.514s] -- Installing: /home/samsung/go2_ws/src/go2_simulation/install/go2_interfaces/include/go2_interfaces/go2_interfaces/msg/detail/motor_cmds__struct.h
[71.515s] -- Installing: /home/samsung/go2_ws/src/go2_simulation/install/go2_interfaces/include/go2_interfaces/go2_interfaces/msg/detail/res__type_support.c
[71.515s] -- Installing: /home/samsung/go2_ws/src/go2_simulation/install/go2_interfaces/include/go2_interfaces/go2_interfaces/msg/detail/motor_states__description.c
[71.515s] -- Installing: /home/samsung/go2_ws/src/go2_simulation/install/go2_interfaces/include/go2_interfaces/go2_interfaces/msg/detail/motor_cmds__functions.c
[71.515s] -- Installing: /home/samsung/go2_ws/src/go2_simulation/install/go2_interfaces/include/go2_interfaces/go2_interfaces/msg/detail/bms_cmd__functions.c
[71.516s] -- Installing: /home/samsung/go2_ws/src/go2_simulation/install/go2_interfaces/include/go2_interfaces/go2_interfaces/msg/detail/lidar_state__type_support.h
[71.516s] -- Installing: /home/samsung/go2_ws/src/go2_simulation/install/go2_interfaces/include/go2_interfaces/go2_interfaces/msg/detail/sport_mode_state__type_support.c
[71.516s] -- Installing: /home/samsung/go2_ws/src/go2_simulation/install/go2_interfaces/include/go2_interfaces/go2_interfaces/msg/detail/path_point__type_support.c
[71.516s] -- Installing: /home/samsung/go2_ws/src/go2_simulation/install/go2_interfaces/include/go2_interfaces/go2_interfaces/msg/detail/uwb_switch__type_support.h
[71.517s] -- Installing: /home/samsung/go2_ws/src/go2_simulation/install/go2_interfaces/include/go2_interfaces/go2_interfaces/msg/detail/low_cmd__description.c
[71.517s] -- Installing: /home/samsung/go2_ws/src/go2_simulation/install/go2_interfaces/include/go2_interfaces/go2_interfaces/msg/detail/req__struct.h
[71.517s] -- Installing: /home/samsung/go2_ws/src/go2_simulation/install/go2_interfaces/include/go2_interfaces/go2_interfaces/msg/detail/sport_mode_state__description.c
[71.518s] -- Installing: /home/samsung/go2_ws/src/go2_simulation/install/go2_interfaces/include/go2_interfaces/go2_interfaces/msg/detail/req__functions.h
[71.518s] -- Installing: /home/samsung/go2_ws/src/go2_simulation/install/go2_interfaces/include/go2_interfaces/go2_interfaces/msg/detail/sport_mode_cmd__description.c
[71.518s] -- Installing: /home/samsung/go2_ws/src/go2_simulation/install/go2_interfaces/include/go2_interfaces/go2_interfaces/msg/detail/wireless_controller__functions.h
[71.518s] -- Installing: /home/samsung/go2_ws/src/go2_simulation/install/go2_interfaces/include/go2_interfaces/go2_interfaces/msg/detail/motor_state__functions.c
[71.519s] -- Installing: /home/samsung/go2_ws/src/go2_simulation/install/go2_interfaces/include/go2_interfaces/go2_interfaces/msg/detail/sport_mode_state__struct.h
[71.519s] -- Installing: /home/samsung/go2_ws/src/go2_simulation/install/go2_interfaces/include/go2_interfaces/go2_interfaces/msg/detail/go2_front_video_data__type_support.h
[71.519s] -- Installing: /home/samsung/go2_ws/src/go2_simulation/install/go2_interfaces/include/go2_interfaces/go2_interfaces/msg/detail/motor_states__functions.h
[71.519s] -- Installing: /home/samsung/go2_ws/src/go2_simulation/install/go2_interfaces/include/go2_interfaces/go2_interfaces/msg/detail/sport_mode_cmd__struct.h
[71.520s] -- Installing: /home/samsung/go2_ws/src/go2_simulation/install/go2_interfaces/include/go2_interfaces/go2_interfaces/msg/detail/time_spec__functions.c
[71.520s] -- Installing: /home/samsung/go2_ws/src/go2_simulation/install/go2_interfaces/include/go2_interfaces/go2_interfaces/msg/detail/height_map__type_support.h
[71.520s] -- Installing: /home/samsung/go2_ws/src/go2_simulation/install/go2_interfaces/include/go2_interfaces/go2_interfaces/msg/detail/uwb_state__type_support.h
[71.520s] -- Installing: /home/samsung/go2_ws/src/go2_simulation/install/go2_interfaces/include/go2_interfaces/go2_interfaces/msg/detail/error__struct.h
[71.521s] -- Installing: /home/samsung/go2_ws/src/go2_simulation/install/go2_interfaces/include/go2_interfaces/go2_interfaces/msg/detail/sport_mode_cmd__type_support.h
[71.521s] -- Installing: /home/samsung/go2_ws/src/go2_simulation/install/go2_interfaces/include/go2_interfaces/go2_interfaces/msg/detail/motor_states__struct.h
[71.521s] -- Installing: /home/samsung/go2_ws/src/go2_simulation/install/go2_interfaces/include/go2_interfaces/go2_interfaces/msg/detail/audio_data__functions.h
[71.522s] -- Installing: /home/samsung/go2_ws/src/go2_simulation/install/go2_interfaces/include/go2_interfaces/go2_interfaces/msg/detail/motor_cmds__description.c
[71.522s] -- Installing: /home/samsung/go2_ws/src/go2_simulation/install/go2_interfaces/include/go2_interfaces/go2_interfaces/msg/detail/interface_config__functions.c
[71.522s] -- Installing: /home/samsung/go2_ws/src/go2_simulation/install/go2_interfaces/include/go2_interfaces/go2_interfaces/msg/detail/height_map__functions.h
[71.522s] -- Installing: /home/samsung/go2_ws/src/go2_simulation/install/go2_interfaces/include/go2_interfaces/go2_interfaces/msg/detail/bms_cmd__type_support.h
[71.523s] -- Installing: /home/samsung/go2_ws/src/go2_simulation/install/go2_interfaces/include/go2_interfaces/go2_interfaces/msg/detail/bms_cmd__type_support.c
[71.523s] -- Installing: /home/samsung/go2_ws/src/go2_simulation/install/go2_interfaces/include/go2_interfaces/go2_interfaces/msg/detail/wireless_controller__type_support.c
[71.523s] -- Installing: /home/samsung/go2_ws/src/go2_simulation/install/go2_interfaces/include/go2_interfaces/go2_interfaces/msg/detail/sport_mode_state__functions.c
[71.524s] -- Installing: /home/samsung/go2_ws/src/go2_simulation/install/go2_interfaces/include/go2_interfaces/go2_interfaces/msg/detail/error__functions.c
[71.524s] -- Installing: /home/samsung/go2_ws/src/go2_simulation/install/go2_interfaces/include/go2_interfaces/go2_interfaces/msg/detail/res__description.c
[71.525s] -- Installing: /home/samsung/go2_ws/src/go2_simulation/install/go2_interfaces/include/go2_interfaces/go2_interfaces/msg/detail/low_cmd__functions.h
[71.526s] -- Installing: /home/samsung/go2_ws/src/go2_simulation/install/go2_interfaces/include/go2_interfaces/go2_interfaces/msg/detail/low_state__functions.h
[71.526s] -- Installing: /home/samsung/go2_ws/src/go2_simulation/install/go2_interfaces/include/go2_interfaces/go2_interfaces/msg/detail/imu_state__struct.h
[71.526s] -- Installing: /home/samsung/go2_ws/src/go2_simulation/install/go2_interfaces/include/go2_interfaces/go2_interfaces/msg/detail/path_point__type_support.h
[71.526s] -- Installing: /home/samsung/go2_ws/src/go2_simulation/install/go2_interfaces/include/go2_interfaces/go2_interfaces/msg/detail/low_state__type_support.c
[71.527s] -- Installing: /home/samsung/go2_ws/src/go2_simulation/install/go2_interfaces/include/go2_interfaces/go2_interfaces/msg/detail/motor_cmd__functions.h
[71.527s] -- Installing: /home/samsung/go2_ws/src/go2_simulation/install/go2_interfaces/include/go2_interfaces/go2_interfaces/msg/detail/wireless_controller__functions.c
[71.527s] -- Installing: /home/samsung/go2_ws/src/go2_simulation/install/go2_interfaces/include/go2_interfaces/go2_interfaces/msg/detail/motor_state__struct.h
[71.527s] -- Installing: /home/samsung/go2_ws/src/go2_simulation/install/go2_interfaces/include/go2_interfaces/go2_interfaces/msg/detail/go2_front_video_data__type_support.c
[71.528s] -- Installing: /home/samsung/go2_ws/src/go2_simulation/install/go2_interfaces/include/go2_interfaces/go2_interfaces/msg/detail/uwb_state__functions.c
[71.528s] -- Installing: /home/samsung/go2_ws/src/go2_simulation/install/go2_interfaces/include/go2_interfaces/go2_interfaces/msg/detail/motor_cmd__type_support.c
[71.528s] -- Installing: /home/samsung/go2_ws/src/go2_simulation/install/go2_interfaces/include/go2_interfaces/go2_interfaces/msg/detail/time_spec__type_support.c
[71.529s] -- Installing: /home/samsung/go2_ws/src/go2_simulation/install/go2_interfaces/include/go2_interfaces/go2_interfaces/msg/detail/motor_state__type_support.h
[71.529s] -- Installing: /home/samsung/go2_ws/src/go2_simulation/install/go2_interfaces/include/go2_interfaces/go2_interfaces/msg/detail/uwb_switch__functions.h
[71.529s] -- Installing: /home/samsung/go2_ws/src/go2_simulation/install/go2_interfaces/include/go2_interfaces/go2_interfaces/msg/detail/uwb_switch__struct.h
[71.529s] -- Installing: /home/samsung/go2_ws/src/go2_simulation/install/go2_interfaces/include/go2_interfaces/go2_interfaces/msg/detail/error__type_support.h
[71.530s] -- Installing: /home/samsung/go2_ws/src/go2_simulation/install/go2_interfaces/include/go2_interfaces/go2_interfaces/msg/detail/motor_states__type_support.c
[71.530s] -- Installing: /home/samsung/go2_ws/src/go2_simulation/install/go2_interfaces/include/go2_interfaces/go2_interfaces/msg/detail/motor_states__functions.c
[71.530s] -- Installing: /home/samsung/go2_ws/src/go2_simulation/install/go2_interfaces/include/go2_interfaces/go2_interfaces/msg/detail/res__functions.h
[71.530s] -- Installing: /home/samsung/go2_ws/src/go2_simulation/install/go2_interfaces/include/go2_interfaces/go2_interfaces/msg/detail/uwb_state__struct.h
[71.531s] -- Installing: /home/samsung/go2_ws/src/go2_simulation/install/go2_interfaces/include/go2_interfaces/go2_interfaces/msg/detail/res__type_support.h
[71.531s] -- Installing: /home/samsung/go2_ws/src/go2_simulation/install/go2_interfaces/include/go2_interfaces/go2_interfaces/msg/detail/motor_cmd__type_support.h
[71.531s] -- Installing: /home/samsung/go2_ws/src/go2_simulation/install/go2_interfaces/include/go2_interfaces/go2_interfaces/msg/detail/motor_cmds__functions.h
[71.532s] -- Installing: /home/samsung/go2_ws/src/go2_simulation/install/go2_interfaces/include/go2_interfaces/go2_interfaces/msg/detail/sport_mode_cmd__functions.h
[71.532s] -- Installing: /home/samsung/go2_ws/src/go2_simulation/install/go2_interfaces/include/go2_interfaces/go2_interfaces/msg/detail/wireless_controller__type_support.h
[71.532s] -- Installing: /home/samsung/go2_ws/src/go2_simulation/install/go2_interfaces/include/go2_interfaces/go2_interfaces/msg/detail/low_cmd__functions.c
[71.532s] -- Installing: /home/samsung/go2_ws/src/go2_simulation/install/go2_interfaces/include/go2_interfaces/go2_interfaces/msg/detail/low_state__description.c
[71.533s] -- Installing: /home/samsung/go2_ws/src/go2_simulation/install/go2_interfaces/include/go2_interfaces/go2_interfaces/msg/detail/bms_cmd__description.c
[71.533s] -- Installing: /home/samsung/go2_ws/src/go2_simulation/install/go2_interfaces/include/go2_interfaces/go2_interfaces/msg/detail/path_point__functions.h
[71.533s] -- Installing: /home/samsung/go2_ws/src/go2_simulation/install/go2_interfaces/include/go2_interfaces/go2_interfaces/msg/detail/uwb_state__functions.h
[71.533s] -- Installing: /home/samsung/go2_ws/src/go2_simulation/install/go2_interfaces/include/go2_interfaces/go2_interfaces/msg/bms_cmd.h
[71.534s] -- Installing: /home/samsung/go2_ws/src/go2_simulation/install/go2_interfaces/include/go2_interfaces/go2_interfaces/msg/imu_state.h
[71.534s] -- Installing: /home/samsung/go2_ws/src/go2_simulation/install/go2_interfaces/include/go2_interfaces/go2_interfaces/msg/motor_cmds.h
[71.534s] -- Installing: /home/samsung/go2_ws/src/go2_simulation/install/go2_interfaces/include/go2_interfaces/go2_interfaces/msg/go2_front_video_data.h
[71.535s] -- Installing: /home/samsung/go2_ws/src/go2_simulation/install/go2_interfaces/include/go2_interfaces/go2_interfaces/msg/wireless_controller.h
[71.535s] -- Installing: /home/samsung/go2_ws/src/go2_simulation/install/go2_interfaces/include/go2_interfaces/go2_interfaces/msg/motor_states.h
[71.535s] -- Installing: /home/samsung/go2_ws/src/go2_simulation/install/go2_interfaces/include/go2_interfaces/go2_interfaces/msg/error.h
[71.535s] -- Installing: /home/samsung/go2_ws/src/go2_simulation/install/go2_interfaces/include/go2_interfaces/go2_interfaces/msg/uwb_state.h
[71.536s] -- Installing: /home/samsung/go2_ws/src/go2_simulation/install/go2_interfaces/include/go2_interfaces/go2_interfaces/msg/audio_data.h
[71.536s] -- Installing: /home/samsung/go2_ws/src/go2_simulation/install/go2_interfaces/include/go2_interfaces/go2_interfaces/msg/interface_config.h
[71.536s] -- Installing: /home/samsung/go2_ws/src/go2_simulation/install/go2_interfaces/include/go2_interfaces/go2_interfaces/msg/req.h
[71.536s] -- Installing: /home/samsung/go2_ws/src/go2_simulation/install/go2_interfaces/include/go2_interfaces/go2_interfaces/msg/motor_state.h
[71.537s] -- Installing: /home/samsung/go2_ws/src/go2_simulation/install/go2_interfaces/include/go2_interfaces/go2_interfaces/msg/uwb_switch.h
[71.537s] -- Installing: /home/samsung/go2_ws/src/go2_simulation/install/go2_interfaces/include/go2_interfaces/go2_interfaces/msg/low_cmd.h
[71.537s] -- Installing: /home/samsung/go2_ws/src/go2_simulation/install/go2_interfaces/include/go2_interfaces/go2_interfaces/msg/rosidl_generator_c__visibility_control.h
[71.537s] -- Installing: /home/samsung/go2_ws/src/go2_simulation/install/go2_interfaces/include/go2_interfaces/go2_interfaces/msg/motor_cmd.h
[71.538s] -- Installing: /home/samsung/go2_ws/src/go2_simulation/install/go2_interfaces/include/go2_interfaces/go2_interfaces/msg/sport_mode_state.h
[71.538s] -- Installing: /home/samsung/go2_ws/src/go2_simulation/install/go2_interfaces/include/go2_interfaces/go2_interfaces/msg/path_point.h
[71.538s] -- Installing: /home/samsung/go2_ws/src/go2_simulation/install/go2_interfaces/include/go2_interfaces/go2_interfaces/msg/low_state.h
[71.538s] -- Installing: /home/samsung/go2_ws/src/go2_simulation/install/go2_interfaces/include/go2_interfaces/go2_interfaces/msg/time_spec.h
[71.539s] -- Installing: /home/samsung/go2_ws/src/go2_simulation/install/go2_interfaces/include/go2_interfaces/go2_interfaces/msg/res.h
[71.539s] -- Installing: /home/samsung/go2_ws/src/go2_simulation/install/go2_interfaces/include/go2_interfaces/go2_interfaces/msg/sport_mode_cmd.h
[71.539s] -- Installing: /home/samsung/go2_ws/src/go2_simulation/install/go2_interfaces/include/go2_interfaces/go2_interfaces/msg/lidar_state.h
[71.539s] -- Installing: /home/samsung/go2_ws/src/go2_simulation/install/go2_interfaces/include/go2_interfaces/go2_interfaces/msg/height_map.h
[71.540s] -- Installing: /home/samsung/go2_ws/src/go2_simulation/install/go2_interfaces/include/go2_interfaces/go2_interfaces/msg/bms_state.h
[71.540s] -- Installing: /home/samsung/go2_ws/src/go2_simulation/install/go2_interfaces/share/go2_interfaces/environment/library_path.sh
[71.540s] -- Installing: /home/samsung/go2_ws/src/go2_simulation/install/go2_interfaces/share/go2_interfaces/environment/library_path.dsv
[71.540s] -- Installing: /home/samsung/go2_ws/src/go2_simulation/install/go2_interfaces/lib/libgo2_interfaces__rosidl_generator_c.so
[71.541s] -- Set non-toolchain portion of runtime path of "/home/samsung/go2_ws/src/go2_simulation/install/go2_interfaces/lib/libgo2_interfaces__rosidl_generator_c.so" to ""
[71.541s] -- Up-to-date: /home/samsung/go2_ws/src/go2_simulation/install/go2_interfaces/include/go2_interfaces/go2_interfaces
[71.541s] -- Up-to-date: /home/samsung/go2_ws/src/go2_simulation/install/go2_interfaces/include/go2_interfaces/go2_interfaces/msg
[71.542s] -- Up-to-date: /home/samsung/go2_ws/src/go2_simulation/install/go2_interfaces/include/go2_interfaces/go2_interfaces/msg/detail
[71.542s] -- Installing: /home/samsung/go2_ws/src/go2_simulation/install/go2_interfaces/include/go2_interfaces/go2_interfaces/msg/detail/go2_front_video_data__rosidl_typesupport_fastrtps_c.h
[71.542s] -- Installing: /home/samsung/go2_ws/src/go2_simulation/install/go2_interfaces/include/go2_interfaces/go2_interfaces/msg/detail/height_map__rosidl_typesupport_fastrtps_c.h
[71.542s] -- Installing: /home/samsung/go2_ws/src/go2_simulation/install/go2_interfaces/include/go2_interfaces/go2_interfaces/msg/detail/imu_state__rosidl_typesupport_fastrtps_c.h
[71.543s] -- Installing: /home/samsung/go2_ws/src/go2_simulation/install/go2_interfaces/include/go2_interfaces/go2_interfaces/msg/detail/sport_mode_state__rosidl_typesupport_fastrtps_c.h
[71.543s] -- Installing: /home/samsung/go2_ws/src/go2_simulation/install/go2_interfaces/include/go2_interfaces/go2_interfaces/msg/detail/wireless_controller__rosidl_typesupport_fastrtps_c.h
[71.543s] -- Installing: /home/samsung/go2_ws/src/go2_simulation/install/go2_interfaces/include/go2_interfaces/go2_interfaces/msg/detail/low_cmd__rosidl_typesupport_fastrtps_c.h
[71.543s] -- Installing: /home/samsung/go2_ws/src/go2_simulation/install/go2_interfaces/include/go2_interfaces/go2_interfaces/msg/detail/motor_cmds__rosidl_typesupport_fastrtps_c.h
[71.544s] -- Installing: /home/samsung/go2_ws/src/go2_simulation/install/go2_interfaces/include/go2_interfaces/go2_interfaces/msg/detail/time_spec__rosidl_typesupport_fastrtps_c.h
[71.544s] -- Installing: /home/samsung/go2_ws/src/go2_simulation/install/go2_interfaces/include/go2_interfaces/go2_interfaces/msg/detail/uwb_state__rosidl_typesupport_fastrtps_c.h
[71.544s] -- Installing: /home/samsung/go2_ws/src/go2_simulation/install/go2_interfaces/include/go2_interfaces/go2_interfaces/msg/detail/sport_mode_cmd__rosidl_typesupport_fastrtps_c.h
[71.545s] -- Installing: /home/samsung/go2_ws/src/go2_simulation/install/go2_interfaces/include/go2_interfaces/go2_interfaces/msg/detail/motor_states__rosidl_typesupport_fastrtps_c.h
[71.545s] -- Installing: /home/samsung/go2_ws/src/go2_simulation/install/go2_interfaces/include/go2_interfaces/go2_interfaces/msg/detail/audio_data__rosidl_typesupport_fastrtps_c.h
[71.545s] -- Installing: /home/samsung/go2_ws/src/go2_simulation/install/go2_interfaces/include/go2_interfaces/go2_interfaces/msg/detail/interface_config__rosidl_typesupport_fastrtps_c.h
[71.545s] -- Installing: /home/samsung/go2_ws/src/go2_simulation/install/go2_interfaces/include/go2_interfaces/go2_interfaces/msg/detail/error__rosidl_typesupport_fastrtps_c.h
[71.546s] -- Installing: /home/samsung/go2_ws/src/go2_simulation/install/go2_interfaces/include/go2_interfaces/go2_interfaces/msg/detail/bms_cmd__rosidl_typesupport_fastrtps_c.h
[71.546s] -- Installing: /home/samsung/go2_ws/src/go2_simulation/install/go2_interfaces/include/go2_interfaces/go2_interfaces/msg/detail/path_point__rosidl_typesupport_fastrtps_c.h
[71.546s] -- Installing: /home/samsung/go2_ws/src/go2_simulation/install/go2_interfaces/include/go2_interfaces/go2_interfaces/msg/detail/motor_state__rosidl_typesupport_fastrtps_c.h
[71.547s] -- Installing: /home/samsung/go2_ws/src/go2_simulation/install/go2_interfaces/include/go2_interfaces/go2_interfaces/msg/detail/uwb_switch__rosidl_typesupport_fastrtps_c.h
[71.547s] -- Installing: /home/samsung/go2_ws/src/go2_simulation/install/go2_interfaces/include/go2_interfaces/go2_interfaces/msg/detail/lidar_state__rosidl_typesupport_fastrtps_c.h
[71.547s] -- Installing: /home/samsung/go2_ws/src/go2_simulation/install/go2_interfaces/include/go2_interfaces/go2_interfaces/msg/detail/motor_cmd__rosidl_typesupport_fastrtps_c.h
[71.547s] -- Installing: /home/samsung/go2_ws/src/go2_simulation/install/go2_interfaces/include/go2_interfaces/go2_interfaces/msg/detail/low_state__rosidl_typesupport_fastrtps_c.h
[71.548s] -- Installing: /home/samsung/go2_ws/src/go2_simulation/install/go2_interfaces/include/go2_interfaces/go2_interfaces/msg/detail/res__rosidl_typesupport_fastrtps_c.h
[71.548s] -- Installing: /home/samsung/go2_ws/src/go2_simulation/install/go2_interfaces/include/go2_interfaces/go2_interfaces/msg/detail/req__rosidl_typesupport_fastrtps_c.h
[71.548s] -- Installing: /home/samsung/go2_ws/src/go2_simulation/install/go2_interfaces/include/go2_interfaces/go2_interfaces/msg/detail/bms_state__rosidl_typesupport_fastrtps_c.h
[71.548s] -- Installing: /home/samsung/go2_ws/src/go2_simulation/install/go2_interfaces/include/go2_interfaces/go2_interfaces/msg/rosidl_typesupport_fastrtps_c__visibility_control.h
[71.549s] -- Installing: /home/samsung/go2_ws/src/go2_simulation/install/go2_interfaces/lib/libgo2_interfaces__rosidl_typesupport_fastrtps_c.so
[71.549s] -- Set non-toolchain portion of runtime path of "/home/samsung/go2_ws/src/go2_simulation/install/go2_interfaces/lib/libgo2_interfaces__rosidl_typesupport_fastrtps_c.so" to ""
[71.549s] -- Up-to-date: /home/samsung/go2_ws/src/go2_simulation/install/go2_interfaces/include/go2_interfaces/go2_interfaces
[71.550s] -- Up-to-date: /home/samsung/go2_ws/src/go2_simulation/install/go2_interfaces/include/go2_interfaces/go2_interfaces/msg
[71.550s] -- Up-to-date: /home/samsung/go2_ws/src/go2_simulation/install/go2_interfaces/include/go2_interfaces/go2_interfaces/msg/detail
[71.550s] -- Installing: /home/samsung/go2_ws/src/go2_simulation/install/go2_interfaces/include/go2_interfaces/go2_interfaces/msg/detail/low_cmd__rosidl_typesupport_introspection_c.h
[71.550s] -- Installing: /home/samsung/go2_ws/src/go2_simulation/install/go2_interfaces/include/go2_interfaces/go2_interfaces/msg/detail/motor_cmds__rosidl_typesupport_introspection_c.h
[71.550s] -- Installing: /home/samsung/go2_ws/src/go2_simulation/install/go2_interfaces/include/go2_interfaces/go2_interfaces/msg/detail/bms_cmd__rosidl_typesupport_introspection_c.h
[71.551s] -- Installing: /home/samsung/go2_ws/src/go2_simulation/install/go2_interfaces/include/go2_interfaces/go2_interfaces/msg/detail/motor_state__type_support.c
[71.551s] -- Installing: /home/samsung/go2_ws/src/go2_simulation/install/go2_interfaces/include/go2_interfaces/go2_interfaces/msg/detail/req__type_support.c
[71.551s] -- Installing: /home/samsung/go2_ws/src/go2_simulation/install/go2_interfaces/include/go2_interfaces/go2_interfaces/msg/detail/low_state__rosidl_typesupport_introspection_c.h
[71.551s] -- Installing: /home/samsung/go2_ws/src/go2_simulation/install/go2_interfaces/include/go2_interfaces/go2_interfaces/msg/detail/req__rosidl_typesupport_introspection_c.h
[71.551s] -- Installing: /home/samsung/go2_ws/src/go2_simulation/install/go2_interfaces/include/go2_interfaces/go2_interfaces/msg/detail/imu_state__type_support.c
[71.551s] -- Installing: /home/samsung/go2_ws/src/go2_simulation/install/go2_interfaces/include/go2_interfaces/go2_interfaces/msg/detail/interface_config__type_support.c
[71.551s] -- Installing: /home/samsung/go2_ws/src/go2_simulation/install/go2_interfaces/include/go2_interfaces/go2_interfaces/msg/detail/motor_cmd__rosidl_typesupport_introspection_c.h
[71.552s] -- Installing: /home/samsung/go2_ws/src/go2_simulation/install/go2_interfaces/include/go2_interfaces/go2_interfaces/msg/detail/motor_state__rosidl_typesupport_introspection_c.h
[71.552s] -- Installing: /home/samsung/go2_ws/src/go2_simulation/install/go2_interfaces/include/go2_interfaces/go2_interfaces/msg/detail/error__rosidl_typesupport_introspection_c.h
[71.552s] -- Installing: /home/samsung/go2_ws/src/go2_simulation/install/go2_interfaces/include/go2_interfaces/go2_interfaces/msg/detail/path_point__rosidl_typesupport_introspection_c.h
[71.552s] -- Installing: /home/samsung/go2_ws/src/go2_simulation/install/go2_interfaces/include/go2_interfaces/go2_interfaces/msg/detail/wireless_controller__rosidl_typesupport_introspection_c.h
[71.552s] -- Installing: /home/samsung/go2_ws/src/go2_simulation/install/go2_interfaces/include/go2_interfaces/go2_interfaces/msg/detail/error__type_support.c
[71.552s] -- Installing: /home/samsung/go2_ws/src/go2_simulation/install/go2_interfaces/include/go2_interfaces/go2_interfaces/msg/detail/sport_mode_state__rosidl_typesupport_introspection_c.h
[71.552s] -- Installing: /home/samsung/go2_ws/src/go2_simulation/install/go2_interfaces/include/go2_interfaces/go2_interfaces/msg/detail/audio_data__type_support.c
[71.553s] -- Installing: /home/samsung/go2_ws/src/go2_simulation/install/go2_interfaces/include/go2_interfaces/go2_interfaces/msg/detail/uwb_state__rosidl_typesupport_introspection_c.h
[71.553s] -- Installing: /home/samsung/go2_ws/src/go2_simulation/install/go2_interfaces/include/go2_interfaces/go2_interfaces/msg/detail/low_cmd__type_support.c
[71.553s] -- Installing: /home/samsung/go2_ws/src/go2_simulation/install/go2_interfaces/include/go2_interfaces/go2_interfaces/msg/detail/height_map__rosidl_typesupport_introspection_c.h
[71.553s] -- Installing: /home/samsung/go2_ws/src/go2_simulation/install/go2_interfaces/include/go2_interfaces/go2_interfaces/msg/detail/uwb_state__type_support.c
[71.553s] -- Installing: /home/samsung/go2_ws/src/go2_simulation/install/go2_interfaces/include/go2_interfaces/go2_interfaces/msg/detail/motor_cmds__type_support.c
[71.553s] -- Installing: /home/samsung/go2_ws/src/go2_simulation/install/go2_interfaces/include/go2_interfaces/go2_interfaces/msg/detail/height_map__type_support.c
[71.553s] -- Installing: /home/samsung/go2_ws/src/go2_simulation/install/go2_interfaces/include/go2_interfaces/go2_interfaces/msg/detail/bms_state__type_support.c
[71.554s] -- Installing: /home/samsung/go2_ws/src/go2_simulation/install/go2_interfaces/include/go2_interfaces/go2_interfaces/msg/detail/lidar_state__type_support.c
[71.554s] -- Installing: /home/samsung/go2_ws/src/go2_simulation/install/go2_interfaces/include/go2_interfaces/go2_interfaces/msg/detail/sport_mode_cmd__type_support.c
[71.554s] -- Installing: /home/samsung/go2_ws/src/go2_simulation/install/go2_interfaces/include/go2_interfaces/go2_interfaces/msg/detail/uwb_switch__type_support.c
[71.554s] -- Installing: /home/samsung/go2_ws/src/go2_simulation/install/go2_interfaces/include/go2_interfaces/go2_interfaces/msg/detail/time_spec__rosidl_typesupport_introspection_c.h
[71.554s] -- Installing: /home/samsung/go2_ws/src/go2_simulation/install/go2_interfaces/include/go2_interfaces/go2_interfaces/msg/detail/go2_front_video_data__rosidl_typesupport_introspection_c.h
[71.554s] -- Installing: /home/samsung/go2_ws/src/go2_simulation/install/go2_interfaces/include/go2_interfaces/go2_interfaces/msg/detail/res__rosidl_typesupport_introspection_c.h
[71.554s] -- Installing: /home/samsung/go2_ws/src/go2_simulation/install/go2_interfaces/include/go2_interfaces/go2_interfaces/msg/detail/lidar_state__rosidl_typesupport_introspection_c.h
[71.555s] -- Installing: /home/samsung/go2_ws/src/go2_simulation/install/go2_interfaces/include/go2_interfaces/go2_interfaces/msg/detail/res__type_support.c
[71.555s] -- Installing: /home/samsung/go2_ws/src/go2_simulation/install/go2_interfaces/include/go2_interfaces/go2_interfaces/msg/detail/sport_mode_state__type_support.c
[71.555s] -- Installing: /home/samsung/go2_ws/src/go2_simulation/install/go2_interfaces/include/go2_interfaces/go2_interfaces/msg/detail/path_point__type_support.c
[71.555s] -- Installing: /home/samsung/go2_ws/src/go2_simulation/install/go2_interfaces/include/go2_interfaces/go2_interfaces/msg/detail/audio_data__rosidl_typesupport_introspection_c.h
[71.555s] -- Installing: /home/samsung/go2_ws/src/go2_simulation/install/go2_interfaces/include/go2_interfaces/go2_interfaces/msg/detail/sport_mode_cmd__rosidl_typesupport_introspection_c.h
[71.555s] -- Installing: /home/samsung/go2_ws/src/go2_simulation/install/go2_interfaces/include/go2_interfaces/go2_interfaces/msg/detail/motor_states__rosidl_typesupport_introspection_c.h
[71.555s] -- Installing: /home/samsung/go2_ws/src/go2_simulation/install/go2_interfaces/include/go2_interfaces/go2_interfaces/msg/detail/bms_cmd__type_support.c
[71.556s] -- Installing: /home/samsung/go2_ws/src/go2_simulation/install/go2_interfaces/include/go2_interfaces/go2_interfaces/msg/detail/wireless_controller__type_support.c
[71.556s] -- Installing: /home/samsung/go2_ws/src/go2_simulation/install/go2_interfaces/include/go2_interfaces/go2_interfaces/msg/detail/uwb_switch__rosidl_typesupport_introspection_c.h
[71.556s] -- Installing: /home/samsung/go2_ws/src/go2_simulation/install/go2_interfaces/include/go2_interfaces/go2_interfaces/msg/detail/imu_state__rosidl_typesupport_introspection_c.h
[71.556s] -- Installing: /home/samsung/go2_ws/src/go2_simulation/install/go2_interfaces/include/go2_interfaces/go2_interfaces/msg/detail/low_state__type_support.c
[71.556s] -- Installing: /home/samsung/go2_ws/src/go2_simulation/install/go2_interfaces/include/go2_interfaces/go2_interfaces/msg/detail/bms_state__rosidl_typesupport_introspection_c.h
[71.556s] -- Installing: /home/samsung/go2_ws/src/go2_simulation/install/go2_interfaces/include/go2_interfaces/go2_interfaces/msg/detail/go2_front_video_data__type_support.c
[71.556s] -- Installing: /home/samsung/go2_ws/src/go2_simulation/install/go2_interfaces/include/go2_interfaces/go2_interfaces/msg/detail/motor_cmd__type_support.c
[71.557s] -- Installing: /home/samsung/go2_ws/src/go2_simulation/install/go2_interfaces/include/go2_interfaces/go2_interfaces/msg/detail/time_spec__type_support.c
[71.557s] -- Installing: /home/samsung/go2_ws/src/go2_simulation/install/go2_interfaces/include/go2_interfaces/go2_interfaces/msg/detail/interface_config__rosidl_typesupport_introspection_c.h
[71.557s] -- Installing: /home/samsung/go2_ws/src/go2_simulation/install/go2_interfaces/include/go2_interfaces/go2_interfaces/msg/detail/motor_states__type_support.c
[71.557s] -- Installing: /home/samsung/go2_ws/src/go2_simulation/install/go2_interfaces/include/go2_interfaces/go2_interfaces/msg/rosidl_typesupport_introspection_c__visibility_control.h
[71.557s] -- Installing: /home/samsung/go2_ws/src/go2_simulation/install/go2_interfaces/lib/libgo2_interfaces__rosidl_typesupport_introspection_c.so
[71.557s] -- Set non-toolchain portion of runtime path of "/home/samsung/go2_ws/src/go2_simulation/install/go2_interfaces/lib/libgo2_interfaces__rosidl_typesupport_introspection_c.so" to ""
[71.557s] -- Installing: /home/samsung/go2_ws/src/go2_simulation/install/go2_interfaces/lib/libgo2_interfaces__rosidl_typesupport_c.so
[71.557s] -- Set non-toolchain portion of runtime path of "/home/samsung/go2_ws/src/go2_simulation/install/go2_interfaces/lib/libgo2_interfaces__rosidl_typesupport_c.so" to ""
[71.558s] -- Up-to-date: /home/samsung/go2_ws/src/go2_simulation/install/go2_interfaces/include/go2_interfaces/go2_interfaces
[71.558s] -- Up-to-date: /home/samsung/go2_ws/src/go2_simulation/install/go2_interfaces/include/go2_interfaces/go2_interfaces/msg
[71.558s] -- Installing: /home/samsung/go2_ws/src/go2_simulation/install/go2_interfaces/include/go2_interfaces/go2_interfaces/msg/res.hpp
[71.558s] -- Up-to-date: /home/samsung/go2_ws/src/go2_simulation/install/go2_interfaces/include/go2_interfaces/go2_interfaces/msg/detail
[71.558s] -- Installing: /home/samsung/go2_ws/src/go2_simulation/install/go2_interfaces/include/go2_interfaces/go2_interfaces/msg/detail/go2_front_video_data__struct.hpp
[71.558s] -- Installing: /home/samsung/go2_ws/src/go2_simulation/install/go2_interfaces/include/go2_interfaces/go2_interfaces/msg/detail/sport_mode_state__traits.hpp
[71.559s] -- Installing: /home/samsung/go2_ws/src/go2_simulation/install/go2_interfaces/include/go2_interfaces/go2_interfaces/msg/detail/path_point__traits.hpp
[71.559s] -- Installing: /home/samsung/go2_ws/src/go2_simulation/install/go2_interfaces/include/go2_interfaces/go2_interfaces/msg/detail/interface_config__struct.hpp
[71.559s] -- Installing: /home/samsung/go2_ws/src/go2_simulation/install/go2_interfaces/include/go2_interfaces/go2_interfaces/msg/detail/lidar_state__struct.hpp
[71.559s] -- Installing: /home/samsung/go2_ws/src/go2_simulation/install/go2_interfaces/include/go2_interfaces/go2_interfaces/msg/detail/motor_state__struct.hpp
[71.559s] -- Installing: /home/samsung/go2_ws/src/go2_simulation/install/go2_interfaces/include/go2_interfaces/go2_interfaces/msg/detail/bms_state__type_support.hpp
[71.559s] -- Installing: /home/samsung/go2_ws/src/go2_simulation/install/go2_interfaces/include/go2_interfaces/go2_interfaces/msg/detail/imu_state__builder.hpp
[71.559s] -- Installing: /home/samsung/go2_ws/src/go2_simulation/install/go2_interfaces/include/go2_interfaces/go2_interfaces/msg/detail/low_state__traits.hpp
[71.559s] -- Installing: /home/samsung/go2_ws/src/go2_simulation/install/go2_interfaces/include/go2_interfaces/go2_interfaces/msg/detail/sport_mode_cmd__type_support.hpp
[71.560s] -- Installing: /home/samsung/go2_ws/src/go2_simulation/install/go2_interfaces/include/go2_interfaces/go2_interfaces/msg/detail/motor_cmd__traits.hpp
[71.560s] -- Installing: /home/samsung/go2_ws/src/go2_simulation/install/go2_interfaces/include/go2_interfaces/go2_interfaces/msg/detail/motor_states__type_support.hpp
[71.560s] -- Installing: /home/samsung/go2_ws/src/go2_simulation/install/go2_interfaces/include/go2_interfaces/go2_interfaces/msg/detail/audio_data__traits.hpp
[71.560s] -- Installing: /home/samsung/go2_ws/src/go2_simulation/install/go2_interfaces/include/go2_interfaces/go2_interfaces/msg/detail/motor_state__builder.hpp
[71.560s] -- Installing: /home/samsung/go2_ws/src/go2_simulation/install/go2_interfaces/include/go2_interfaces/go2_interfaces/msg/detail/sport_mode_state__struct.hpp
[71.560s] -- Installing: /home/samsung/go2_ws/src/go2_simulation/install/go2_interfaces/include/go2_interfaces/go2_interfaces/msg/detail/low_cmd__builder.hpp
[71.560s] -- Installing: /home/samsung/go2_ws/src/go2_simulation/install/go2_interfaces/include/go2_interfaces/go2_interfaces/msg/detail/uwb_switch__type_support.hpp
[71.561s] -- Installing: /home/samsung/go2_ws/src/go2_simulation/install/go2_interfaces/include/go2_interfaces/go2_interfaces/msg/detail/motor_cmd__type_support.hpp
[71.561s] -- Installing: /home/samsung/go2_ws/src/go2_simulation/install/go2_interfaces/include/go2_interfaces/go2_interfaces/msg/detail/sport_mode_state__builder.hpp
[71.561s] -- Installing: /home/samsung/go2_ws/src/go2_simulation/install/go2_interfaces/include/go2_interfaces/go2_interfaces/msg/detail/uwb_state__traits.hpp
[71.561s] -- Installing: /home/samsung/go2_ws/src/go2_simulation/install/go2_interfaces/include/go2_interfaces/go2_interfaces/msg/detail/path_point__struct.hpp
[71.561s] -- Installing: /home/samsung/go2_ws/src/go2_simulation/install/go2_interfaces/include/go2_interfaces/go2_interfaces/msg/detail/motor_cmds__type_support.hpp
[71.561s] -- Installing: /home/samsung/go2_ws/src/go2_simulation/install/go2_interfaces/include/go2_interfaces/go2_interfaces/msg/detail/sport_mode_state__type_support.hpp
[71.561s] -- Installing: /home/samsung/go2_ws/src/go2_simulation/install/go2_interfaces/include/go2_interfaces/go2_interfaces/msg/detail/imu_state__traits.hpp
[71.562s] -- Installing: /home/samsung/go2_ws/src/go2_simulation/install/go2_interfaces/include/go2_interfaces/go2_interfaces/msg/detail/path_point__type_support.hpp
[71.562s] -- Installing: /home/samsung/go2_ws/src/go2_simulation/install/go2_interfaces/include/go2_interfaces/go2_interfaces/msg/detail/low_state__builder.hpp
[71.562s] -- Installing: /home/samsung/go2_ws/src/go2_simulation/install/go2_interfaces/include/go2_interfaces/go2_interfaces/msg/detail/req__traits.hpp
[71.562s] -- Installing: /home/samsung/go2_ws/src/go2_simulation/install/go2_interfaces/include/go2_interfaces/go2_interfaces/msg/detail/interface_config__type_support.hpp
[71.562s] -- Installing: /home/samsung/go2_ws/src/go2_simulation/install/go2_interfaces/include/go2_interfaces/go2_interfaces/msg/detail/wireless_controller__type_support.hpp
[71.562s] -- Installing: /home/samsung/go2_ws/src/go2_simulation/install/go2_interfaces/include/go2_interfaces/go2_interfaces/msg/detail/time_spec__struct.hpp
[71.562s] -- Installing: /home/samsung/go2_ws/src/go2_simulation/install/go2_interfaces/include/go2_interfaces/go2_interfaces/msg/detail/low_cmd__struct.hpp
[71.563s] -- Installing: /home/samsung/go2_ws/src/go2_simulation/install/go2_interfaces/include/go2_interfaces/go2_interfaces/msg/detail/motor_cmd__builder.hpp
[71.563s] -- Installing: /home/samsung/go2_ws/src/go2_simulation/install/go2_interfaces/include/go2_interfaces/go2_interfaces/msg/detail/motor_cmd__struct.hpp
[71.563s] -- Installing: /home/samsung/go2_ws/src/go2_simulation/install/go2_interfaces/include/go2_interfaces/go2_interfaces/msg/detail/path_point__builder.hpp
[71.563s] -- Installing: /home/samsung/go2_ws/src/go2_simulation/install/go2_interfaces/include/go2_interfaces/go2_interfaces/msg/detail/motor_cmds__struct.hpp
[71.563s] -- Installing: /home/samsung/go2_ws/src/go2_simulation/install/go2_interfaces/include/go2_interfaces/go2_interfaces/msg/detail/uwb_switch__builder.hpp
[71.563s] -- Installing: /home/samsung/go2_ws/src/go2_simulation/install/go2_interfaces/include/go2_interfaces/go2_interfaces/msg/detail/height_map__struct.hpp
[71.563s] -- Installing: /home/samsung/go2_ws/src/go2_simulation/install/go2_interfaces/include/go2_interfaces/go2_interfaces/msg/detail/error__builder.hpp
[71.564s] -- Installing: /home/samsung/go2_ws/src/go2_simulation/install/go2_interfaces/include/go2_interfaces/go2_interfaces/msg/detail/error__traits.hpp
[71.564s] -- Installing: /home/samsung/go2_ws/src/go2_simulation/install/go2_interfaces/include/go2_interfaces/go2_interfaces/msg/detail/bms_cmd__type_support.hpp
[71.564s] -- Installing: /home/samsung/go2_ws/src/go2_simulation/install/go2_interfaces/include/go2_interfaces/go2_interfaces/msg/detail/res__builder.hpp
[71.564s] -- Installing: /home/samsung/go2_ws/src/go2_simulation/install/go2_interfaces/include/go2_interfaces/go2_interfaces/msg/detail/imu_state__type_support.hpp
[71.564s] -- Installing: /home/samsung/go2_ws/src/go2_simulation/install/go2_interfaces/include/go2_interfaces/go2_interfaces/msg/detail/go2_front_video_data__builder.hpp
[71.564s] -- Installing: /home/samsung/go2_ws/src/go2_simulation/install/go2_interfaces/include/go2_interfaces/go2_interfaces/msg/detail/motor_cmds__builder.hpp
[71.564s] -- Installing: /home/samsung/go2_ws/src/go2_simulation/install/go2_interfaces/include/go2_interfaces/go2_interfaces/msg/detail/interface_config__builder.hpp
[71.564s] -- Installing: /home/samsung/go2_ws/src/go2_simulation/install/go2_interfaces/include/go2_interfaces/go2_interfaces/msg/detail/error__type_support.hpp
[71.565s] -- Installing: /home/samsung/go2_ws/src/go2_simulation/install/go2_interfaces/include/go2_interfaces/go2_interfaces/msg/detail/uwb_state__type_support.hpp
[71.565s] -- Installing: /home/samsung/go2_ws/src/go2_simulation/install/go2_interfaces/include/go2_interfaces/go2_interfaces/msg/detail/res__type_support.hpp
[71.565s] -- Installing: /home/samsung/go2_ws/src/go2_simulation/install/go2_interfaces/include/go2_interfaces/go2_interfaces/msg/detail/bms_state__traits.hpp
[71.565s] -- Installing: /home/samsung/go2_ws/src/go2_simulation/install/go2_interfaces/include/go2_interfaces/go2_interfaces/msg/detail/motor_states__traits.hpp
[71.565s] -- Installing: /home/samsung/go2_ws/src/go2_simulation/install/go2_interfaces/include/go2_interfaces/go2_interfaces/msg/detail/lidar_state__traits.hpp
[71.565s] -- Installing: /home/samsung/go2_ws/src/go2_simulation/install/go2_interfaces/include/go2_interfaces/go2_interfaces/msg/detail/motor_states__builder.hpp
[71.565s] -- Installing: /home/samsung/go2_ws/src/go2_simulation/install/go2_interfaces/include/go2_interfaces/go2_interfaces/msg/detail/bms_cmd__struct.hpp
[71.566s] -- Installing: /home/samsung/go2_ws/src/go2_simulation/install/go2_interfaces/include/go2_interfaces/go2_interfaces/msg/detail/imu_state__struct.hpp
[71.566s] -- Installing: /home/samsung/go2_ws/src/go2_simulation/install/go2_interfaces/include/go2_interfaces/go2_interfaces/msg/detail/low_cmd__type_support.hpp
[71.566s] -- Installing: /home/samsung/go2_ws/src/go2_simulation/install/go2_interfaces/include/go2_interfaces/go2_interfaces/msg/detail/lidar_state__builder.hpp
[71.566s] -- Installing: /home/samsung/go2_ws/src/go2_simulation/install/go2_interfaces/include/go2_interfaces/go2_interfaces/msg/detail/wireless_controller__struct.hpp
[71.566s] -- Installing: /home/samsung/go2_ws/src/go2_simulation/install/go2_interfaces/include/go2_interfaces/go2_interfaces/msg/detail/height_map__builder.hpp
[71.566s] -- Installing: /home/samsung/go2_ws/src/go2_simulation/install/go2_interfaces/include/go2_interfaces/go2_interfaces/msg/detail/motor_states__struct.hpp
[71.566s] -- Installing: /home/samsung/go2_ws/src/go2_simulation/install/go2_interfaces/include/go2_interfaces/go2_interfaces/msg/detail/uwb_state__struct.hpp
[71.566s] -- Installing: /home/samsung/go2_ws/src/go2_simulation/install/go2_interfaces/include/go2_interfaces/go2_interfaces/msg/detail/req__struct.hpp
[71.566s] -- Installing: /home/samsung/go2_ws/src/go2_simulation/install/go2_interfaces/include/go2_interfaces/go2_interfaces/msg/detail/sport_mode_cmd__struct.hpp
[71.567s] -- Installing: /home/samsung/go2_ws/src/go2_simulation/install/go2_interfaces/include/go2_interfaces/go2_interfaces/msg/detail/sport_mode_cmd__builder.hpp
[71.567s] -- Installing: /home/samsung/go2_ws/src/go2_simulation/install/go2_interfaces/include/go2_interfaces/go2_interfaces/msg/detail/audio_data__type_support.hpp
[71.567s] -- Installing: /home/samsung/go2_ws/src/go2_simulation/install/go2_interfaces/include/go2_interfaces/go2_interfaces/msg/detail/go2_front_video_data__type_support.hpp
[71.567s] -- Installing: /home/samsung/go2_ws/src/go2_simulation/install/go2_interfaces/include/go2_interfaces/go2_interfaces/msg/detail/error__struct.hpp
[71.567s] -- Installing: /home/samsung/go2_ws/src/go2_simulation/install/go2_interfaces/include/go2_interfaces/go2_interfaces/msg/detail/audio_data__struct.hpp
[71.567s] -- Installing: /home/samsung/go2_ws/src/go2_simulation/install/go2_interfaces/include/go2_interfaces/go2_interfaces/msg/detail/motor_state__traits.hpp
[71.567s] -- Installing: /home/samsung/go2_ws/src/go2_simulation/install/go2_interfaces/include/go2_interfaces/go2_interfaces/msg/detail/wireless_controller__builder.hpp
[71.567s] -- Installing: /home/samsung/go2_ws/src/go2_simulation/install/go2_interfaces/include/go2_interfaces/go2_interfaces/msg/detail/time_spec__type_support.hpp
[71.568s] -- Installing: /home/samsung/go2_ws/src/go2_simulation/install/go2_interfaces/include/go2_interfaces/go2_interfaces/msg/detail/res__struct.hpp
[71.568s] -- Installing: /home/samsung/go2_ws/src/go2_simulation/install/go2_interfaces/include/go2_interfaces/go2_interfaces/msg/detail/lidar_state__type_support.hpp
[71.568s] -- Installing: /home/samsung/go2_ws/src/go2_simulation/install/go2_interfaces/include/go2_interfaces/go2_interfaces/msg/detail/height_map__type_support.hpp
[71.568s] -- Installing: /home/samsung/go2_ws/src/go2_simulation/install/go2_interfaces/include/go2_interfaces/go2_interfaces/msg/detail/wireless_controller__traits.hpp
[71.568s] -- Installing: /home/samsung/go2_ws/src/go2_simulation/install/go2_interfaces/include/go2_interfaces/go2_interfaces/msg/detail/bms_cmd__traits.hpp
[71.568s] -- Installing: /home/samsung/go2_ws/src/go2_simulation/install/go2_interfaces/include/go2_interfaces/go2_interfaces/msg/detail/low_cmd__traits.hpp
[71.568s] -- Installing: /home/samsung/go2_ws/src/go2_simulation/install/go2_interfaces/include/go2_interfaces/go2_interfaces/msg/detail/uwb_switch__struct.hpp
[71.569s] -- Installing: /home/samsung/go2_ws/src/go2_simulation/install/go2_interfaces/include/go2_interfaces/go2_interfaces/msg/detail/interface_config__traits.hpp
[71.569s] -- Installing: /home/samsung/go2_ws/src/go2_simulation/install/go2_interfaces/include/go2_interfaces/go2_interfaces/msg/detail/time_spec__builder.hpp
[71.569s] -- Installing: /home/samsung/go2_ws/src/go2_simulation/install/go2_interfaces/include/go2_interfaces/go2_interfaces/msg/detail/req__type_support.hpp
[71.569s] -- Installing: /home/samsung/go2_ws/src/go2_simulation/install/go2_interfaces/include/go2_interfaces/go2_interfaces/msg/detail/res__traits.hpp
[71.569s] -- Installing: /home/samsung/go2_ws/src/go2_simulation/install/go2_interfaces/include/go2_interfaces/go2_interfaces/msg/detail/low_state__struct.hpp
[71.569s] -- Installing: /home/samsung/go2_ws/src/go2_simulation/install/go2_interfaces/include/go2_interfaces/go2_interfaces/msg/detail/req__builder.hpp
[71.569s] -- Installing: /home/samsung/go2_ws/src/go2_simulation/install/go2_interfaces/include/go2_interfaces/go2_interfaces/msg/detail/low_state__type_support.hpp
[71.570s] -- Installing: /home/samsung/go2_ws/src/go2_simulation/install/go2_interfaces/include/go2_interfaces/go2_interfaces/msg/detail/sport_mode_cmd__traits.hpp
[71.570s] -- Installing: /home/samsung/go2_ws/src/go2_simulation/install/go2_interfaces/include/go2_interfaces/go2_interfaces/msg/detail/go2_front_video_data__traits.hpp
[71.570s] -- Installing: /home/samsung/go2_ws/src/go2_simulation/install/go2_interfaces/include/go2_interfaces/go2_interfaces/msg/detail/height_map__traits.hpp
[71.570s] -- Installing: /home/samsung/go2_ws/src/go2_simulation/install/go2_interfaces/include/go2_interfaces/go2_interfaces/msg/detail/uwb_state__builder.hpp
[71.570s] -- Installing: /home/samsung/go2_ws/src/go2_simulation/install/go2_interfaces/include/go2_interfaces/go2_interfaces/msg/detail/uwb_switch__traits.hpp
[71.570s] -- Installing: /home/samsung/go2_ws/src/go2_simulation/install/go2_interfaces/include/go2_interfaces/go2_interfaces/msg/detail/bms_cmd__builder.hpp
[71.570s] -- Installing: /home/samsung/go2_ws/src/go2_simulation/install/go2_interfaces/include/go2_interfaces/go2_interfaces/msg/detail/time_spec__traits.hpp
[71.570s] -- Installing: /home/samsung/go2_ws/src/go2_simulation/install/go2_interfaces/include/go2_interfaces/go2_interfaces/msg/detail/bms_state__builder.hpp
[71.571s] -- Installing: /home/samsung/go2_ws/src/go2_simulation/install/go2_interfaces/include/go2_interfaces/go2_interfaces/msg/detail/audio_data__builder.hpp
[71.571s] -- Installing: /home/samsung/go2_ws/src/go2_simulation/install/go2_interfaces/include/go2_interfaces/go2_interfaces/msg/detail/motor_state__type_support.hpp
[71.571s] -- Installing: /home/samsung/go2_ws/src/go2_simulation/install/go2_interfaces/include/go2_interfaces/go2_interfaces/msg/detail/bms_state__struct.hpp
[71.571s] -- Installing: /home/samsung/go2_ws/src/go2_simulation/install/go2_interfaces/include/go2_interfaces/go2_interfaces/msg/detail/motor_cmds__traits.hpp
[71.571s] -- Installing: /home/samsung/go2_ws/src/go2_simulation/install/go2_interfaces/include/go2_interfaces/go2_interfaces/msg/lidar_state.hpp
[71.571s] -- Installing: /home/samsung/go2_ws/src/go2_simulation/install/go2_interfaces/include/go2_interfaces/go2_interfaces/msg/height_map.hpp
[71.571s] -- Installing: /home/samsung/go2_ws/src/go2_simulation/install/go2_interfaces/include/go2_interfaces/go2_interfaces/msg/uwb_state.hpp
[71.571s] -- Installing: /home/samsung/go2_ws/src/go2_simulation/install/go2_interfaces/include/go2_interfaces/go2_interfaces/msg/imu_state.hpp
[71.572s] -- Installing: /home/samsung/go2_ws/src/go2_simulation/install/go2_interfaces/include/go2_interfaces/go2_interfaces/msg/motor_state.hpp
[71.572s] -- Installing: /home/samsung/go2_ws/src/go2_simulation/install/go2_interfaces/include/go2_interfaces/go2_interfaces/msg/interface_config.hpp
[71.572s] -- Installing: /home/samsung/go2_ws/src/go2_simulation/install/go2_interfaces/include/go2_interfaces/go2_interfaces/msg/time_spec.hpp
[71.572s] -- Installing: /home/samsung/go2_ws/src/go2_simulation/install/go2_interfaces/include/go2_interfaces/go2_interfaces/msg/rosidl_generator_cpp__visibility_control.hpp
[71.572s] -- Installing: /home/samsung/go2_ws/src/go2_simulation/install/go2_interfaces/include/go2_interfaces/go2_interfaces/msg/low_cmd.hpp
[71.572s] -- Installing: /home/samsung/go2_ws/src/go2_simulation/install/go2_interfaces/include/go2_interfaces/go2_interfaces/msg/sport_mode_cmd.hpp
[71.572s] -- Installing: /home/samsung/go2_ws/src/go2_simulation/install/go2_interfaces/include/go2_interfaces/go2_interfaces/msg/path_point.hpp
[71.573s] -- Installing: /home/samsung/go2_ws/src/go2_simulation/install/go2_interfaces/include/go2_interfaces/go2_interfaces/msg/motor_cmd.hpp
[71.573s] -- Installing: /home/samsung/go2_ws/src/go2_simulation/install/go2_interfaces/include/go2_interfaces/go2_interfaces/msg/motor_states.hpp
[71.573s] -- Installing: /home/samsung/go2_ws/src/go2_simulation/install/go2_interfaces/include/go2_interfaces/go2_interfaces/msg/bms_cmd.hpp
[71.573s] -- Installing: /home/samsung/go2_ws/src/go2_simulation/install/go2_interfaces/include/go2_interfaces/go2_interfaces/msg/error.hpp
[71.573s] -- Installing: /home/samsung/go2_ws/src/go2_simulation/install/go2_interfaces/include/go2_interfaces/go2_interfaces/msg/go2_front_video_data.hpp
[71.573s] -- Installing: /home/samsung/go2_ws/src/go2_simulation/install/go2_interfaces/include/go2_interfaces/go2_interfaces/msg/bms_state.hpp
[71.573s] -- Installing: /home/samsung/go2_ws/src/go2_simulation/install/go2_interfaces/include/go2_interfaces/go2_interfaces/msg/low_state.hpp
[71.573s] -- Installing: /home/samsung/go2_ws/src/go2_simulation/install/go2_interfaces/include/go2_interfaces/go2_interfaces/msg/sport_mode_state.hpp
[71.574s] -- Installing: /home/samsung/go2_ws/src/go2_simulation/install/go2_interfaces/include/go2_interfaces/go2_interfaces/msg/motor_cmds.hpp
[71.574s] -- Installing: /home/samsung/go2_ws/src/go2_simulation/install/go2_interfaces/include/go2_interfaces/go2_interfaces/msg/audio_data.hpp
[71.574s] -- Installing: /home/samsung/go2_ws/src/go2_simulation/install/go2_interfaces/include/go2_interfaces/go2_interfaces/msg/uwb_switch.hpp
[71.574s] -- Installing: /home/samsung/go2_ws/src/go2_simulation/install/go2_interfaces/include/go2_interfaces/go2_interfaces/msg/req.hpp
[71.574s] -- Installing: /home/samsung/go2_ws/src/go2_simulation/install/go2_interfaces/include/go2_interfaces/go2_interfaces/msg/wireless_controller.hpp
[71.574s] -- Up-to-date: /home/samsung/go2_ws/src/go2_simulation/install/go2_interfaces/include/go2_interfaces/go2_interfaces
[71.574s] -- Up-to-date: /home/samsung/go2_ws/src/go2_simulation/install/go2_interfaces/include/go2_interfaces/go2_interfaces/msg
[71.575s] -- Up-to-date: /home/samsung/go2_ws/src/go2_simulation/install/go2_interfaces/include/go2_interfaces/go2_interfaces/msg/detail
[71.575s] -- Installing: /home/samsung/go2_ws/src/go2_simulation/install/go2_interfaces/include/go2_interfaces/go2_interfaces/msg/detail/low_cmd__rosidl_typesupport_fastrtps_cpp.hpp
[71.575s] -- Installing: /home/samsung/go2_ws/src/go2_simulation/install/go2_interfaces/include/go2_interfaces/go2_interfaces/msg/detail/bms_state__rosidl_typesupport_fastrtps_cpp.hpp
[71.575s] -- Installing: /home/samsung/go2_ws/src/go2_simulation/install/go2_interfaces/include/go2_interfaces/go2_interfaces/msg/detail/go2_front_video_data__rosidl_typesupport_fastrtps_cpp.hpp
[71.575s] -- Installing: /home/samsung/go2_ws/src/go2_simulation/install/go2_interfaces/include/go2_interfaces/go2_interfaces/msg/detail/motor_cmds__rosidl_typesupport_fastrtps_cpp.hpp
[71.575s] -- Installing: /home/samsung/go2_ws/src/go2_simulation/install/go2_interfaces/include/go2_interfaces/go2_interfaces/msg/detail/uwb_state__rosidl_typesupport_fastrtps_cpp.hpp
[71.575s] -- Installing: /home/samsung/go2_ws/src/go2_simulation/install/go2_interfaces/include/go2_interfaces/go2_interfaces/msg/detail/low_state__rosidl_typesupport_fastrtps_cpp.hpp
[71.575s] -- Installing: /home/samsung/go2_ws/src/go2_simulation/install/go2_interfaces/include/go2_interfaces/go2_interfaces/msg/detail/wireless_controller__rosidl_typesupport_fastrtps_cpp.hpp
[71.576s] -- Installing: /home/samsung/go2_ws/src/go2_simulation/install/go2_interfaces/include/go2_interfaces/go2_interfaces/msg/detail/motor_cmd__rosidl_typesupport_fastrtps_cpp.hpp
[71.576s] -- Installing: /home/samsung/go2_ws/src/go2_simulation/install/go2_interfaces/include/go2_interfaces/go2_interfaces/msg/detail/imu_state__rosidl_typesupport_fastrtps_cpp.hpp
[71.576s] -- Installing: /home/samsung/go2_ws/src/go2_simulation/install/go2_interfaces/include/go2_interfaces/go2_interfaces/msg/detail/sport_mode_state__rosidl_typesupport_fastrtps_cpp.hpp
[71.576s] -- Installing: /home/samsung/go2_ws/src/go2_simulation/install/go2_interfaces/include/go2_interfaces/go2_interfaces/msg/detail/error__rosidl_typesupport_fastrtps_cpp.hpp
[71.576s] -- Installing: /home/samsung/go2_ws/src/go2_simulation/install/go2_interfaces/include/go2_interfaces/go2_interfaces/msg/detail/dds_fastrtps
[71.576s] -- Installing: /home/samsung/go2_ws/src/go2_simulation/install/go2_interfaces/include/go2_interfaces/go2_interfaces/msg/detail/time_spec__rosidl_typesupport_fastrtps_cpp.hpp
[71.576s] -- Installing: /home/samsung/go2_ws/src/go2_simulation/install/go2_interfaces/include/go2_interfaces/go2_interfaces/msg/detail/req__rosidl_typesupport_fastrtps_cpp.hpp
[71.577s] -- Installing: /home/samsung/go2_ws/src/go2_simulation/install/go2_interfaces/include/go2_interfaces/go2_interfaces/msg/detail/uwb_switch__rosidl_typesupport_fastrtps_cpp.hpp
[71.577s] -- Installing: /home/samsung/go2_ws/src/go2_simulation/install/go2_interfaces/include/go2_interfaces/go2_interfaces/msg/detail/lidar_state__rosidl_typesupport_fastrtps_cpp.hpp
[71.577s] -- Installing: /home/samsung/go2_ws/src/go2_simulation/install/go2_interfaces/include/go2_interfaces/go2_interfaces/msg/detail/path_point__rosidl_typesupport_fastrtps_cpp.hpp
[71.577s] -- Installing: /home/samsung/go2_ws/src/go2_simulation/install/go2_interfaces/include/go2_interfaces/go2_interfaces/msg/detail/motor_state__rosidl_typesupport_fastrtps_cpp.hpp
[71.577s] -- Installing: /home/samsung/go2_ws/src/go2_simulation/install/go2_interfaces/include/go2_interfaces/go2_interfaces/msg/detail/res__rosidl_typesupport_fastrtps_cpp.hpp
[71.577s] -- Installing: /home/samsung/go2_ws/src/go2_simulation/install/go2_interfaces/include/go2_interfaces/go2_interfaces/msg/detail/sport_mode_cmd__rosidl_typesupport_fastrtps_cpp.hpp
[71.577s] -- Installing: /home/samsung/go2_ws/src/go2_simulation/install/go2_interfaces/include/go2_interfaces/go2_interfaces/msg/detail/audio_data__rosidl_typesupport_fastrtps_cpp.hpp
[71.578s] -- Installing: /home/samsung/go2_ws/src/go2_simulation/install/go2_interfaces/include/go2_interfaces/go2_interfaces/msg/detail/interface_config__rosidl_typesupport_fastrtps_cpp.hpp
[71.578s] -- Installing: /home/samsung/go2_ws/src/go2_simulation/install/go2_interfaces/include/go2_interfaces/go2_interfaces/msg/detail/height_map__rosidl_typesupport_fastrtps_cpp.hpp
[71.578s] -- Installing: /home/samsung/go2_ws/src/go2_simulation/install/go2_interfaces/include/go2_interfaces/go2_interfaces/msg/detail/motor_states__rosidl_typesupport_fastrtps_cpp.hpp
[71.578s] -- Installing: /home/samsung/go2_ws/src/go2_simulation/install/go2_interfaces/include/go2_interfaces/go2_interfaces/msg/detail/bms_cmd__rosidl_typesupport_fastrtps_cpp.hpp
[71.578s] -- Installing: /home/samsung/go2_ws/src/go2_simulation/install/go2_interfaces/include/go2_interfaces/go2_interfaces/msg/rosidl_typesupport_fastrtps_cpp__visibility_control.h
[71.578s] -- Installing: /home/samsung/go2_ws/src/go2_simulation/install/go2_interfaces/lib/libgo2_interfaces__rosidl_typesupport_fastrtps_cpp.so
[71.578s] -- Set non-toolchain portion of runtime path of "/home/samsung/go2_ws/src/go2_simulation/install/go2_interfaces/lib/libgo2_interfaces__rosidl_typesupport_fastrtps_cpp.so" to ""
[71.578s] -- Up-to-date: /home/samsung/go2_ws/src/go2_simulation/install/go2_interfaces/include/go2_interfaces/go2_interfaces
[71.579s] -- Up-to-date: /home/samsung/go2_ws/src/go2_simulation/install/go2_interfaces/include/go2_interfaces/go2_interfaces/msg
[71.579s] -- Up-to-date: /home/samsung/go2_ws/src/go2_simulation/install/go2_interfaces/include/go2_interfaces/go2_interfaces/msg/detail
[71.579s] -- Installing: /home/samsung/go2_ws/src/go2_simulation/install/go2_interfaces/include/go2_interfaces/go2_interfaces/msg/detail/low_state__type_support.cpp
[71.579s] -- Installing: /home/samsung/go2_ws/src/go2_simulation/install/go2_interfaces/include/go2_interfaces/go2_interfaces/msg/detail/lidar_state__rosidl_typesupport_introspection_cpp.hpp
[71.579s] -- Installing: /home/samsung/go2_ws/src/go2_simulation/install/go2_interfaces/include/go2_interfaces/go2_interfaces/msg/detail/lidar_state__type_support.cpp
[71.579s] -- Installing: /home/samsung/go2_ws/src/go2_simulation/install/go2_interfaces/include/go2_interfaces/go2_interfaces/msg/detail/sport_mode_cmd__type_support.cpp
[71.579s] -- Installing: /home/samsung/go2_ws/src/go2_simulation/install/go2_interfaces/include/go2_interfaces/go2_interfaces/msg/detail/uwb_switch__rosidl_typesupport_introspection_cpp.hpp
[71.580s] -- Installing: /home/samsung/go2_ws/src/go2_simulation/install/go2_interfaces/include/go2_interfaces/go2_interfaces/msg/detail/interface_config__type_support.cpp
[71.580s] -- Installing: /home/samsung/go2_ws/src/go2_simulation/install/go2_interfaces/include/go2_interfaces/go2_interfaces/msg/detail/time_spec__rosidl_typesupport_introspection_cpp.hpp
[71.580s] -- Installing: /home/samsung/go2_ws/src/go2_simulation/install/go2_interfaces/include/go2_interfaces/go2_interfaces/msg/detail/sport_mode_state__rosidl_typesupport_introspection_cpp.hpp
[71.580s] -- Installing: /home/samsung/go2_ws/src/go2_simulation/install/go2_interfaces/include/go2_interfaces/go2_interfaces/msg/detail/low_cmd__type_support.cpp
[71.580s] -- Installing: /home/samsung/go2_ws/src/go2_simulation/install/go2_interfaces/include/go2_interfaces/go2_interfaces/msg/detail/req__type_support.cpp
[71.580s] -- Installing: /home/samsung/go2_ws/src/go2_simulation/install/go2_interfaces/include/go2_interfaces/go2_interfaces/msg/detail/motor_states__type_support.cpp
[71.580s] -- Installing: /home/samsung/go2_ws/src/go2_simulation/install/go2_interfaces/include/go2_interfaces/go2_interfaces/msg/detail/sport_mode_cmd__rosidl_typesupport_introspection_cpp.hpp
[71.581s] -- Installing: /home/samsung/go2_ws/src/go2_simulation/install/go2_interfaces/include/go2_interfaces/go2_interfaces/msg/detail/motor_cmd__type_support.cpp
[71.581s] -- Installing: /home/samsung/go2_ws/src/go2_simulation/install/go2_interfaces/include/go2_interfaces/go2_interfaces/msg/detail/bms_cmd__rosidl_typesupport_introspection_cpp.hpp
[71.581s] -- Installing: /home/samsung/go2_ws/src/go2_simulation/install/go2_interfaces/include/go2_interfaces/go2_interfaces/msg/detail/audio_data__type_support.cpp
[71.581s] -- Installing: /home/samsung/go2_ws/src/go2_simulation/install/go2_interfaces/include/go2_interfaces/go2_interfaces/msg/detail/motor_state__type_support.cpp
[71.581s] -- Installing: /home/samsung/go2_ws/src/go2_simulation/install/go2_interfaces/include/go2_interfaces/go2_interfaces/msg/detail/motor_cmds__type_support.cpp
[71.581s] -- Installing: /home/samsung/go2_ws/src/go2_simulation/install/go2_interfaces/include/go2_interfaces/go2_interfaces/msg/detail/motor_cmds__rosidl_typesupport_introspection_cpp.hpp
[71.581s] -- Installing: /home/samsung/go2_ws/src/go2_simulation/install/go2_interfaces/include/go2_interfaces/go2_interfaces/msg/detail/imu_state__rosidl_typesupport_introspection_cpp.hpp
[71.581s] -- Installing: /home/samsung/go2_ws/src/go2_simulation/install/go2_interfaces/include/go2_interfaces/go2_interfaces/msg/detail/motor_cmd__rosidl_typesupport_introspection_cpp.hpp
[71.582s] -- Installing: /home/samsung/go2_ws/src/go2_simulation/install/go2_interfaces/include/go2_interfaces/go2_interfaces/msg/detail/res__type_support.cpp
[71.582s] -- Installing: /home/samsung/go2_ws/src/go2_simulation/install/go2_interfaces/include/go2_interfaces/go2_interfaces/msg/detail/height_map__rosidl_typesupport_introspection_cpp.hpp
[71.582s] -- Installing: /home/samsung/go2_ws/src/go2_simulation/install/go2_interfaces/include/go2_interfaces/go2_interfaces/msg/detail/motor_state__rosidl_typesupport_introspection_cpp.hpp
[71.582s] -- Installing: /home/samsung/go2_ws/src/go2_simulation/install/go2_interfaces/include/go2_interfaces/go2_interfaces/msg/detail/bms_state__rosidl_typesupport_introspection_cpp.hpp
[71.582s] -- Installing: /home/samsung/go2_ws/src/go2_simulation/install/go2_interfaces/include/go2_interfaces/go2_interfaces/msg/detail/bms_state__type_support.cpp
[71.582s] -- Installing: /home/samsung/go2_ws/src/go2_simulation/install/go2_interfaces/include/go2_interfaces/go2_interfaces/msg/detail/audio_data__rosidl_typesupport_introspection_cpp.hpp
[71.582s] -- Installing: /home/samsung/go2_ws/src/go2_simulation/install/go2_interfaces/include/go2_interfaces/go2_interfaces/msg/detail/error__rosidl_typesupport_introspection_cpp.hpp
[71.583s] -- Installing: /home/samsung/go2_ws/src/go2_simulation/install/go2_interfaces/include/go2_interfaces/go2_interfaces/msg/detail/height_map__type_support.cpp
[71.583s] -- Installing: /home/samsung/go2_ws/src/go2_simulation/install/go2_interfaces/include/go2_interfaces/go2_interfaces/msg/detail/go2_front_video_data__rosidl_typesupport_introspection_cpp.hpp
[71.583s] -- Installing: /home/samsung/go2_ws/src/go2_simulation/install/go2_interfaces/include/go2_interfaces/go2_interfaces/msg/detail/imu_state__type_support.cpp
[71.583s] -- Installing: /home/samsung/go2_ws/src/go2_simulation/install/go2_interfaces/include/go2_interfaces/go2_interfaces/msg/detail/uwb_state__rosidl_typesupport_introspection_cpp.hpp
[71.583s] -- Installing: /home/samsung/go2_ws/src/go2_simulation/install/go2_interfaces/include/go2_interfaces/go2_interfaces/msg/detail/error__type_support.cpp
[71.583s] -- Installing: /home/samsung/go2_ws/src/go2_simulation/install/go2_interfaces/include/go2_interfaces/go2_interfaces/msg/detail/res__rosidl_typesupport_introspection_cpp.hpp
[71.583s] -- Installing: /home/samsung/go2_ws/src/go2_simulation/install/go2_interfaces/include/go2_interfaces/go2_interfaces/msg/detail/wireless_controller__rosidl_typesupport_introspection_cpp.hpp
[71.584s] -- Installing: /home/samsung/go2_ws/src/go2_simulation/install/go2_interfaces/include/go2_interfaces/go2_interfaces/msg/detail/wireless_controller__type_support.cpp
[71.584s] -- Installing: /home/samsung/go2_ws/src/go2_simulation/install/go2_interfaces/include/go2_interfaces/go2_interfaces/msg/detail/motor_states__rosidl_typesupport_introspection_cpp.hpp
[71.584s] -- Installing: /home/samsung/go2_ws/src/go2_simulation/install/go2_interfaces/include/go2_interfaces/go2_interfaces/msg/detail/path_point__rosidl_typesupport_introspection_cpp.hpp
[71.584s] -- Installing: /home/samsung/go2_ws/src/go2_simulation/install/go2_interfaces/include/go2_interfaces/go2_interfaces/msg/detail/low_state__rosidl_typesupport_introspection_cpp.hpp
[71.584s] -- Installing: /home/samsung/go2_ws/src/go2_simulation/install/go2_interfaces/include/go2_interfaces/go2_interfaces/msg/detail/interface_config__rosidl_typesupport_introspection_cpp.hpp
[71.584s] -- Installing: /home/samsung/go2_ws/src/go2_simulation/install/go2_interfaces/include/go2_interfaces/go2_interfaces/msg/detail/low_cmd__rosidl_typesupport_introspection_cpp.hpp
[71.584s] -- Installing: /home/samsung/go2_ws/src/go2_simulation/install/go2_interfaces/include/go2_interfaces/go2_interfaces/msg/detail/uwb_state__type_support.cpp
[71.585s] -- Installing: /home/samsung/go2_ws/src/go2_simulation/install/go2_interfaces/include/go2_interfaces/go2_interfaces/msg/detail/req__rosidl_typesupport_introspection_cpp.hpp
[71.585s] -- Installing: /home/samsung/go2_ws/src/go2_simulation/install/go2_interfaces/include/go2_interfaces/go2_interfaces/msg/detail/bms_cmd__type_support.cpp
[71.585s] -- Installing: /home/samsung/go2_ws/src/go2_simulation/install/go2_interfaces/include/go2_interfaces/go2_interfaces/msg/detail/uwb_switch__type_support.cpp
[71.585s] -- Installing: /home/samsung/go2_ws/src/go2_simulation/install/go2_interfaces/include/go2_interfaces/go2_interfaces/msg/detail/path_point__type_support.cpp
[71.585s] -- Installing: /home/samsung/go2_ws/src/go2_simulation/install/go2_interfaces/include/go2_interfaces/go2_interfaces/msg/detail/sport_mode_state__type_support.cpp
[71.585s] -- Installing: /home/samsung/go2_ws/src/go2_simulation/install/go2_interfaces/include/go2_interfaces/go2_interfaces/msg/detail/go2_front_video_data__type_support.cpp
[71.585s] -- Installing: /home/samsung/go2_ws/src/go2_simulation/install/go2_interfaces/include/go2_interfaces/go2_interfaces/msg/detail/time_spec__type_support.cpp
[71.585s] -- Installing: /home/samsung/go2_ws/src/go2_simulation/install/go2_interfaces/lib/libgo2_interfaces__rosidl_typesupport_introspection_cpp.so
[71.586s] -- Set non-toolchain portion of runtime path of "/home/samsung/go2_ws/src/go2_simulation/install/go2_interfaces/lib/libgo2_interfaces__rosidl_typesupport_introspection_cpp.so" to ""
[71.586s] -- Installing: /home/samsung/go2_ws/src/go2_simulation/install/go2_interfaces/lib/libgo2_interfaces__rosidl_typesupport_cpp.so
[71.586s] -- Set non-toolchain portion of runtime path of "/home/samsung/go2_ws/src/go2_simulation/install/go2_interfaces/lib/libgo2_interfaces__rosidl_typesupport_cpp.so" to ""
[71.586s] -- Installing: /home/samsung/go2_ws/src/go2_simulation/install/go2_interfaces/share/go2_interfaces/environment/pythonpath.sh
[71.586s] -- Installing: /home/samsung/go2_ws/src/go2_simulation/install/go2_interfaces/share/go2_interfaces/environment/pythonpath.dsv
[71.587s] -- Installing: /home/samsung/go2_ws/src/go2_simulation/install/go2_interfaces/lib/python3.12/site-packages/go2_interfaces-0.0.0-py3.12.egg-info
[71.587s] -- Installing: /home/samsung/go2_ws/src/go2_simulation/install/go2_interfaces/lib/python3.12/site-packages/go2_interfaces-0.0.0-py3.12.egg-info/SOURCES.txt
[71.587s] -- Installing: /home/samsung/go2_ws/src/go2_simulation/install/go2_interfaces/lib/python3.12/site-packages/go2_interfaces-0.0.0-py3.12.egg-info/top_level.txt
[71.587s] -- Installing: /home/samsung/go2_ws/src/go2_simulation/install/go2_interfaces/lib/python3.12/site-packages/go2_interfaces-0.0.0-py3.12.egg-info/dependency_links.txt
[71.588s] -- Installing: /home/samsung/go2_ws/src/go2_simulation/install/go2_interfaces/lib/python3.12/site-packages/go2_interfaces-0.0.0-py3.12.egg-info/PKG-INFO
[71.588s] -- Installing: /home/samsung/go2_ws/src/go2_simulation/install/go2_interfaces/lib/python3.12/site-packages/go2_interfaces
[71.588s] -- Installing: /home/samsung/go2_ws/src/go2_simulation/install/go2_interfaces/lib/python3.12/site-packages/go2_interfaces/__init__.py
[71.588s] -- Installing: /home/samsung/go2_ws/src/go2_simulation/install/go2_interfaces/lib/python3.12/site-packages/go2_interfaces/_go2_interfaces_s.ep.rosidl_typesupport_introspection_c.c
[71.589s] -- Installing: /home/samsung/go2_ws/src/go2_simulation/install/go2_interfaces/lib/python3.12/site-packages/go2_interfaces/_go2_interfaces_s.ep.rosidl_typesupport_fastrtps_c.c
[71.589s] -- Installing: /home/samsung/go2_ws/src/go2_simulation/install/go2_interfaces/lib/python3.12/site-packages/go2_interfaces/go2_interfaces_s__rosidl_typesupport_fastrtps_c.so
[71.589s] -- Installing: /home/samsung/go2_ws/src/go2_simulation/install/go2_interfaces/lib/python3.12/site-packages/go2_interfaces/msg
[71.589s] -- Installing: /home/samsung/go2_ws/src/go2_simulation/install/go2_interfaces/lib/python3.12/site-packages/go2_interfaces/msg/_height_map_s.c
[71.589s] -- Installing: /home/samsung/go2_ws/src/go2_simulation/install/go2_interfaces/lib/python3.12/site-packages/go2_interfaces/msg/_low_state_s.c
[71.590s] -- Installing: /home/samsung/go2_ws/src/go2_simulation/install/go2_interfaces/lib/python3.12/site-packages/go2_interfaces/msg/__init__.py
[71.590s] -- Installing: /home/samsung/go2_ws/src/go2_simulation/install/go2_interfaces/lib/python3.12/site-packages/go2_interfaces/msg/_bms_cmd_s.c
[71.590s] -- Installing: /home/samsung/go2_ws/src/go2_simulation/install/go2_interfaces/lib/python3.12/site-packages/go2_interfaces/msg/_motor_states.py
[71.590s] -- Installing: /home/samsung/go2_ws/src/go2_simulation/install/go2_interfaces/lib/python3.12/site-packages/go2_interfaces/msg/_audio_data.py
[71.591s] -- Installing: /home/samsung/go2_ws/src/go2_simulation/install/go2_interfaces/lib/python3.12/site-packages/go2_interfaces/msg/_uwb_state.py
[71.591s] -- Installing: /home/samsung/go2_ws/src/go2_simulation/install/go2_interfaces/lib/python3.12/site-packages/go2_interfaces/msg/_sport_mode_cmd.py
[71.591s] -- Installing: /home/samsung/go2_ws/src/go2_simulation/install/go2_interfaces/lib/python3.12/site-packages/go2_interfaces/msg/_sport_mode_state.py
[71.592s] -- Installing: /home/samsung/go2_ws/src/go2_simulation/install/go2_interfaces/lib/python3.12/site-packages/go2_interfaces/msg/_go2_front_video_data.py
[71.592s] -- Installing: /home/samsung/go2_ws/src/go2_simulation/install/go2_interfaces/lib/python3.12/site-packages/go2_interfaces/msg/_req_s.c
[71.592s] -- Installing: /home/samsung/go2_ws/src/go2_simulation/install/go2_interfaces/lib/python3.12/site-packages/go2_interfaces/msg/_uwb_state_s.c
[71.592s] -- Installing: /home/samsung/go2_ws/src/go2_simulation/install/go2_interfaces/lib/python3.12/site-packages/go2_interfaces/msg/_uwb_switch_s.c
[71.592s] -- Installing: /home/samsung/go2_ws/src/go2_simulation/install/go2_interfaces/lib/python3.12/site-packages/go2_interfaces/msg/_bms_state_s.c
[71.593s] -- Installing: /home/samsung/go2_ws/src/go2_simulation/install/go2_interfaces/lib/python3.12/site-packages/go2_interfaces/msg/_motor_cmds.py
[71.593s] -- Installing: /home/samsung/go2_ws/src/go2_simulation/install/go2_interfaces/lib/python3.12/site-packages/go2_interfaces/msg/_time_spec_s.c
[71.593s] -- Installing: /home/samsung/go2_ws/src/go2_simulation/install/go2_interfaces/lib/python3.12/site-packages/go2_interfaces/msg/_motor_cmds_s.c
[71.593s] -- Installing: /home/samsung/go2_ws/src/go2_simulation/install/go2_interfaces/lib/python3.12/site-packages/go2_interfaces/msg/_uwb_switch.py
[71.593s] -- Installing: /home/samsung/go2_ws/src/go2_simulation/install/go2_interfaces/lib/python3.12/site-packages/go2_interfaces/msg/_interface_config.py
[71.594s] -- Installing: /home/samsung/go2_ws/src/go2_simulation/install/go2_interfaces/lib/python3.12/site-packages/go2_interfaces/msg/_bms_state.py
[71.594s] -- Installing: /home/samsung/go2_ws/src/go2_simulation/install/go2_interfaces/lib/python3.12/site-packages/go2_interfaces/msg/_motor_state_s.c
[71.594s] -- Installing: /home/samsung/go2_ws/src/go2_simulation/install/go2_interfaces/lib/python3.12/site-packages/go2_interfaces/msg/_motor_state.py
[71.594s] -- Installing: /home/samsung/go2_ws/src/go2_simulation/install/go2_interfaces/lib/python3.12/site-packages/go2_interfaces/msg/_motor_cmd_s.c
[71.595s] -- Installing: /home/samsung/go2_ws/src/go2_simulation/install/go2_interfaces/lib/python3.12/site-packages/go2_interfaces/msg/_time_spec.py
[71.595s] -- Installing: /home/samsung/go2_ws/src/go2_simulation/install/go2_interfaces/lib/python3.12/site-packages/go2_interfaces/msg/_imu_state.py
[71.595s] -- Installing: /home/samsung/go2_ws/src/go2_simulation/install/go2_interfaces/lib/python3.12/site-packages/go2_interfaces/msg/_path_point_s.c
[71.595s] -- Installing: /home/samsung/go2_ws/src/go2_simulation/install/go2_interfaces/lib/python3.12/site-packages/go2_interfaces/msg/_low_state.py
[71.596s] -- Installing: /home/samsung/go2_ws/src/go2_simulation/install/go2_interfaces/lib/python3.12/site-packages/go2_interfaces/msg/_low_cmd_s.c
[71.596s] -- Installing: /home/samsung/go2_ws/src/go2_simulation/install/go2_interfaces/lib/python3.12/site-packages/go2_interfaces/msg/_error.py
[71.596s] -- Installing: /home/samsung/go2_ws/src/go2_simulation/install/go2_interfaces/lib/python3.12/site-packages/go2_interfaces/msg/_motor_states_s.c
[71.596s] -- Installing: /home/samsung/go2_ws/src/go2_simulation/install/go2_interfaces/lib/python3.12/site-packages/go2_interfaces/msg/_imu_state_s.c
[71.596s] -- Installing: /home/samsung/go2_ws/src/go2_simulation/install/go2_interfaces/lib/python3.12/site-packages/go2_interfaces/msg/_low_cmd.py
[71.597s] -- Installing: /home/samsung/go2_ws/src/go2_simulation/install/go2_interfaces/lib/python3.12/site-packages/go2_interfaces/msg/_motor_cmd.py
[71.597s] -- Installing: /home/samsung/go2_ws/src/go2_simulation/install/go2_interfaces/lib/python3.12/site-packages/go2_interfaces/msg/_req.py
[71.597s] -- Installing: /home/samsung/go2_ws/src/go2_simulation/install/go2_interfaces/lib/python3.12/site-packages/go2_interfaces/msg/_wireless_controller.py
[71.598s] -- Installing: /home/samsung/go2_ws/src/go2_simulation/install/go2_interfaces/lib/python3.12/site-packages/go2_interfaces/msg/_lidar_state_s.c
[71.598s] -- Installing: /home/samsung/go2_ws/src/go2_simulation/install/go2_interfaces/lib/python3.12/site-packages/go2_interfaces/msg/_path_point.py
[71.598s] -- Installing: /home/samsung/go2_ws/src/go2_simulation/install/go2_interfaces/lib/python3.12/site-packages/go2_interfaces/msg/_interface_config_s.c
[71.598s] -- Installing: /home/samsung/go2_ws/src/go2_simulation/install/go2_interfaces/lib/python3.12/site-packages/go2_interfaces/msg/_sport_mode_state_s.c
[71.599s] -- Installing: /home/samsung/go2_ws/src/go2_simulation/install/go2_interfaces/lib/python3.12/site-packages/go2_interfaces/msg/_go2_front_video_data_s.c
[71.599s] -- Installing: /home/samsung/go2_ws/src/go2_simulation/install/go2_interfaces/lib/python3.12/site-packages/go2_interfaces/msg/_res.py
[71.599s] -- Installing: /home/samsung/go2_ws/src/go2_simulation/install/go2_interfaces/lib/python3.12/site-packages/go2_interfaces/msg/_audio_data_s.c
[71.599s] -- Installing: /home/samsung/go2_ws/src/go2_simulation/install/go2_interfaces/lib/python3.12/site-packages/go2_interfaces/msg/_wireless_controller_s.c
[71.599s] -- Installing: /home/samsung/go2_ws/src/go2_simulation/install/go2_interfaces/lib/python3.12/site-packages/go2_interfaces/msg/_bms_cmd.py
[71.600s] -- Installing: /home/samsung/go2_ws/src/go2_simulation/install/go2_interfaces/lib/python3.12/site-packages/go2_interfaces/msg/_res_s.c
[71.600s] -- Installing: /home/samsung/go2_ws/src/go2_simulation/install/go2_interfaces/lib/python3.12/site-packages/go2_interfaces/msg/_lidar_state.py
[71.600s] -- Installing: /home/samsung/go2_ws/src/go2_simulation/install/go2_interfaces/lib/python3.12/site-packages/go2_interfaces/msg/_height_map.py
[71.601s] -- Installing: /home/samsung/go2_ws/src/go2_simulation/install/go2_interfaces/lib/python3.12/site-packages/go2_interfaces/msg/_error_s.c
[71.601s] -- Installing: /home/samsung/go2_ws/src/go2_simulation/install/go2_interfaces/lib/python3.12/site-packages/go2_interfaces/msg/_sport_mode_cmd_s.c
[71.602s] -- Installing: /home/samsung/go2_ws/src/go2_simulation/install/go2_interfaces/lib/python3.12/site-packages/go2_interfaces/go2_interfaces_s__rosidl_typesupport_introspection_c.so
[71.602s] -- Installing: /home/samsung/go2_ws/src/go2_simulation/install/go2_interfaces/lib/python3.12/site-packages/go2_interfaces/_go2_interfaces_s.ep.rosidl_typesupport_c.c
[71.602s] -- Installing: /home/samsung/go2_ws/src/go2_simulation/install/go2_interfaces/lib/python3.12/site-packages/go2_interfaces/go2_interfaces_s__rosidl_typesupport_c.so
[71.801s] Listing '/home/samsung/go2_ws/src/go2_simulation/install/go2_interfaces/lib/python3.12/site-packages/go2_interfaces'...
[71.802s] Compiling '/home/samsung/go2_ws/src/go2_simulation/install/go2_interfaces/lib/python3.12/site-packages/go2_interfaces/__init__.py'...
[71.802s] Listing '/home/samsung/go2_ws/src/go2_simulation/install/go2_interfaces/lib/python3.12/site-packages/go2_interfaces/msg'...
[71.802s] Compiling '/home/samsung/go2_ws/src/go2_simulation/install/go2_interfaces/lib/python3.12/site-packages/go2_interfaces/msg/__init__.py'...
[71.802s] Compiling '/home/samsung/go2_ws/src/go2_simulation/install/go2_interfaces/lib/python3.12/site-packages/go2_interfaces/msg/_audio_data.py'...
[71.803s] Compiling '/home/samsung/go2_ws/src/go2_simulation/install/go2_interfaces/lib/python3.12/site-packages/go2_interfaces/msg/_bms_cmd.py'...
[71.803s] Compiling '/home/samsung/go2_ws/src/go2_simulation/install/go2_interfaces/lib/python3.12/site-packages/go2_interfaces/msg/_bms_state.py'...
[71.803s] Compiling '/home/samsung/go2_ws/src/go2_simulation/install/go2_interfaces/lib/python3.12/site-packages/go2_interfaces/msg/_error.py'...
[71.803s] Compiling '/home/samsung/go2_ws/src/go2_simulation/install/go2_interfaces/lib/python3.12/site-packages/go2_interfaces/msg/_go2_front_video_data.py'...
[71.804s] Compiling '/home/samsung/go2_ws/src/go2_simulation/install/go2_interfaces/lib/python3.12/site-packages/go2_interfaces/msg/_height_map.py'...
[71.804s] Compiling '/home/samsung/go2_ws/src/go2_simulation/install/go2_interfaces/lib/python3.12/site-packages/go2_interfaces/msg/_imu_state.py'...
[71.804s] Compiling '/home/samsung/go2_ws/src/go2_simulation/install/go2_interfaces/lib/python3.12/site-packages/go2_interfaces/msg/_interface_config.py'...
[71.804s] Compiling '/home/samsung/go2_ws/src/go2_simulation/install/go2_interfaces/lib/python3.12/site-packages/go2_interfaces/msg/_lidar_state.py'...
[71.805s] Compiling '/home/samsung/go2_ws/src/go2_simulation/install/go2_interfaces/lib/python3.12/site-packages/go2_interfaces/msg/_low_cmd.py'...
[71.805s] Compiling '/home/samsung/go2_ws/src/go2_simulation/install/go2_interfaces/lib/python3.12/site-packages/go2_interfaces/msg/_low_state.py'...
[71.805s] Compiling '/home/samsung/go2_ws/src/go2_simulation/install/go2_interfaces/lib/python3.12/site-packages/go2_interfaces/msg/_motor_cmd.py'...
[71.805s] Compiling '/home/samsung/go2_ws/src/go2_simulation/install/go2_interfaces/lib/python3.12/site-packages/go2_interfaces/msg/_motor_cmds.py'...
[71.806s] Compiling '/home/samsung/go2_ws/src/go2_simulation/install/go2_interfaces/lib/python3.12/site-packages/go2_interfaces/msg/_motor_state.py'...
[71.806s] Compiling '/home/samsung/go2_ws/src/go2_simulation/install/go2_interfaces/lib/python3.12/site-packages/go2_interfaces/msg/_motor_states.py'...
[71.806s] Compiling '/home/samsung/go2_ws/src/go2_simulation/install/go2_interfaces/lib/python3.12/site-packages/go2_interfaces/msg/_path_point.py'...
[71.806s] Compiling '/home/samsung/go2_ws/src/go2_simulation/install/go2_interfaces/lib/python3.12/site-packages/go2_interfaces/msg/_req.py'...
[71.806s] Compiling '/home/samsung/go2_ws/src/go2_simulation/install/go2_interfaces/lib/python3.12/site-packages/go2_interfaces/msg/_res.py'...
[71.807s] Compiling '/home/samsung/go2_ws/src/go2_simulation/install/go2_interfaces/lib/python3.12/site-packages/go2_interfaces/msg/_sport_mode_cmd.py'...
[71.807s] Compiling '/home/samsung/go2_ws/src/go2_simulation/install/go2_interfaces/lib/python3.12/site-packages/go2_interfaces/msg/_sport_mode_state.py'...
[71.807s] Compiling '/home/samsung/go2_ws/src/go2_simulation/install/go2_interfaces/lib/python3.12/site-packages/go2_interfaces/msg/_time_spec.py'...
[71.808s] Compiling '/home/samsung/go2_ws/src/go2_simulation/install/go2_interfaces/lib/python3.12/site-packages/go2_interfaces/msg/_uwb_state.py'...
[71.808s] Compiling '/home/samsung/go2_ws/src/go2_simulation/install/go2_interfaces/lib/python3.12/site-packages/go2_interfaces/msg/_uwb_switch.py'...
[71.808s] Compiling '/home/samsung/go2_ws/src/go2_simulation/install/go2_interfaces/lib/python3.12/site-packages/go2_interfaces/msg/_wireless_controller.py'...
[71.819s] -- Installing: /home/samsung/go2_ws/src/go2_simulation/install/go2_interfaces/lib/python3.12/site-packages/go2_interfaces/go2_interfaces_s__rosidl_typesupport_fastrtps_c.so
[71.820s] -- Set non-toolchain portion of runtime path of "/home/samsung/go2_ws/src/go2_simulation/install/go2_interfaces/lib/python3.12/site-packages/go2_interfaces/go2_interfaces_s__rosidl_typesupport_fastrtps_c.so" to ""
[71.821s] -- Installing: /home/samsung/go2_ws/src/go2_simulation/install/go2_interfaces/lib/python3.12/site-packages/go2_interfaces/go2_interfaces_s__rosidl_typesupport_introspection_c.so
[71.822s] -- Set non-toolchain portion of runtime path of "/home/samsung/go2_ws/src/go2_simulation/install/go2_interfaces/lib/python3.12/site-packages/go2_interfaces/go2_interfaces_s__rosidl_typesupport_introspection_c.so" to ""
[71.823s] -- Installing: /home/samsung/go2_ws/src/go2_simulation/install/go2_interfaces/lib/python3.12/site-packages/go2_interfaces/go2_interfaces_s__rosidl_typesupport_c.so
[71.824s] -- Set non-toolchain portion of runtime path of "/home/samsung/go2_ws/src/go2_simulation/install/go2_interfaces/lib/python3.12/site-packages/go2_interfaces/go2_interfaces_s__rosidl_typesupport_c.so" to ""
[71.825s] -- Installing: /home/samsung/go2_ws/src/go2_simulation/install/go2_interfaces/lib/libgo2_interfaces__rosidl_generator_py.so
[71.827s] -- Set non-toolchain portion of runtime path of "/home/samsung/go2_ws/src/go2_simulation/install/go2_interfaces/lib/libgo2_interfaces__rosidl_generator_py.so" to ""
[71.827s] -- Installing: /home/samsung/go2_ws/src/go2_simulation/install/go2_interfaces/share/go2_interfaces/msg/AudioData.idl
[71.830s] -- Installing: /home/samsung/go2_ws/src/go2_simulation/install/go2_interfaces/share/go2_interfaces/msg/BmsCmd.idl
[71.830s] -- Installing: /home/samsung/go2_ws/src/go2_simulation/install/go2_interfaces/share/go2_interfaces/msg/BmsState.idl
[71.831s] -- Installing: /home/samsung/go2_ws/src/go2_simulation/install/go2_interfaces/share/go2_interfaces/msg/Error.idl
[71.831s] -- Installing: /home/samsung/go2_ws/src/go2_simulation/install/go2_interfaces/share/go2_interfaces/msg/Go2FrontVideoData.idl
[71.831s] -- Installing: /home/samsung/go2_ws/src/go2_simulation/install/go2_interfaces/share/go2_interfaces/msg/HeightMap.idl
[71.832s] -- Installing: /home/samsung/go2_ws/src/go2_simulation/install/go2_interfaces/share/go2_interfaces/msg/IMUState.idl
[71.833s] -- Installing: /home/samsung/go2_ws/src/go2_simulation/install/go2_interfaces/share/go2_interfaces/msg/InterfaceConfig.idl
[71.833s] -- Installing: /home/samsung/go2_ws/src/go2_simulation/install/go2_interfaces/share/go2_interfaces/msg/LidarState.idl
[71.834s] -- Installing: /home/samsung/go2_ws/src/go2_simulation/install/go2_interfaces/share/go2_interfaces/msg/LowCmd.idl
[71.834s] -- Installing: /home/samsung/go2_ws/src/go2_simulation/install/go2_interfaces/share/go2_interfaces/msg/LowState.idl
[71.835s] -- Installing: /home/samsung/go2_ws/src/go2_simulation/install/go2_interfaces/share/go2_interfaces/msg/MotorCmd.idl
[71.835s] -- Installing: /home/samsung/go2_ws/src/go2_simulation/install/go2_interfaces/share/go2_interfaces/msg/MotorCmds.idl
[71.835s] -- Installing: /home/samsung/go2_ws/src/go2_simulation/install/go2_interfaces/share/go2_interfaces/msg/MotorState.idl
[71.836s] -- Installing: /home/samsung/go2_ws/src/go2_simulation/install/go2_interfaces/share/go2_interfaces/msg/MotorStates.idl
[71.836s] -- Installing: /home/samsung/go2_ws/src/go2_simulation/install/go2_interfaces/share/go2_interfaces/msg/PathPoint.idl
[71.837s] -- Installing: /home/samsung/go2_ws/src/go2_simulation/install/go2_interfaces/share/go2_interfaces/msg/Req.idl
[71.837s] -- Installing: /home/samsung/go2_ws/src/go2_simulation/install/go2_interfaces/share/go2_interfaces/msg/Res.idl
[71.838s] -- Installing: /home/samsung/go2_ws/src/go2_simulation/install/go2_interfaces/share/go2_interfaces/msg/SportModeCmd.idl
[71.838s] -- Installing: /home/samsung/go2_ws/src/go2_simulation/install/go2_interfaces/share/go2_interfaces/msg/SportModeState.idl
[71.839s] -- Installing: /home/samsung/go2_ws/src/go2_simulation/install/go2_interfaces/share/go2_interfaces/msg/TimeSpec.idl
[71.839s] -- Installing: /home/samsung/go2_ws/src/go2_simulation/install/go2_interfaces/share/go2_interfaces/msg/UwbState.idl
[71.839s] -- Installing: /home/samsung/go2_ws/src/go2_simulation/install/go2_interfaces/share/go2_interfaces/msg/UwbSwitch.idl
[71.840s] -- Installing: /home/samsung/go2_ws/src/go2_simulation/install/go2_interfaces/share/go2_interfaces/msg/WirelessController.idl
[71.840s] -- Installing: /home/samsung/go2_ws/src/go2_simulation/install/go2_interfaces/share/go2_interfaces/msg/AudioData.msg
[71.841s] -- Installing: /home/samsung/go2_ws/src/go2_simulation/install/go2_interfaces/share/go2_interfaces/msg/BmsCmd.msg
[71.841s] -- Installing: /home/samsung/go2_ws/src/go2_simulation/install/go2_interfaces/share/go2_interfaces/msg/BmsState.msg
[71.842s] -- Installing: /home/samsung/go2_ws/src/go2_simulation/install/go2_interfaces/share/go2_interfaces/msg/Error.msg
[71.843s] -- Installing: /home/samsung/go2_ws/src/go2_simulation/install/go2_interfaces/share/go2_interfaces/msg/Go2FrontVideoData.msg
[71.843s] -- Installing: /home/samsung/go2_ws/src/go2_simulation/install/go2_interfaces/share/go2_interfaces/msg/HeightMap.msg
[71.844s] -- Installing: /home/samsung/go2_ws/src/go2_simulation/install/go2_interfaces/share/go2_interfaces/msg/IMUState.msg
[71.844s] -- Installing: /home/samsung/go2_ws/src/go2_simulation/install/go2_interfaces/share/go2_interfaces/msg/InterfaceConfig.msg
[71.845s] -- Installing: /home/samsung/go2_ws/src/go2_simulation/install/go2_interfaces/share/go2_interfaces/msg/LidarState.msg
[71.845s] -- Installing: /home/samsung/go2_ws/src/go2_simulation/install/go2_interfaces/share/go2_interfaces/msg/LowCmd.msg
[71.846s] -- Installing: /home/samsung/go2_ws/src/go2_simulation/install/go2_interfaces/share/go2_interfaces/msg/LowState.msg
[71.846s] -- Installing: /home/samsung/go2_ws/src/go2_simulation/install/go2_interfaces/share/go2_interfaces/msg/MotorCmd.msg
[71.847s] -- Installing: /home/samsung/go2_ws/src/go2_simulation/install/go2_interfaces/share/go2_interfaces/msg/MotorCmds.msg
[71.847s] -- Installing: /home/samsung/go2_ws/src/go2_simulation/install/go2_interfaces/share/go2_interfaces/msg/MotorState.msg
[71.848s] -- Installing: /home/samsung/go2_ws/src/go2_simulation/install/go2_interfaces/share/go2_interfaces/msg/MotorStates.msg
[71.848s] -- Installing: /home/samsung/go2_ws/src/go2_simulation/install/go2_interfaces/share/go2_interfaces/msg/PathPoint.msg
[71.849s] -- Installing: /home/samsung/go2_ws/src/go2_simulation/install/go2_interfaces/share/go2_interfaces/msg/Req.msg
[71.849s] -- Installing: /home/samsung/go2_ws/src/go2_simulation/install/go2_interfaces/share/go2_interfaces/msg/Res.msg
[71.850s] -- Installing: /home/samsung/go2_ws/src/go2_simulation/install/go2_interfaces/share/go2_interfaces/msg/SportModeCmd.msg
[71.851s] -- Installing: /home/samsung/go2_ws/src/go2_simulation/install/go2_interfaces/share/go2_interfaces/msg/SportModeState.msg
[71.851s] -- Installing: /home/samsung/go2_ws/src/go2_simulation/install/go2_interfaces/share/go2_interfaces/msg/TimeSpec.msg
[71.852s] -- Installing: /home/samsung/go2_ws/src/go2_simulation/install/go2_interfaces/share/go2_interfaces/msg/UwbState.msg
[71.853s] -- Installing: /home/samsung/go2_ws/src/go2_simulation/install/go2_interfaces/share/go2_interfaces/msg/UwbSwitch.msg
[71.853s] -- Installing: /home/samsung/go2_ws/src/go2_simulation/install/go2_interfaces/share/go2_interfaces/msg/WirelessController.msg
[71.854s] -- Installing: /home/samsung/go2_ws/src/go2_simulation/install/go2_interfaces/share/ament_index/resource_index/package_run_dependencies/go2_interfaces
[71.855s] -- Installing: /home/samsung/go2_ws/src/go2_simulation/install/go2_interfaces/share/ament_index/resource_index/parent_prefix_path/go2_interfaces
[71.855s] -- Installing: /home/samsung/go2_ws/src/go2_simulation/install/go2_interfaces/share/go2_interfaces/environment/ament_prefix_path.sh
[71.856s] -- Installing: /home/samsung/go2_ws/src/go2_simulation/install/go2_interfaces/share/go2_interfaces/environment/ament_prefix_path.dsv
[71.856s] -- Installing: /home/samsung/go2_ws/src/go2_simulation/install/go2_interfaces/share/go2_interfaces/environment/path.sh
[71.856s] -- Installing: /home/samsung/go2_ws/src/go2_simulation/install/go2_interfaces/share/go2_interfaces/environment/path.dsv
[71.857s] -- Installing: /home/samsung/go2_ws/src/go2_simulation/install/go2_interfaces/share/go2_interfaces/local_setup.bash
[71.858s] -- Installing: /home/samsung/go2_ws/src/go2_simulation/install/go2_interfaces/share/go2_interfaces/local_setup.sh
[71.858s] -- Installing: /home/samsung/go2_ws/src/go2_simulation/install/go2_interfaces/share/go2_interfaces/local_setup.zsh
[71.859s] -- Installing: /home/samsung/go2_ws/src/go2_simulation/install/go2_interfaces/share/go2_interfaces/local_setup.dsv
[71.859s] -- Installing: /home/samsung/go2_ws/src/go2_simulation/install/go2_interfaces/share/go2_interfaces/package.dsv
[71.860s] -- Installing: /home/samsung/go2_ws/src/go2_simulation/install/go2_interfaces/share/ament_index/resource_index/packages/go2_interfaces
[71.861s] -- Installing: /home/samsung/go2_ws/src/go2_simulation/install/go2_interfaces/share/go2_interfaces/cmake/export_go2_interfaces__rosidl_generator_cExport.cmake
[71.861s] -- Installing: /home/samsung/go2_ws/src/go2_simulation/install/go2_interfaces/share/go2_interfaces/cmake/export_go2_interfaces__rosidl_generator_cExport-noconfig.cmake
[71.862s] -- Installing: /home/samsung/go2_ws/src/go2_simulation/install/go2_interfaces/share/go2_interfaces/cmake/export_go2_interfaces__rosidl_typesupport_fastrtps_cExport.cmake
[71.862s] -- Installing: /home/samsung/go2_ws/src/go2_simulation/install/go2_interfaces/share/go2_interfaces/cmake/export_go2_interfaces__rosidl_typesupport_fastrtps_cExport-noconfig.cmake
[71.862s] -- Installing: /home/samsung/go2_ws/src/go2_simulation/install/go2_interfaces/share/go2_interfaces/cmake/go2_interfaces__rosidl_typesupport_introspection_cExport.cmake
[71.863s] -- Installing: /home/samsung/go2_ws/src/go2_simulation/install/go2_interfaces/share/go2_interfaces/cmake/go2_interfaces__rosidl_typesupport_introspection_cExport-noconfig.cmake
[71.864s] -- Installing: /home/samsung/go2_ws/src/go2_simulation/install/go2_interfaces/share/go2_interfaces/cmake/go2_interfaces__rosidl_typesupport_cExport.cmake
[71.864s] -- Installing: /home/samsung/go2_ws/src/go2_simulation/install/go2_interfaces/share/go2_interfaces/cmake/go2_interfaces__rosidl_typesupport_cExport-noconfig.cmake
[71.865s] -- Installing: /home/samsung/go2_ws/src/go2_simulation/install/go2_interfaces/share/go2_interfaces/cmake/export_go2_interfaces__rosidl_generator_cppExport.cmake
[71.865s] -- Installing: /home/samsung/go2_ws/src/go2_simulation/install/go2_interfaces/share/go2_interfaces/cmake/export_go2_interfaces__rosidl_typesupport_fastrtps_cppExport.cmake
[71.866s] -- Installing: /home/samsung/go2_ws/src/go2_simulation/install/go2_interfaces/share/go2_interfaces/cmake/export_go2_interfaces__rosidl_typesupport_fastrtps_cppExport-noconfig.cmake
[71.867s] -- Installing: /home/samsung/go2_ws/src/go2_simulation/install/go2_interfaces/share/go2_interfaces/cmake/go2_interfaces__rosidl_typesupport_introspection_cppExport.cmake
[71.867s] -- Installing: /home/samsung/go2_ws/src/go2_simulation/install/go2_interfaces/share/go2_interfaces/cmake/go2_interfaces__rosidl_typesupport_introspection_cppExport-noconfig.cmake
[71.868s] -- Installing: /home/samsung/go2_ws/src/go2_simulation/install/go2_interfaces/share/go2_interfaces/cmake/go2_interfaces__rosidl_typesupport_cppExport.cmake
[71.868s] -- Installing: /home/samsung/go2_ws/src/go2_simulation/install/go2_interfaces/share/go2_interfaces/cmake/go2_interfaces__rosidl_typesupport_cppExport-noconfig.cmake
[71.869s] -- Installing: /home/samsung/go2_ws/src/go2_simulation/install/go2_interfaces/share/go2_interfaces/cmake/export_go2_interfaces__rosidl_generator_pyExport.cmake
[71.870s] -- Installing: /home/samsung/go2_ws/src/go2_simulation/install/go2_interfaces/share/go2_interfaces/cmake/export_go2_interfaces__rosidl_generator_pyExport-noconfig.cmake
[71.870s] -- Installing: /home/samsung/go2_ws/src/go2_simulation/install/go2_interfaces/share/go2_interfaces/cmake/rosidl_cmake-extras.cmake
[71.871s] -- Installing: /home/samsung/go2_ws/src/go2_simulation/install/go2_interfaces/share/go2_interfaces/cmake/ament_cmake_export_include_directories-extras.cmake
[71.872s] -- Installing: /home/samsung/go2_ws/src/go2_simulation/install/go2_interfaces/share/go2_interfaces/cmake/ament_cmake_export_libraries-extras.cmake
[71.872s] -- Installing: /home/samsung/go2_ws/src/go2_simulation/install/go2_interfaces/share/go2_interfaces/cmake/ament_cmake_export_targets-extras.cmake
[71.873s] -- Installing: /home/samsung/go2_ws/src/go2_simulation/install/go2_interfaces/share/go2_interfaces/cmake/rosidl_cmake_export_typesupport_targets-extras.cmake
[71.873s] -- Installing: /home/samsung/go2_ws/src/go2_simulation/install/go2_interfaces/share/go2_interfaces/cmake/ament_cmake_export_dependencies-extras.cmake
[71.874s] -- Installing: /home/samsung/go2_ws/src/go2_simulation/install/go2_interfaces/share/go2_interfaces/cmake/rosidl_cmake_export_typesupport_libraries-extras.cmake
[71.874s] -- Installing: /home/samsung/go2_ws/src/go2_simulation/install/go2_interfaces/share/go2_interfaces/cmake/go2_interfacesConfig.cmake
[71.875s] -- Installing: /home/samsung/go2_ws/src/go2_simulation/install/go2_interfaces/share/go2_interfaces/cmake/go2_interfacesConfig-version.cmake
[71.875s] -- Installing: /home/samsung/go2_ws/src/go2_simulation/install/go2_interfaces/share/go2_interfaces/package.xml
[71.881s] Invoked command in '/home/samsung/go2_ws/src/go2_simulation/build/go2_interfaces' returned '0': CMAKE_PREFIX_PATH=${CMAKE_PREFIX_PATH}:/opt/ros/jazzy DEBUGINFOD_URLS=https://debuginfod.ubuntu.com /usr/bin/cmake --install /home/samsung/go2_ws/src/go2_simulation/build/go2_interfaces
